"","sub","decision","grupo","agent","AIM_2","success","c.tasa_fallo_other","c.tasa_fallo_self","c.zeros_other","c.zeros_self","c.reward","c.effort","c.trail","c.AIM_num","c.AIM_3","c.AIM_4"
"1","155","1","0","0","2",0,-0.1279584468499,-0.948904038802791,-0.455418664291706,-0.737508737051909,-1.22459298388913,-1.34147440207727,-1.69612421186648,0.31780716904046,0.0675649386032631,0.507013405506412
"2","155","1","0","0","2",0,-0.1279584468499,-0.948904038802791,-0.455418664291706,-0.737508737051909,0,-1.34147440207727,-1.62394871348918,0.31780716904046,0.0675649386032631,0.507013405506412
"3","155","1","0","0","2",0,-0.1279584468499,-0.948904038802791,-0.455418664291706,-0.737508737051909,1.22459298388913,-1.34147440207727,-1.55177321511189,0.31780716904046,0.0675649386032631,0.507013405506412
"4","155","1","0","0","2",0,-0.1279584468499,-0.948904038802791,-0.455418664291706,-0.737508737051909,-1.22459298388913,-0.447158134025757,-1.47959771673459,0.31780716904046,0.0675649386032631,0.507013405506412
"5","155","1","0","0","2",0,-0.1279584468499,-0.948904038802791,-0.455418664291706,-0.737508737051909,0,-0.447158134025757,-1.40742221835729,0.31780716904046,0.0675649386032631,0.507013405506412
"6","155","1","0","0","2",0,-0.1279584468499,-0.948904038802791,-0.455418664291706,-0.737508737051909,1.22459298388913,-0.447158134025757,-1.33524671998,0.31780716904046,0.0675649386032631,0.507013405506412
"7","155","1","0","0","2",0,-0.1279584468499,-0.948904038802791,-0.455418664291706,-0.737508737051909,-1.22459298388913,0.447158134025757,-1.2630712216027,0.31780716904046,0.0675649386032631,0.507013405506412
"8","155","1","0","0","2",0,-0.1279584468499,-0.948904038802791,-0.455418664291706,-0.737508737051909,0,0.447158134025757,-1.1908957232254,0.31780716904046,0.0675649386032631,0.507013405506412
"9","155","1","0","0","2",0,-0.1279584468499,-0.948904038802791,-0.455418664291706,-0.737508737051909,1.22459298388913,0.447158134025757,-1.1187202248481,0.31780716904046,0.0675649386032631,0.507013405506412
"10","155","1","0","0","2",0,-0.1279584468499,-0.948904038802791,-0.455418664291706,-0.737508737051909,-1.22459298388913,1.34147440207727,-1.04654472647081,0.31780716904046,0.0675649386032631,0.507013405506412
"11","155","1","0","0","2",0,-0.1279584468499,-0.948904038802791,-0.455418664291706,-0.737508737051909,0,1.34147440207727,-0.97436922809351,0.31780716904046,0.0675649386032631,0.507013405506412
"12","155","1","0","0","2",0,-0.1279584468499,-0.948904038802791,-0.455418664291706,-0.737508737051909,1.22459298388913,1.34147440207727,-0.902193729716213,0.31780716904046,0.0675649386032631,0.507013405506412
"13","155","1","0","0","2",0,-0.1279584468499,-0.948904038802791,-0.455418664291706,-0.737508737051909,-1.22459298388913,-1.34147440207727,-0.830018231338916,0.31780716904046,0.0675649386032631,0.507013405506412
"14","155","1","0","0","2",0,-0.1279584468499,-0.948904038802791,-0.455418664291706,-0.737508737051909,0,-1.34147440207727,-0.757842732961619,0.31780716904046,0.0675649386032631,0.507013405506412
"15","155","1","0","0","2",0,-0.1279584468499,-0.948904038802791,-0.455418664291706,-0.737508737051909,1.22459298388913,-1.34147440207727,-0.685667234584322,0.31780716904046,0.0675649386032631,0.507013405506412
"16","155","1","0","0","2",0,-0.1279584468499,-0.948904038802791,-0.455418664291706,-0.737508737051909,-1.22459298388913,-0.447158134025757,-0.613491736207025,0.31780716904046,0.0675649386032631,0.507013405506412
"17","155","1","0","0","2",0,-0.1279584468499,-0.948904038802791,-0.455418664291706,-0.737508737051909,0,-0.447158134025757,-0.541316237829728,0.31780716904046,0.0675649386032631,0.507013405506412
"18","155","1","0","0","2",0,-0.1279584468499,-0.948904038802791,-0.455418664291706,-0.737508737051909,1.22459298388913,-0.447158134025757,-0.469140739452431,0.31780716904046,0.0675649386032631,0.507013405506412
"19","155","1","0","0","2",0,-0.1279584468499,-0.948904038802791,-0.455418664291706,-0.737508737051909,-1.22459298388913,0.447158134025757,-0.396965241075134,0.31780716904046,0.0675649386032631,0.507013405506412
"20","155","1","0","0","2",0,-0.1279584468499,-0.948904038802791,-0.455418664291706,-0.737508737051909,0,0.447158134025757,-0.324789742697837,0.31780716904046,0.0675649386032631,0.507013405506412
"21","155","1","0","0","2",0,-0.1279584468499,-0.948904038802791,-0.455418664291706,-0.737508737051909,1.22459298388913,0.447158134025757,-0.25261424432054,0.31780716904046,0.0675649386032631,0.507013405506412
"22","155","1","0","0","2",0,-0.1279584468499,-0.948904038802791,-0.455418664291706,-0.737508737051909,-1.22459298388913,1.34147440207727,-0.180438745943243,0.31780716904046,0.0675649386032631,0.507013405506412
"23","155","1","0","0","2",0,-0.1279584468499,-0.948904038802791,-0.455418664291706,-0.737508737051909,0,1.34147440207727,-0.108263247565946,0.31780716904046,0.0675649386032631,0.507013405506412
"24","155","1","0","0","2",0,-0.1279584468499,-0.948904038802791,-0.455418664291706,-0.737508737051909,1.22459298388913,1.34147440207727,-0.0360877491886485,0.31780716904046,0.0675649386032631,0.507013405506412
"25","155","1","0","1","2",0,-0.1279584468499,-0.948904038802791,-0.455418664291706,-0.737508737051909,-1.22459298388913,-1.34147440207727,0.0360877491886485,0.31780716904046,0.0675649386032631,0.507013405506412
"26","155","1","0","1","2",0,-0.1279584468499,-0.948904038802791,-0.455418664291706,-0.737508737051909,0,-1.34147440207727,0.108263247565946,0.31780716904046,0.0675649386032631,0.507013405506412
"27","155","1","0","1","2",0,-0.1279584468499,-0.948904038802791,-0.455418664291706,-0.737508737051909,1.22459298388913,-1.34147440207727,0.180438745943243,0.31780716904046,0.0675649386032631,0.507013405506412
"28","155","1","0","1","2",0,-0.1279584468499,-0.948904038802791,-0.455418664291706,-0.737508737051909,-1.22459298388913,-0.447158134025757,0.25261424432054,0.31780716904046,0.0675649386032631,0.507013405506412
"29","155","1","0","1","2",0,-0.1279584468499,-0.948904038802791,-0.455418664291706,-0.737508737051909,0,-0.447158134025757,0.324789742697837,0.31780716904046,0.0675649386032631,0.507013405506412
"30","155","1","0","1","2",0,-0.1279584468499,-0.948904038802791,-0.455418664291706,-0.737508737051909,1.22459298388913,-0.447158134025757,0.396965241075134,0.31780716904046,0.0675649386032631,0.507013405506412
"31","155","1","0","1","2",0,-0.1279584468499,-0.948904038802791,-0.455418664291706,-0.737508737051909,-1.22459298388913,0.447158134025757,0.469140739452431,0.31780716904046,0.0675649386032631,0.507013405506412
"32","155","1","0","1","2",0,-0.1279584468499,-0.948904038802791,-0.455418664291706,-0.737508737051909,0,0.447158134025757,0.541316237829728,0.31780716904046,0.0675649386032631,0.507013405506412
"33","155","0","0","1","2",0,-0.1279584468499,-0.948904038802791,-0.455418664291706,-0.737508737051909,1.22459298388913,0.447158134025757,0.613491736207025,0.31780716904046,0.0675649386032631,0.507013405506412
"34","155","1","0","1","2",0,-0.1279584468499,-0.948904038802791,-0.455418664291706,-0.737508737051909,-1.22459298388913,1.34147440207727,0.685667234584322,0.31780716904046,0.0675649386032631,0.507013405506412
"35","155","0","0","1","2",0,-0.1279584468499,-0.948904038802791,-0.455418664291706,-0.737508737051909,0,1.34147440207727,0.757842732961619,0.31780716904046,0.0675649386032631,0.507013405506412
"36","155","1","0","1","2",0,-0.1279584468499,-0.948904038802791,-0.455418664291706,-0.737508737051909,1.22459298388913,1.34147440207727,0.830018231338916,0.31780716904046,0.0675649386032631,0.507013405506412
"37","155","1","0","1","2",0,-0.1279584468499,-0.948904038802791,-0.455418664291706,-0.737508737051909,-1.22459298388913,-1.34147440207727,0.902193729716213,0.31780716904046,0.0675649386032631,0.507013405506412
"38","155","1","0","1","2",0,-0.1279584468499,-0.948904038802791,-0.455418664291706,-0.737508737051909,0,-1.34147440207727,0.97436922809351,0.31780716904046,0.0675649386032631,0.507013405506412
"39","155","1","0","1","2",0,-0.1279584468499,-0.948904038802791,-0.455418664291706,-0.737508737051909,1.22459298388913,-1.34147440207727,1.04654472647081,0.31780716904046,0.0675649386032631,0.507013405506412
"40","155","1","0","1","2",0,-0.1279584468499,-0.948904038802791,-0.455418664291706,-0.737508737051909,-1.22459298388913,-0.447158134025757,1.1187202248481,0.31780716904046,0.0675649386032631,0.507013405506412
"41","155","1","0","1","2",0,-0.1279584468499,-0.948904038802791,-0.455418664291706,-0.737508737051909,0,-0.447158134025757,1.1908957232254,0.31780716904046,0.0675649386032631,0.507013405506412
"43","155","1","0","1","2",0,-0.1279584468499,-0.948904038802791,-0.455418664291706,-0.737508737051909,-1.22459298388913,0.447158134025757,1.33524671998,0.31780716904046,0.0675649386032631,0.507013405506412
"44","155","1","0","1","2",0,-0.1279584468499,-0.948904038802791,-0.455418664291706,-0.737508737051909,0,0.447158134025757,1.40742221835729,0.31780716904046,0.0675649386032631,0.507013405506412
"45","155","1","0","1","2",0,-0.1279584468499,-0.948904038802791,-0.455418664291706,-0.737508737051909,1.22459298388913,0.447158134025757,1.47959771673459,0.31780716904046,0.0675649386032631,0.507013405506412
"46","155","1","0","1","2",1,-0.1279584468499,-0.948904038802791,-0.455418664291706,-0.737508737051909,-1.22459298388913,1.34147440207727,1.55177321511189,0.31780716904046,0.0675649386032631,0.507013405506412
"47","155","1","0","1","2",0,-0.1279584468499,-0.948904038802791,-0.455418664291706,-0.737508737051909,0,1.34147440207727,1.62394871348918,0.31780716904046,0.0675649386032631,0.507013405506412
"48","155","1","0","1","2",0,-0.1279584468499,-0.948904038802791,-0.455418664291706,-0.737508737051909,1.22459298388913,1.34147440207727,1.69612421186648,0.31780716904046,0.0675649386032631,0.507013405506412
"49","332","1","1","0","1",0,0.573975003720138,-0.465002765346231,0.670210257566974,-0.737508737051909,-1.22459298388913,-1.34147440207727,-1.69612421186648,-0.302304380306779,0.0675649386032631,-0.355988135781098
"50","332","1","1","0","1",0,0.573975003720138,-0.465002765346231,0.670210257566974,-0.737508737051909,0,-1.34147440207727,-1.62394871348918,-0.302304380306779,0.0675649386032631,-0.355988135781098
"51","332","1","1","0","1",0,0.573975003720138,-0.465002765346231,0.670210257566974,-0.737508737051909,1.22459298388913,-1.34147440207727,-1.55177321511189,-0.302304380306779,0.0675649386032631,-0.355988135781098
"52","332","1","1","0","1",0,0.573975003720138,-0.465002765346231,0.670210257566974,-0.737508737051909,-1.22459298388913,-0.447158134025757,-1.47959771673459,-0.302304380306779,0.0675649386032631,-0.355988135781098
"53","332","1","1","0","1",0,0.573975003720138,-0.465002765346231,0.670210257566974,-0.737508737051909,0,-0.447158134025757,-1.40742221835729,-0.302304380306779,0.0675649386032631,-0.355988135781098
"54","332","1","1","0","1",0,0.573975003720138,-0.465002765346231,0.670210257566974,-0.737508737051909,1.22459298388913,-0.447158134025757,-1.33524671998,-0.302304380306779,0.0675649386032631,-0.355988135781098
"55","332","1","1","0","1",0,0.573975003720138,-0.465002765346231,0.670210257566974,-0.737508737051909,-1.22459298388913,0.447158134025757,-1.2630712216027,-0.302304380306779,0.0675649386032631,-0.355988135781098
"56","332","1","1","0","1",0,0.573975003720138,-0.465002765346231,0.670210257566974,-0.737508737051909,0,0.447158134025757,-1.1908957232254,-0.302304380306779,0.0675649386032631,-0.355988135781098
"57","332","1","1","0","1",0,0.573975003720138,-0.465002765346231,0.670210257566974,-0.737508737051909,1.22459298388913,0.447158134025757,-1.1187202248481,-0.302304380306779,0.0675649386032631,-0.355988135781098
"58","332","1","1","0","1",0,0.573975003720138,-0.465002765346231,0.670210257566974,-0.737508737051909,-1.22459298388913,1.34147440207727,-1.04654472647081,-0.302304380306779,0.0675649386032631,-0.355988135781098
"59","332","1","1","0","1",0,0.573975003720138,-0.465002765346231,0.670210257566974,-0.737508737051909,0,1.34147440207727,-0.97436922809351,-0.302304380306779,0.0675649386032631,-0.355988135781098
"60","332","1","1","0","1",0,0.573975003720138,-0.465002765346231,0.670210257566974,-0.737508737051909,1.22459298388913,1.34147440207727,-0.902193729716213,-0.302304380306779,0.0675649386032631,-0.355988135781098
"61","332","1","1","0","1",0,0.573975003720138,-0.465002765346231,0.670210257566974,-0.737508737051909,-1.22459298388913,-1.34147440207727,-0.830018231338916,-0.302304380306779,0.0675649386032631,-0.355988135781098
"62","332","1","1","0","1",0,0.573975003720138,-0.465002765346231,0.670210257566974,-0.737508737051909,0,-1.34147440207727,-0.757842732961619,-0.302304380306779,0.0675649386032631,-0.355988135781098
"63","332","1","1","0","1",0,0.573975003720138,-0.465002765346231,0.670210257566974,-0.737508737051909,1.22459298388913,-1.34147440207727,-0.685667234584322,-0.302304380306779,0.0675649386032631,-0.355988135781098
"64","332","1","1","0","1",0,0.573975003720138,-0.465002765346231,0.670210257566974,-0.737508737051909,-1.22459298388913,-0.447158134025757,-0.613491736207025,-0.302304380306779,0.0675649386032631,-0.355988135781098
"65","332","1","1","0","1",0,0.573975003720138,-0.465002765346231,0.670210257566974,-0.737508737051909,0,-0.447158134025757,-0.541316237829728,-0.302304380306779,0.0675649386032631,-0.355988135781098
"66","332","1","1","0","1",0,0.573975003720138,-0.465002765346231,0.670210257566974,-0.737508737051909,1.22459298388913,-0.447158134025757,-0.469140739452431,-0.302304380306779,0.0675649386032631,-0.355988135781098
"67","332","1","1","0","1",0,0.573975003720138,-0.465002765346231,0.670210257566974,-0.737508737051909,-1.22459298388913,0.447158134025757,-0.396965241075134,-0.302304380306779,0.0675649386032631,-0.355988135781098
"68","332","1","1","0","1",0,0.573975003720138,-0.465002765346231,0.670210257566974,-0.737508737051909,0,0.447158134025757,-0.324789742697837,-0.302304380306779,0.0675649386032631,-0.355988135781098
"69","332","1","1","0","1",1,0.573975003720138,-0.465002765346231,0.670210257566974,-0.737508737051909,1.22459298388913,0.447158134025757,-0.25261424432054,-0.302304380306779,0.0675649386032631,-0.355988135781098
"70","332","1","1","0","1",0,0.573975003720138,-0.465002765346231,0.670210257566974,-0.737508737051909,-1.22459298388913,1.34147440207727,-0.180438745943243,-0.302304380306779,0.0675649386032631,-0.355988135781098
"71","332","1","1","0","1",0,0.573975003720138,-0.465002765346231,0.670210257566974,-0.737508737051909,0,1.34147440207727,-0.108263247565946,-0.302304380306779,0.0675649386032631,-0.355988135781098
"72","332","1","1","0","1",0,0.573975003720138,-0.465002765346231,0.670210257566974,-0.737508737051909,1.22459298388913,1.34147440207727,-0.0360877491886485,-0.302304380306779,0.0675649386032631,-0.355988135781098
"73","332","1","1","1","1",0,0.573975003720138,-0.465002765346231,0.670210257566974,-0.737508737051909,-1.22459298388913,-1.34147440207727,0.0360877491886485,-0.302304380306779,0.0675649386032631,-0.355988135781098
"74","332","1","1","1","1",0,0.573975003720138,-0.465002765346231,0.670210257566974,-0.737508737051909,0,-1.34147440207727,0.108263247565946,-0.302304380306779,0.0675649386032631,-0.355988135781098
"75","332","1","1","1","1",0,0.573975003720138,-0.465002765346231,0.670210257566974,-0.737508737051909,1.22459298388913,-1.34147440207727,0.180438745943243,-0.302304380306779,0.0675649386032631,-0.355988135781098
"76","332","1","1","1","1",0,0.573975003720138,-0.465002765346231,0.670210257566974,-0.737508737051909,-1.22459298388913,-0.447158134025757,0.25261424432054,-0.302304380306779,0.0675649386032631,-0.355988135781098
"77","332","1","1","1","1",0,0.573975003720138,-0.465002765346231,0.670210257566974,-0.737508737051909,0,-0.447158134025757,0.324789742697837,-0.302304380306779,0.0675649386032631,-0.355988135781098
"78","332","1","1","1","1",0,0.573975003720138,-0.465002765346231,0.670210257566974,-0.737508737051909,1.22459298388913,-0.447158134025757,0.396965241075134,-0.302304380306779,0.0675649386032631,-0.355988135781098
"79","332","0","1","1","1",0,0.573975003720138,-0.465002765346231,0.670210257566974,-0.737508737051909,-1.22459298388913,0.447158134025757,0.469140739452431,-0.302304380306779,0.0675649386032631,-0.355988135781098
"80","332","1","1","1","1",0,0.573975003720138,-0.465002765346231,0.670210257566974,-0.737508737051909,0,0.447158134025757,0.541316237829728,-0.302304380306779,0.0675649386032631,-0.355988135781098
"82","332","1","1","1","1",0,0.573975003720138,-0.465002765346231,0.670210257566974,-0.737508737051909,-1.22459298388913,1.34147440207727,0.685667234584322,-0.302304380306779,0.0675649386032631,-0.355988135781098
"83","332","1","1","1","1",1,0.573975003720138,-0.465002765346231,0.670210257566974,-0.737508737051909,0,1.34147440207727,0.757842732961619,-0.302304380306779,0.0675649386032631,-0.355988135781098
"84","332","1","1","1","1",0,0.573975003720138,-0.465002765346231,0.670210257566974,-0.737508737051909,1.22459298388913,1.34147440207727,0.830018231338916,-0.302304380306779,0.0675649386032631,-0.355988135781098
"85","332","1","1","1","1",0,0.573975003720138,-0.465002765346231,0.670210257566974,-0.737508737051909,-1.22459298388913,-1.34147440207727,0.902193729716213,-0.302304380306779,0.0675649386032631,-0.355988135781098
"86","332","0","1","1","1",0,0.573975003720138,-0.465002765346231,0.670210257566974,-0.737508737051909,0,-1.34147440207727,0.97436922809351,-0.302304380306779,0.0675649386032631,-0.355988135781098
"87","332","0","1","1","1",0,0.573975003720138,-0.465002765346231,0.670210257566974,-0.737508737051909,1.22459298388913,-1.34147440207727,1.04654472647081,-0.302304380306779,0.0675649386032631,-0.355988135781098
"88","332","0","1","1","1",0,0.573975003720138,-0.465002765346231,0.670210257566974,-0.737508737051909,-1.22459298388913,-0.447158134025757,1.1187202248481,-0.302304380306779,0.0675649386032631,-0.355988135781098
"90","332","1","1","1","1",0,0.573975003720138,-0.465002765346231,0.670210257566974,-0.737508737051909,1.22459298388913,-0.447158134025757,1.2630712216027,-0.302304380306779,0.0675649386032631,-0.355988135781098
"91","332","0","1","1","1",0,0.573975003720138,-0.465002765346231,0.670210257566974,-0.737508737051909,-1.22459298388913,0.447158134025757,1.33524671998,-0.302304380306779,0.0675649386032631,-0.355988135781098
"92","332","0","1","1","1",0,0.573975003720138,-0.465002765346231,0.670210257566974,-0.737508737051909,0,0.447158134025757,1.40742221835729,-0.302304380306779,0.0675649386032631,-0.355988135781098
"93","332","1","1","1","1",0,0.573975003720138,-0.465002765346231,0.670210257566974,-0.737508737051909,1.22459298388913,0.447158134025757,1.47959771673459,-0.302304380306779,0.0675649386032631,-0.355988135781098
"94","332","1","1","1","1",1,0.573975003720138,-0.465002765346231,0.670210257566974,-0.737508737051909,-1.22459298388913,1.34147440207727,1.55177321511189,-0.302304380306779,0.0675649386032631,-0.355988135781098
"95","332","1","1","1","1",0,0.573975003720138,-0.465002765346231,0.670210257566974,-0.737508737051909,0,1.34147440207727,1.62394871348918,-0.302304380306779,0.0675649386032631,-0.355988135781098
"97","548","1","0","0","2",0,0.194750747461179,0.56430282111892,-0.455418664291706,-0.0849509912336239,-1.22459298388913,-1.34147440207727,-1.69612421186648,2.17814181708217,1.41886371066852,1.37001494679392
"99","548","1","0","0","2",0,0.194750747461179,0.56430282111892,-0.455418664291706,-0.0849509912336239,1.22459298388913,-1.34147440207727,-1.55177321511189,2.17814181708217,1.41886371066852,1.37001494679392
"100","548","1","0","0","2",0,0.194750747461179,0.56430282111892,-0.455418664291706,-0.0849509912336239,-1.22459298388913,-0.447158134025757,-1.47959771673459,2.17814181708217,1.41886371066852,1.37001494679392
"101","548","1","0","0","2",0,0.194750747461179,0.56430282111892,-0.455418664291706,-0.0849509912336239,0,-0.447158134025757,-1.40742221835729,2.17814181708217,1.41886371066852,1.37001494679392
"102","548","1","0","0","2",0,0.194750747461179,0.56430282111892,-0.455418664291706,-0.0849509912336239,1.22459298388913,-0.447158134025757,-1.33524671998,2.17814181708217,1.41886371066852,1.37001494679392
"103","548","1","0","0","2",0,0.194750747461179,0.56430282111892,-0.455418664291706,-0.0849509912336239,-1.22459298388913,0.447158134025757,-1.2630712216027,2.17814181708217,1.41886371066852,1.37001494679392
"104","548","1","0","0","2",0,0.194750747461179,0.56430282111892,-0.455418664291706,-0.0849509912336239,0,0.447158134025757,-1.1908957232254,2.17814181708217,1.41886371066852,1.37001494679392
"105","548","1","0","0","2",0,0.194750747461179,0.56430282111892,-0.455418664291706,-0.0849509912336239,1.22459298388913,0.447158134025757,-1.1187202248481,2.17814181708217,1.41886371066852,1.37001494679392
"106","548","1","0","0","2",1,0.194750747461179,0.56430282111892,-0.455418664291706,-0.0849509912336239,-1.22459298388913,1.34147440207727,-1.04654472647081,2.17814181708217,1.41886371066852,1.37001494679392
"107","548","1","0","0","2",1,0.194750747461179,0.56430282111892,-0.455418664291706,-0.0849509912336239,0,1.34147440207727,-0.97436922809351,2.17814181708217,1.41886371066852,1.37001494679392
"108","548","1","0","0","2",0,0.194750747461179,0.56430282111892,-0.455418664291706,-0.0849509912336239,1.22459298388913,1.34147440207727,-0.902193729716213,2.17814181708217,1.41886371066852,1.37001494679392
"109","548","1","0","0","2",0,0.194750747461179,0.56430282111892,-0.455418664291706,-0.0849509912336239,-1.22459298388913,-1.34147440207727,-0.830018231338916,2.17814181708217,1.41886371066852,1.37001494679392
"110","548","1","0","0","2",0,0.194750747461179,0.56430282111892,-0.455418664291706,-0.0849509912336239,0,-1.34147440207727,-0.757842732961619,2.17814181708217,1.41886371066852,1.37001494679392
"111","548","1","0","0","2",0,0.194750747461179,0.56430282111892,-0.455418664291706,-0.0849509912336239,1.22459298388913,-1.34147440207727,-0.685667234584322,2.17814181708217,1.41886371066852,1.37001494679392
"112","548","1","0","0","2",0,0.194750747461179,0.56430282111892,-0.455418664291706,-0.0849509912336239,-1.22459298388913,-0.447158134025757,-0.613491736207025,2.17814181708217,1.41886371066852,1.37001494679392
"113","548","1","0","0","2",0,0.194750747461179,0.56430282111892,-0.455418664291706,-0.0849509912336239,0,-0.447158134025757,-0.541316237829728,2.17814181708217,1.41886371066852,1.37001494679392
"114","548","1","0","0","2",0,0.194750747461179,0.56430282111892,-0.455418664291706,-0.0849509912336239,1.22459298388913,-0.447158134025757,-0.469140739452431,2.17814181708217,1.41886371066852,1.37001494679392
"115","548","1","0","0","2",0,0.194750747461179,0.56430282111892,-0.455418664291706,-0.0849509912336239,-1.22459298388913,0.447158134025757,-0.396965241075134,2.17814181708217,1.41886371066852,1.37001494679392
"116","548","1","0","0","2",1,0.194750747461179,0.56430282111892,-0.455418664291706,-0.0849509912336239,0,0.447158134025757,-0.324789742697837,2.17814181708217,1.41886371066852,1.37001494679392
"117","548","1","0","0","2",0,0.194750747461179,0.56430282111892,-0.455418664291706,-0.0849509912336239,1.22459298388913,0.447158134025757,-0.25261424432054,2.17814181708217,1.41886371066852,1.37001494679392
"118","548","1","0","0","2",0,0.194750747461179,0.56430282111892,-0.455418664291706,-0.0849509912336239,-1.22459298388913,1.34147440207727,-0.180438745943243,2.17814181708217,1.41886371066852,1.37001494679392
"119","548","1","0","0","2",0,0.194750747461179,0.56430282111892,-0.455418664291706,-0.0849509912336239,0,1.34147440207727,-0.108263247565946,2.17814181708217,1.41886371066852,1.37001494679392
"120","548","1","0","0","2",0,0.194750747461179,0.56430282111892,-0.455418664291706,-0.0849509912336239,1.22459298388913,1.34147440207727,-0.0360877491886485,2.17814181708217,1.41886371066852,1.37001494679392
"121","548","1","0","1","2",0,0.194750747461179,0.56430282111892,-0.455418664291706,-0.0849509912336239,-1.22459298388913,-1.34147440207727,0.0360877491886485,2.17814181708217,1.41886371066852,1.37001494679392
"122","548","1","0","1","2",0,0.194750747461179,0.56430282111892,-0.455418664291706,-0.0849509912336239,0,-1.34147440207727,0.108263247565946,2.17814181708217,1.41886371066852,1.37001494679392
"123","548","1","0","1","2",1,0.194750747461179,0.56430282111892,-0.455418664291706,-0.0849509912336239,1.22459298388913,-1.34147440207727,0.180438745943243,2.17814181708217,1.41886371066852,1.37001494679392
"124","548","1","0","1","2",0,0.194750747461179,0.56430282111892,-0.455418664291706,-0.0849509912336239,-1.22459298388913,-0.447158134025757,0.25261424432054,2.17814181708217,1.41886371066852,1.37001494679392
"125","548","1","0","1","2",0,0.194750747461179,0.56430282111892,-0.455418664291706,-0.0849509912336239,0,-0.447158134025757,0.324789742697837,2.17814181708217,1.41886371066852,1.37001494679392
"126","548","1","0","1","2",0,0.194750747461179,0.56430282111892,-0.455418664291706,-0.0849509912336239,1.22459298388913,-0.447158134025757,0.396965241075134,2.17814181708217,1.41886371066852,1.37001494679392
"127","548","1","0","1","2",0,0.194750747461179,0.56430282111892,-0.455418664291706,-0.0849509912336239,-1.22459298388913,0.447158134025757,0.469140739452431,2.17814181708217,1.41886371066852,1.37001494679392
"128","548","1","0","1","2",0,0.194750747461179,0.56430282111892,-0.455418664291706,-0.0849509912336239,0,0.447158134025757,0.541316237829728,2.17814181708217,1.41886371066852,1.37001494679392
"129","548","1","0","1","2",0,0.194750747461179,0.56430282111892,-0.455418664291706,-0.0849509912336239,1.22459298388913,0.447158134025757,0.613491736207025,2.17814181708217,1.41886371066852,1.37001494679392
"130","548","1","0","1","2",0,0.194750747461179,0.56430282111892,-0.455418664291706,-0.0849509912336239,-1.22459298388913,1.34147440207727,0.685667234584322,2.17814181708217,1.41886371066852,1.37001494679392
"131","548","1","0","1","2",1,0.194750747461179,0.56430282111892,-0.455418664291706,-0.0849509912336239,0,1.34147440207727,0.757842732961619,2.17814181708217,1.41886371066852,1.37001494679392
"132","548","1","0","1","2",0,0.194750747461179,0.56430282111892,-0.455418664291706,-0.0849509912336239,1.22459298388913,1.34147440207727,0.830018231338916,2.17814181708217,1.41886371066852,1.37001494679392
"134","548","1","0","1","2",0,0.194750747461179,0.56430282111892,-0.455418664291706,-0.0849509912336239,0,-1.34147440207727,0.97436922809351,2.17814181708217,1.41886371066852,1.37001494679392
"135","548","1","0","1","2",0,0.194750747461179,0.56430282111892,-0.455418664291706,-0.0849509912336239,1.22459298388913,-1.34147440207727,1.04654472647081,2.17814181708217,1.41886371066852,1.37001494679392
"136","548","1","0","1","2",0,0.194750747461179,0.56430282111892,-0.455418664291706,-0.0849509912336239,-1.22459298388913,-0.447158134025757,1.1187202248481,2.17814181708217,1.41886371066852,1.37001494679392
"137","548","1","0","1","2",0,0.194750747461179,0.56430282111892,-0.455418664291706,-0.0849509912336239,0,-0.447158134025757,1.1908957232254,2.17814181708217,1.41886371066852,1.37001494679392
"138","548","1","0","1","2",0,0.194750747461179,0.56430282111892,-0.455418664291706,-0.0849509912336239,1.22459298388913,-0.447158134025757,1.2630712216027,2.17814181708217,1.41886371066852,1.37001494679392
"139","548","1","0","1","2",0,0.194750747461179,0.56430282111892,-0.455418664291706,-0.0849509912336239,-1.22459298388913,0.447158134025757,1.33524671998,2.17814181708217,1.41886371066852,1.37001494679392
"140","548","1","0","1","2",0,0.194750747461179,0.56430282111892,-0.455418664291706,-0.0849509912336239,0,0.447158134025757,1.40742221835729,2.17814181708217,1.41886371066852,1.37001494679392
"141","548","1","0","1","2",0,0.194750747461179,0.56430282111892,-0.455418664291706,-0.0849509912336239,1.22459298388913,0.447158134025757,1.47959771673459,2.17814181708217,1.41886371066852,1.37001494679392
"142","548","1","0","1","2",0,0.194750747461179,0.56430282111892,-0.455418664291706,-0.0849509912336239,-1.22459298388913,1.34147440207727,1.55177321511189,2.17814181708217,1.41886371066852,1.37001494679392
"143","548","1","0","1","2",0,0.194750747461179,0.56430282111892,-0.455418664291706,-0.0849509912336239,0,1.34147440207727,1.62394871348918,2.17814181708217,1.41886371066852,1.37001494679392
"144","548","1","0","1","2",0,0.194750747461179,0.56430282111892,-0.455418664291706,-0.0849509912336239,1.22459298388913,1.34147440207727,1.69612421186648,2.17814181708217,1.41886371066852,1.37001494679392
"145","849","1","1","0","1",0,-0.161539860471104,-0.396537117543025,-0.455418664291706,1.21859961372233,-1.22459298388913,-1.34147440207727,-1.69612421186648,-0.922415929654017,-1.283733833462,-1.21898967706861
"146","849","1","1","0","1",0,-0.161539860471104,-0.396537117543025,-0.455418664291706,1.21859961372233,0,-1.34147440207727,-1.62394871348918,-0.922415929654017,-1.283733833462,-1.21898967706861
"147","849","1","1","0","1",0,-0.161539860471104,-0.396537117543025,-0.455418664291706,1.21859961372233,1.22459298388913,-1.34147440207727,-1.55177321511189,-0.922415929654017,-1.283733833462,-1.21898967706861
"148","849","1","1","0","1",0,-0.161539860471104,-0.396537117543025,-0.455418664291706,1.21859961372233,-1.22459298388913,-0.447158134025757,-1.47959771673459,-0.922415929654017,-1.283733833462,-1.21898967706861
"149","849","1","1","0","1",0,-0.161539860471104,-0.396537117543025,-0.455418664291706,1.21859961372233,0,-0.447158134025757,-1.40742221835729,-0.922415929654017,-1.283733833462,-1.21898967706861
"150","849","1","1","0","1",0,-0.161539860471104,-0.396537117543025,-0.455418664291706,1.21859961372233,1.22459298388913,-0.447158134025757,-1.33524671998,-0.922415929654017,-1.283733833462,-1.21898967706861
"151","849","1","1","0","1",0,-0.161539860471104,-0.396537117543025,-0.455418664291706,1.21859961372233,-1.22459298388913,0.447158134025757,-1.2630712216027,-0.922415929654017,-1.283733833462,-1.21898967706861
"152","849","1","1","0","1",0,-0.161539860471104,-0.396537117543025,-0.455418664291706,1.21859961372233,0,0.447158134025757,-1.1908957232254,-0.922415929654017,-1.283733833462,-1.21898967706861
"153","849","1","1","0","1",0,-0.161539860471104,-0.396537117543025,-0.455418664291706,1.21859961372233,1.22459298388913,0.447158134025757,-1.1187202248481,-0.922415929654017,-1.283733833462,-1.21898967706861
"156","849","1","1","0","1",0,-0.161539860471104,-0.396537117543025,-0.455418664291706,1.21859961372233,1.22459298388913,1.34147440207727,-0.902193729716213,-0.922415929654017,-1.283733833462,-1.21898967706861
"157","849","1","1","0","1",0,-0.161539860471104,-0.396537117543025,-0.455418664291706,1.21859961372233,-1.22459298388913,-1.34147440207727,-0.830018231338916,-0.922415929654017,-1.283733833462,-1.21898967706861
"158","849","1","1","0","1",0,-0.161539860471104,-0.396537117543025,-0.455418664291706,1.21859961372233,0,-1.34147440207727,-0.757842732961619,-0.922415929654017,-1.283733833462,-1.21898967706861
"159","849","1","1","0","1",0,-0.161539860471104,-0.396537117543025,-0.455418664291706,1.21859961372233,1.22459298388913,-1.34147440207727,-0.685667234584322,-0.922415929654017,-1.283733833462,-1.21898967706861
"160","849","1","1","0","1",0,-0.161539860471104,-0.396537117543025,-0.455418664291706,1.21859961372233,-1.22459298388913,-0.447158134025757,-0.613491736207025,-0.922415929654017,-1.283733833462,-1.21898967706861
"161","849","1","1","0","1",1,-0.161539860471104,-0.396537117543025,-0.455418664291706,1.21859961372233,0,-0.447158134025757,-0.541316237829728,-0.922415929654017,-1.283733833462,-1.21898967706861
"162","849","1","1","0","1",0,-0.161539860471104,-0.396537117543025,-0.455418664291706,1.21859961372233,1.22459298388913,-0.447158134025757,-0.469140739452431,-0.922415929654017,-1.283733833462,-1.21898967706861
"163","849","1","1","0","1",0,-0.161539860471104,-0.396537117543025,-0.455418664291706,1.21859961372233,-1.22459298388913,0.447158134025757,-0.396965241075134,-0.922415929654017,-1.283733833462,-1.21898967706861
"165","849","1","1","0","1",0,-0.161539860471104,-0.396537117543025,-0.455418664291706,1.21859961372233,1.22459298388913,0.447158134025757,-0.25261424432054,-0.922415929654017,-1.283733833462,-1.21898967706861
"166","849","1","1","0","1",0,-0.161539860471104,-0.396537117543025,-0.455418664291706,1.21859961372233,-1.22459298388913,1.34147440207727,-0.180438745943243,-0.922415929654017,-1.283733833462,-1.21898967706861
"167","849","1","1","0","1",0,-0.161539860471104,-0.396537117543025,-0.455418664291706,1.21859961372233,0,1.34147440207727,-0.108263247565946,-0.922415929654017,-1.283733833462,-1.21898967706861
"168","849","1","1","0","1",0,-0.161539860471104,-0.396537117543025,-0.455418664291706,1.21859961372233,1.22459298388913,1.34147440207727,-0.0360877491886485,-0.922415929654017,-1.283733833462,-1.21898967706861
"169","849","1","1","1","1",0,-0.161539860471104,-0.396537117543025,-0.455418664291706,1.21859961372233,-1.22459298388913,-1.34147440207727,0.0360877491886485,-0.922415929654017,-1.283733833462,-1.21898967706861
"170","849","1","1","1","1",0,-0.161539860471104,-0.396537117543025,-0.455418664291706,1.21859961372233,0,-1.34147440207727,0.108263247565946,-0.922415929654017,-1.283733833462,-1.21898967706861
"171","849","1","1","1","1",0,-0.161539860471104,-0.396537117543025,-0.455418664291706,1.21859961372233,1.22459298388913,-1.34147440207727,0.180438745943243,-0.922415929654017,-1.283733833462,-1.21898967706861
"172","849","1","1","1","1",0,-0.161539860471104,-0.396537117543025,-0.455418664291706,1.21859961372233,-1.22459298388913,-0.447158134025757,0.25261424432054,-0.922415929654017,-1.283733833462,-1.21898967706861
"174","849","1","1","1","1",0,-0.161539860471104,-0.396537117543025,-0.455418664291706,1.21859961372233,1.22459298388913,-0.447158134025757,0.396965241075134,-0.922415929654017,-1.283733833462,-1.21898967706861
"175","849","1","1","1","1",0,-0.161539860471104,-0.396537117543025,-0.455418664291706,1.21859961372233,-1.22459298388913,0.447158134025757,0.469140739452431,-0.922415929654017,-1.283733833462,-1.21898967706861
"176","849","1","1","1","1",1,-0.161539860471104,-0.396537117543025,-0.455418664291706,1.21859961372233,0,0.447158134025757,0.541316237829728,-0.922415929654017,-1.283733833462,-1.21898967706861
"177","849","1","1","1","1",0,-0.161539860471104,-0.396537117543025,-0.455418664291706,1.21859961372233,1.22459298388913,0.447158134025757,0.613491736207025,-0.922415929654017,-1.283733833462,-1.21898967706861
"178","849","1","1","1","1",0,-0.161539860471104,-0.396537117543025,-0.455418664291706,1.21859961372233,-1.22459298388913,1.34147440207727,0.685667234584322,-0.922415929654017,-1.283733833462,-1.21898967706861
"179","849","1","1","1","1",0,-0.161539860471104,-0.396537117543025,-0.455418664291706,1.21859961372233,0,1.34147440207727,0.757842732961619,-0.922415929654017,-1.283733833462,-1.21898967706861
"180","849","1","1","1","1",0,-0.161539860471104,-0.396537117543025,-0.455418664291706,1.21859961372233,1.22459298388913,1.34147440207727,0.830018231338916,-0.922415929654017,-1.283733833462,-1.21898967706861
"181","849","1","1","1","1",0,-0.161539860471104,-0.396537117543025,-0.455418664291706,1.21859961372233,-1.22459298388913,-1.34147440207727,0.902193729716213,-0.922415929654017,-1.283733833462,-1.21898967706861
"182","849","1","1","1","1",0,-0.161539860471104,-0.396537117543025,-0.455418664291706,1.21859961372233,0,-1.34147440207727,0.97436922809351,-0.922415929654017,-1.283733833462,-1.21898967706861
"183","849","1","1","1","1",0,-0.161539860471104,-0.396537117543025,-0.455418664291706,1.21859961372233,1.22459298388913,-1.34147440207727,1.04654472647081,-0.922415929654017,-1.283733833462,-1.21898967706861
"184","849","1","1","1","1",0,-0.161539860471104,-0.396537117543025,-0.455418664291706,1.21859961372233,-1.22459298388913,-0.447158134025757,1.1187202248481,-0.922415929654017,-1.283733833462,-1.21898967706861
"185","849","1","1","1","1",0,-0.161539860471104,-0.396537117543025,-0.455418664291706,1.21859961372233,0,-0.447158134025757,1.1908957232254,-0.922415929654017,-1.283733833462,-1.21898967706861
"186","849","1","1","1","1",0,-0.161539860471104,-0.396537117543025,-0.455418664291706,1.21859961372233,1.22459298388913,-0.447158134025757,1.2630712216027,-0.922415929654017,-1.283733833462,-1.21898967706861
"187","849","1","1","1","1",0,-0.161539860471104,-0.396537117543025,-0.455418664291706,1.21859961372233,-1.22459298388913,0.447158134025757,1.33524671998,-0.922415929654017,-1.283733833462,-1.21898967706861
"188","849","1","1","1","1",0,-0.161539860471104,-0.396537117543025,-0.455418664291706,1.21859961372233,0,0.447158134025757,1.40742221835729,-0.922415929654017,-1.283733833462,-1.21898967706861
"189","849","1","1","1","1",0,-0.161539860471104,-0.396537117543025,-0.455418664291706,1.21859961372233,1.22459298388913,0.447158134025757,1.47959771673459,-0.922415929654017,-1.283733833462,-1.21898967706861
"190","849","1","1","1","1",0,-0.161539860471104,-0.396537117543025,-0.455418664291706,1.21859961372233,-1.22459298388913,1.34147440207727,1.55177321511189,-0.922415929654017,-1.283733833462,-1.21898967706861
"191","849","1","1","1","1",0,-0.161539860471104,-0.396537117543025,-0.455418664291706,1.21859961372233,0,1.34147440207727,1.62394871348918,-0.922415929654017,-1.283733833462,-1.21898967706861
"192","849","1","1","1","1",0,-0.161539860471104,-0.396537117543025,-0.455418664291706,1.21859961372233,1.22459298388913,1.34147440207727,1.69612421186648,-0.922415929654017,-1.283733833462,-1.21898967706861
"193","893","1","1","0","1",0,-0.517830468403387,-0.948904038802791,-1.01890877283321,-0.737508737051909,-1.22459298388913,-1.34147440207727,-1.69612421186648,-0.922415929654017,-1.283733833462,-1.21898967706861
"194","893","1","1","0","1",0,-0.517830468403387,-0.948904038802791,-1.01890877283321,-0.737508737051909,0,-1.34147440207727,-1.62394871348918,-0.922415929654017,-1.283733833462,-1.21898967706861
"195","893","1","1","0","1",0,-0.517830468403387,-0.948904038802791,-1.01890877283321,-0.737508737051909,1.22459298388913,-1.34147440207727,-1.55177321511189,-0.922415929654017,-1.283733833462,-1.21898967706861
"196","893","1","1","0","1",0,-0.517830468403387,-0.948904038802791,-1.01890877283321,-0.737508737051909,-1.22459298388913,-0.447158134025757,-1.47959771673459,-0.922415929654017,-1.283733833462,-1.21898967706861
"197","893","1","1","0","1",0,-0.517830468403387,-0.948904038802791,-1.01890877283321,-0.737508737051909,0,-0.447158134025757,-1.40742221835729,-0.922415929654017,-1.283733833462,-1.21898967706861
"198","893","1","1","0","1",0,-0.517830468403387,-0.948904038802791,-1.01890877283321,-0.737508737051909,1.22459298388913,-0.447158134025757,-1.33524671998,-0.922415929654017,-1.283733833462,-1.21898967706861
"199","893","1","1","0","1",0,-0.517830468403387,-0.948904038802791,-1.01890877283321,-0.737508737051909,-1.22459298388913,0.447158134025757,-1.2630712216027,-0.922415929654017,-1.283733833462,-1.21898967706861
"200","893","1","1","0","1",0,-0.517830468403387,-0.948904038802791,-1.01890877283321,-0.737508737051909,0,0.447158134025757,-1.1908957232254,-0.922415929654017,-1.283733833462,-1.21898967706861
"201","893","1","1","0","1",0,-0.517830468403387,-0.948904038802791,-1.01890877283321,-0.737508737051909,1.22459298388913,0.447158134025757,-1.1187202248481,-0.922415929654017,-1.283733833462,-1.21898967706861
"202","893","1","1","0","1",0,-0.517830468403387,-0.948904038802791,-1.01890877283321,-0.737508737051909,-1.22459298388913,1.34147440207727,-1.04654472647081,-0.922415929654017,-1.283733833462,-1.21898967706861
"203","893","1","1","0","1",0,-0.517830468403387,-0.948904038802791,-1.01890877283321,-0.737508737051909,0,1.34147440207727,-0.97436922809351,-0.922415929654017,-1.283733833462,-1.21898967706861
"204","893","1","1","0","1",0,-0.517830468403387,-0.948904038802791,-1.01890877283321,-0.737508737051909,1.22459298388913,1.34147440207727,-0.902193729716213,-0.922415929654017,-1.283733833462,-1.21898967706861
"205","893","1","1","0","1",0,-0.517830468403387,-0.948904038802791,-1.01890877283321,-0.737508737051909,-1.22459298388913,-1.34147440207727,-0.830018231338916,-0.922415929654017,-1.283733833462,-1.21898967706861
"206","893","1","1","0","1",0,-0.517830468403387,-0.948904038802791,-1.01890877283321,-0.737508737051909,0,-1.34147440207727,-0.757842732961619,-0.922415929654017,-1.283733833462,-1.21898967706861
"207","893","1","1","0","1",0,-0.517830468403387,-0.948904038802791,-1.01890877283321,-0.737508737051909,1.22459298388913,-1.34147440207727,-0.685667234584322,-0.922415929654017,-1.283733833462,-1.21898967706861
"208","893","1","1","0","1",0,-0.517830468403387,-0.948904038802791,-1.01890877283321,-0.737508737051909,-1.22459298388913,-0.447158134025757,-0.613491736207025,-0.922415929654017,-1.283733833462,-1.21898967706861
"209","893","1","1","0","1",0,-0.517830468403387,-0.948904038802791,-1.01890877283321,-0.737508737051909,0,-0.447158134025757,-0.541316237829728,-0.922415929654017,-1.283733833462,-1.21898967706861
"210","893","1","1","0","1",0,-0.517830468403387,-0.948904038802791,-1.01890877283321,-0.737508737051909,1.22459298388913,-0.447158134025757,-0.469140739452431,-0.922415929654017,-1.283733833462,-1.21898967706861
"211","893","1","1","0","1",0,-0.517830468403387,-0.948904038802791,-1.01890877283321,-0.737508737051909,-1.22459298388913,0.447158134025757,-0.396965241075134,-0.922415929654017,-1.283733833462,-1.21898967706861
"212","893","1","1","0","1",0,-0.517830468403387,-0.948904038802791,-1.01890877283321,-0.737508737051909,0,0.447158134025757,-0.324789742697837,-0.922415929654017,-1.283733833462,-1.21898967706861
"213","893","1","1","0","1",0,-0.517830468403387,-0.948904038802791,-1.01890877283321,-0.737508737051909,1.22459298388913,0.447158134025757,-0.25261424432054,-0.922415929654017,-1.283733833462,-1.21898967706861
"214","893","1","1","0","1",0,-0.517830468403387,-0.948904038802791,-1.01890877283321,-0.737508737051909,-1.22459298388913,1.34147440207727,-0.180438745943243,-0.922415929654017,-1.283733833462,-1.21898967706861
"215","893","1","1","0","1",0,-0.517830468403387,-0.948904038802791,-1.01890877283321,-0.737508737051909,0,1.34147440207727,-0.108263247565946,-0.922415929654017,-1.283733833462,-1.21898967706861
"216","893","1","1","0","1",0,-0.517830468403387,-0.948904038802791,-1.01890877283321,-0.737508737051909,1.22459298388913,1.34147440207727,-0.0360877491886485,-0.922415929654017,-1.283733833462,-1.21898967706861
"217","893","1","1","1","1",0,-0.517830468403387,-0.948904038802791,-1.01890877283321,-0.737508737051909,-1.22459298388913,-1.34147440207727,0.0360877491886485,-0.922415929654017,-1.283733833462,-1.21898967706861
"218","893","1","1","1","1",0,-0.517830468403387,-0.948904038802791,-1.01890877283321,-0.737508737051909,0,-1.34147440207727,0.108263247565946,-0.922415929654017,-1.283733833462,-1.21898967706861
"219","893","1","1","1","1",0,-0.517830468403387,-0.948904038802791,-1.01890877283321,-0.737508737051909,1.22459298388913,-1.34147440207727,0.180438745943243,-0.922415929654017,-1.283733833462,-1.21898967706861
"220","893","1","1","1","1",0,-0.517830468403387,-0.948904038802791,-1.01890877283321,-0.737508737051909,-1.22459298388913,-0.447158134025757,0.25261424432054,-0.922415929654017,-1.283733833462,-1.21898967706861
"221","893","1","1","1","1",0,-0.517830468403387,-0.948904038802791,-1.01890877283321,-0.737508737051909,0,-0.447158134025757,0.324789742697837,-0.922415929654017,-1.283733833462,-1.21898967706861
"222","893","1","1","1","1",0,-0.517830468403387,-0.948904038802791,-1.01890877283321,-0.737508737051909,1.22459298388913,-0.447158134025757,0.396965241075134,-0.922415929654017,-1.283733833462,-1.21898967706861
"223","893","1","1","1","1",0,-0.517830468403387,-0.948904038802791,-1.01890877283321,-0.737508737051909,-1.22459298388913,0.447158134025757,0.469140739452431,-0.922415929654017,-1.283733833462,-1.21898967706861
"224","893","1","1","1","1",0,-0.517830468403387,-0.948904038802791,-1.01890877283321,-0.737508737051909,0,0.447158134025757,0.541316237829728,-0.922415929654017,-1.283733833462,-1.21898967706861
"225","893","1","1","1","1",0,-0.517830468403387,-0.948904038802791,-1.01890877283321,-0.737508737051909,1.22459298388913,0.447158134025757,0.613491736207025,-0.922415929654017,-1.283733833462,-1.21898967706861
"226","893","1","1","1","1",0,-0.517830468403387,-0.948904038802791,-1.01890877283321,-0.737508737051909,-1.22459298388913,1.34147440207727,0.685667234584322,-0.922415929654017,-1.283733833462,-1.21898967706861
"227","893","1","1","1","1",0,-0.517830468403387,-0.948904038802791,-1.01890877283321,-0.737508737051909,0,1.34147440207727,0.757842732961619,-0.922415929654017,-1.283733833462,-1.21898967706861
"228","893","1","1","1","1",0,-0.517830468403387,-0.948904038802791,-1.01890877283321,-0.737508737051909,1.22459298388913,1.34147440207727,0.830018231338916,-0.922415929654017,-1.283733833462,-1.21898967706861
"229","893","1","1","1","1",0,-0.517830468403387,-0.948904038802791,-1.01890877283321,-0.737508737051909,-1.22459298388913,-1.34147440207727,0.902193729716213,-0.922415929654017,-1.283733833462,-1.21898967706861
"230","893","1","1","1","1",0,-0.517830468403387,-0.948904038802791,-1.01890877283321,-0.737508737051909,0,-1.34147440207727,0.97436922809351,-0.922415929654017,-1.283733833462,-1.21898967706861
"231","893","1","1","1","1",0,-0.517830468403387,-0.948904038802791,-1.01890877283321,-0.737508737051909,1.22459298388913,-1.34147440207727,1.04654472647081,-0.922415929654017,-1.283733833462,-1.21898967706861
"232","893","1","1","1","1",0,-0.517830468403387,-0.948904038802791,-1.01890877283321,-0.737508737051909,-1.22459298388913,-0.447158134025757,1.1187202248481,-0.922415929654017,-1.283733833462,-1.21898967706861
"233","893","1","1","1","1",0,-0.517830468403387,-0.948904038802791,-1.01890877283321,-0.737508737051909,0,-0.447158134025757,1.1908957232254,-0.922415929654017,-1.283733833462,-1.21898967706861
"234","893","1","1","1","1",0,-0.517830468403387,-0.948904038802791,-1.01890877283321,-0.737508737051909,1.22459298388913,-0.447158134025757,1.2630712216027,-0.922415929654017,-1.283733833462,-1.21898967706861
"235","893","1","1","1","1",0,-0.517830468403387,-0.948904038802791,-1.01890877283321,-0.737508737051909,-1.22459298388913,0.447158134025757,1.33524671998,-0.922415929654017,-1.283733833462,-1.21898967706861
"236","893","1","1","1","1",0,-0.517830468403387,-0.948904038802791,-1.01890877283321,-0.737508737051909,0,0.447158134025757,1.40742221835729,-0.922415929654017,-1.283733833462,-1.21898967706861
"237","893","1","1","1","1",0,-0.517830468403387,-0.948904038802791,-1.01890877283321,-0.737508737051909,1.22459298388913,0.447158134025757,1.47959771673459,-0.922415929654017,-1.283733833462,-1.21898967706861
"238","893","1","1","1","1",0,-0.517830468403387,-0.948904038802791,-1.01890877283321,-0.737508737051909,-1.22459298388913,1.34147440207727,1.55177321511189,-0.922415929654017,-1.283733833462,-1.21898967706861
"239","893","1","1","1","1",0,-0.517830468403387,-0.948904038802791,-1.01890877283321,-0.737508737051909,0,1.34147440207727,1.62394871348918,-0.922415929654017,-1.283733833462,-1.21898967706861
"240","893","1","1","1","1",0,-0.517830468403387,-0.948904038802791,-1.01890877283321,-0.737508737051909,1.22459298388913,1.34147440207727,1.69612421186648,-0.922415929654017,-1.283733833462,-1.21898967706861
"241","974","1","1","0","2",0,-0.517830468403387,1.72937926848196,0.106720149025474,2.52215021867828,-1.22459298388913,-1.34147440207727,-1.69612421186648,0.31780716904046,0.0675649386032631,0.507013405506412
"242","974","0","1","0","2",0,-0.517830468403387,1.72937926848196,0.106720149025474,2.52215021867828,0,-1.34147440207727,-1.62394871348918,0.31780716904046,0.0675649386032631,0.507013405506412
"243","974","1","1","0","2",0,-0.517830468403387,1.72937926848196,0.106720149025474,2.52215021867828,1.22459298388913,-1.34147440207727,-1.55177321511189,0.31780716904046,0.0675649386032631,0.507013405506412
"244","974","1","1","0","2",0,-0.517830468403387,1.72937926848196,0.106720149025474,2.52215021867828,-1.22459298388913,-0.447158134025757,-1.47959771673459,0.31780716904046,0.0675649386032631,0.507013405506412
"245","974","1","1","0","2",0,-0.517830468403387,1.72937926848196,0.106720149025474,2.52215021867828,0,-0.447158134025757,-1.40742221835729,0.31780716904046,0.0675649386032631,0.507013405506412
"246","974","1","1","0","2",0,-0.517830468403387,1.72937926848196,0.106720149025474,2.52215021867828,1.22459298388913,-0.447158134025757,-1.33524671998,0.31780716904046,0.0675649386032631,0.507013405506412
"247","974","0","1","0","2",0,-0.517830468403387,1.72937926848196,0.106720149025474,2.52215021867828,-1.22459298388913,0.447158134025757,-1.2630712216027,0.31780716904046,0.0675649386032631,0.507013405506412
"250","974","0","1","0","2",0,-0.517830468403387,1.72937926848196,0.106720149025474,2.52215021867828,-1.22459298388913,1.34147440207727,-1.04654472647081,0.31780716904046,0.0675649386032631,0.507013405506412
"251","974","1","1","0","2",1,-0.517830468403387,1.72937926848196,0.106720149025474,2.52215021867828,0,1.34147440207727,-0.97436922809351,0.31780716904046,0.0675649386032631,0.507013405506412
"253","974","1","1","0","2",0,-0.517830468403387,1.72937926848196,0.106720149025474,2.52215021867828,-1.22459298388913,-1.34147440207727,-0.830018231338916,0.31780716904046,0.0675649386032631,0.507013405506412
"254","974","1","1","0","2",1,-0.517830468403387,1.72937926848196,0.106720149025474,2.52215021867828,0,-1.34147440207727,-0.757842732961619,0.31780716904046,0.0675649386032631,0.507013405506412
"255","974","1","1","0","2",0,-0.517830468403387,1.72937926848196,0.106720149025474,2.52215021867828,1.22459298388913,-1.34147440207727,-0.685667234584322,0.31780716904046,0.0675649386032631,0.507013405506412
"256","974","0","1","0","2",0,-0.517830468403387,1.72937926848196,0.106720149025474,2.52215021867828,-1.22459298388913,-0.447158134025757,-0.613491736207025,0.31780716904046,0.0675649386032631,0.507013405506412
"257","974","1","1","0","2",0,-0.517830468403387,1.72937926848196,0.106720149025474,2.52215021867828,0,-0.447158134025757,-0.541316237829728,0.31780716904046,0.0675649386032631,0.507013405506412
"258","974","1","1","0","2",1,-0.517830468403387,1.72937926848196,0.106720149025474,2.52215021867828,1.22459298388913,-0.447158134025757,-0.469140739452431,0.31780716904046,0.0675649386032631,0.507013405506412
"260","974","1","1","0","2",0,-0.517830468403387,1.72937926848196,0.106720149025474,2.52215021867828,0,0.447158134025757,-0.324789742697837,0.31780716904046,0.0675649386032631,0.507013405506412
"261","974","1","1","0","2",0,-0.517830468403387,1.72937926848196,0.106720149025474,2.52215021867828,1.22459298388913,0.447158134025757,-0.25261424432054,0.31780716904046,0.0675649386032631,0.507013405506412
"262","974","0","1","0","2",0,-0.517830468403387,1.72937926848196,0.106720149025474,2.52215021867828,-1.22459298388913,1.34147440207727,-0.180438745943243,0.31780716904046,0.0675649386032631,0.507013405506412
"263","974","0","1","0","2",0,-0.517830468403387,1.72937926848196,0.106720149025474,2.52215021867828,0,1.34147440207727,-0.108263247565946,0.31780716904046,0.0675649386032631,0.507013405506412
"265","974","1","1","1","2",0,-0.517830468403387,1.72937926848196,0.106720149025474,2.52215021867828,-1.22459298388913,-1.34147440207727,0.0360877491886485,0.31780716904046,0.0675649386032631,0.507013405506412
"267","974","1","1","1","2",0,-0.517830468403387,1.72937926848196,0.106720149025474,2.52215021867828,1.22459298388913,-1.34147440207727,0.180438745943243,0.31780716904046,0.0675649386032631,0.507013405506412
"268","974","1","1","1","2",0,-0.517830468403387,1.72937926848196,0.106720149025474,2.52215021867828,-1.22459298388913,-0.447158134025757,0.25261424432054,0.31780716904046,0.0675649386032631,0.507013405506412
"269","974","1","1","1","2",0,-0.517830468403387,1.72937926848196,0.106720149025474,2.52215021867828,0,-0.447158134025757,0.324789742697837,0.31780716904046,0.0675649386032631,0.507013405506412
"271","974","0","1","1","2",0,-0.517830468403387,1.72937926848196,0.106720149025474,2.52215021867828,-1.22459298388913,0.447158134025757,0.469140739452431,0.31780716904046,0.0675649386032631,0.507013405506412
"272","974","1","1","1","2",0,-0.517830468403387,1.72937926848196,0.106720149025474,2.52215021867828,0,0.447158134025757,0.541316237829728,0.31780716904046,0.0675649386032631,0.507013405506412
"273","974","1","1","1","2",0,-0.517830468403387,1.72937926848196,0.106720149025474,2.52215021867828,1.22459298388913,0.447158134025757,0.613491736207025,0.31780716904046,0.0675649386032631,0.507013405506412
"274","974","0","1","1","2",0,-0.517830468403387,1.72937926848196,0.106720149025474,2.52215021867828,-1.22459298388913,1.34147440207727,0.685667234584322,0.31780716904046,0.0675649386032631,0.507013405506412
"275","974","0","1","1","2",0,-0.517830468403387,1.72937926848196,0.106720149025474,2.52215021867828,0,1.34147440207727,0.757842732961619,0.31780716904046,0.0675649386032631,0.507013405506412
"276","974","0","1","1","2",0,-0.517830468403387,1.72937926848196,0.106720149025474,2.52215021867828,1.22459298388913,1.34147440207727,0.830018231338916,0.31780716904046,0.0675649386032631,0.507013405506412
"277","974","1","1","1","2",0,-0.517830468403387,1.72937926848196,0.106720149025474,2.52215021867828,-1.22459298388913,-1.34147440207727,0.902193729716213,0.31780716904046,0.0675649386032631,0.507013405506412
"278","974","1","1","1","2",0,-0.517830468403387,1.72937926848196,0.106720149025474,2.52215021867828,0,-1.34147440207727,0.97436922809351,0.31780716904046,0.0675649386032631,0.507013405506412
"279","974","1","1","1","2",0,-0.517830468403387,1.72937926848196,0.106720149025474,2.52215021867828,1.22459298388913,-1.34147440207727,1.04654472647081,0.31780716904046,0.0675649386032631,0.507013405506412
"280","974","1","1","1","2",0,-0.517830468403387,1.72937926848196,0.106720149025474,2.52215021867828,-1.22459298388913,-0.447158134025757,1.1187202248481,0.31780716904046,0.0675649386032631,0.507013405506412
"281","974","1","1","1","2",0,-0.517830468403387,1.72937926848196,0.106720149025474,2.52215021867828,0,-0.447158134025757,1.1908957232254,0.31780716904046,0.0675649386032631,0.507013405506412
"282","974","1","1","1","2",0,-0.517830468403387,1.72937926848196,0.106720149025474,2.52215021867828,1.22459298388913,-0.447158134025757,1.2630712216027,0.31780716904046,0.0675649386032631,0.507013405506412
"283","974","0","1","1","2",0,-0.517830468403387,1.72937926848196,0.106720149025474,2.52215021867828,-1.22459298388913,0.447158134025757,1.33524671998,0.31780716904046,0.0675649386032631,0.507013405506412
"284","974","0","1","1","2",0,-0.517830468403387,1.72937926848196,0.106720149025474,2.52215021867828,0,0.447158134025757,1.40742221835729,0.31780716904046,0.0675649386032631,0.507013405506412
"285","974","1","1","1","2",0,-0.517830468403387,1.72937926848196,0.106720149025474,2.52215021867828,1.22459298388913,0.447158134025757,1.47959771673459,0.31780716904046,0.0675649386032631,0.507013405506412
"286","974","0","1","1","2",0,-0.517830468403387,1.72937926848196,0.106720149025474,2.52215021867828,-1.22459298388913,1.34147440207727,1.55177321511189,0.31780716904046,0.0675649386032631,0.507013405506412
"287","974","0","1","1","2",0,-0.517830468403387,1.72937926848196,0.106720149025474,2.52215021867828,0,1.34147440207727,1.62394871348918,0.31780716904046,0.0675649386032631,0.507013405506412
"288","974","1","1","1","2",0,-0.517830468403387,1.72937926848196,0.106720149025474,2.52215021867828,1.22459298388913,1.34147440207727,1.69612421186648,0.31780716904046,0.0675649386032631,0.507013405506412
"289","1019","1","1","0",NA,0,-0.517830468403387,-0.465002765346231,0.106720149025474,-0.737508737051909,-1.22459298388913,-1.34147440207727,-1.69612421186648,NA,NA,NA
"290","1019","1","1","0",NA,0,-0.517830468403387,-0.465002765346231,0.106720149025474,-0.737508737051909,0,-1.34147440207727,-1.62394871348918,NA,NA,NA
"291","1019","1","1","0",NA,0,-0.517830468403387,-0.465002765346231,0.106720149025474,-0.737508737051909,1.22459298388913,-1.34147440207727,-1.55177321511189,NA,NA,NA
"292","1019","1","1","0",NA,0,-0.517830468403387,-0.465002765346231,0.106720149025474,-0.737508737051909,-1.22459298388913,-0.447158134025757,-1.47959771673459,NA,NA,NA
"293","1019","1","1","0",NA,0,-0.517830468403387,-0.465002765346231,0.106720149025474,-0.737508737051909,0,-0.447158134025757,-1.40742221835729,NA,NA,NA
"294","1019","1","1","0",NA,0,-0.517830468403387,-0.465002765346231,0.106720149025474,-0.737508737051909,1.22459298388913,-0.447158134025757,-1.33524671998,NA,NA,NA
"295","1019","1","1","0",NA,0,-0.517830468403387,-0.465002765346231,0.106720149025474,-0.737508737051909,-1.22459298388913,0.447158134025757,-1.2630712216027,NA,NA,NA
"296","1019","1","1","0",NA,0,-0.517830468403387,-0.465002765346231,0.106720149025474,-0.737508737051909,0,0.447158134025757,-1.1908957232254,NA,NA,NA
"297","1019","1","1","0",NA,0,-0.517830468403387,-0.465002765346231,0.106720149025474,-0.737508737051909,1.22459298388913,0.447158134025757,-1.1187202248481,NA,NA,NA
"298","1019","1","1","0",NA,0,-0.517830468403387,-0.465002765346231,0.106720149025474,-0.737508737051909,-1.22459298388913,1.34147440207727,-1.04654472647081,NA,NA,NA
"299","1019","1","1","0",NA,0,-0.517830468403387,-0.465002765346231,0.106720149025474,-0.737508737051909,0,1.34147440207727,-0.97436922809351,NA,NA,NA
"300","1019","1","1","0",NA,0,-0.517830468403387,-0.465002765346231,0.106720149025474,-0.737508737051909,1.22459298388913,1.34147440207727,-0.902193729716213,NA,NA,NA
"301","1019","1","1","0",NA,0,-0.517830468403387,-0.465002765346231,0.106720149025474,-0.737508737051909,-1.22459298388913,-1.34147440207727,-0.830018231338916,NA,NA,NA
"302","1019","1","1","0",NA,1,-0.517830468403387,-0.465002765346231,0.106720149025474,-0.737508737051909,0,-1.34147440207727,-0.757842732961619,NA,NA,NA
"303","1019","1","1","0",NA,0,-0.517830468403387,-0.465002765346231,0.106720149025474,-0.737508737051909,1.22459298388913,-1.34147440207727,-0.685667234584322,NA,NA,NA
"304","1019","1","1","0",NA,0,-0.517830468403387,-0.465002765346231,0.106720149025474,-0.737508737051909,-1.22459298388913,-0.447158134025757,-0.613491736207025,NA,NA,NA
"305","1019","1","1","0",NA,0,-0.517830468403387,-0.465002765346231,0.106720149025474,-0.737508737051909,0,-0.447158134025757,-0.541316237829728,NA,NA,NA
"306","1019","1","1","0",NA,0,-0.517830468403387,-0.465002765346231,0.106720149025474,-0.737508737051909,1.22459298388913,-0.447158134025757,-0.469140739452431,NA,NA,NA
"307","1019","1","1","0",NA,0,-0.517830468403387,-0.465002765346231,0.106720149025474,-0.737508737051909,-1.22459298388913,0.447158134025757,-0.396965241075134,NA,NA,NA
"308","1019","1","1","0",NA,0,-0.517830468403387,-0.465002765346231,0.106720149025474,-0.737508737051909,0,0.447158134025757,-0.324789742697837,NA,NA,NA
"309","1019","1","1","0",NA,0,-0.517830468403387,-0.465002765346231,0.106720149025474,-0.737508737051909,1.22459298388913,0.447158134025757,-0.25261424432054,NA,NA,NA
"310","1019","1","1","0",NA,0,-0.517830468403387,-0.465002765346231,0.106720149025474,-0.737508737051909,-1.22459298388913,1.34147440207727,-0.180438745943243,NA,NA,NA
"311","1019","1","1","0",NA,0,-0.517830468403387,-0.465002765346231,0.106720149025474,-0.737508737051909,0,1.34147440207727,-0.108263247565946,NA,NA,NA
"312","1019","1","1","0",NA,0,-0.517830468403387,-0.465002765346231,0.106720149025474,-0.737508737051909,1.22459298388913,1.34147440207727,-0.0360877491886485,NA,NA,NA
"313","1019","0","1","1",NA,0,-0.517830468403387,-0.465002765346231,0.106720149025474,-0.737508737051909,-1.22459298388913,-1.34147440207727,0.0360877491886485,NA,NA,NA
"315","1019","0","1","1",NA,0,-0.517830468403387,-0.465002765346231,0.106720149025474,-0.737508737051909,1.22459298388913,-1.34147440207727,0.180438745943243,NA,NA,NA
"316","1019","0","1","1",NA,0,-0.517830468403387,-0.465002765346231,0.106720149025474,-0.737508737051909,-1.22459298388913,-0.447158134025757,0.25261424432054,NA,NA,NA
"317","1019","0","1","1",NA,0,-0.517830468403387,-0.465002765346231,0.106720149025474,-0.737508737051909,0,-0.447158134025757,0.324789742697837,NA,NA,NA
"318","1019","0","1","1",NA,0,-0.517830468403387,-0.465002765346231,0.106720149025474,-0.737508737051909,1.22459298388913,-0.447158134025757,0.396965241075134,NA,NA,NA
"319","1019","0","1","1",NA,0,-0.517830468403387,-0.465002765346231,0.106720149025474,-0.737508737051909,-1.22459298388913,0.447158134025757,0.469140739452431,NA,NA,NA
"320","1019","1","1","1",NA,0,-0.517830468403387,-0.465002765346231,0.106720149025474,-0.737508737051909,0,0.447158134025757,0.541316237829728,NA,NA,NA
"321","1019","0","1","1",NA,0,-0.517830468403387,-0.465002765346231,0.106720149025474,-0.737508737051909,1.22459298388913,0.447158134025757,0.613491736207025,NA,NA,NA
"322","1019","0","1","1",NA,0,-0.517830468403387,-0.465002765346231,0.106720149025474,-0.737508737051909,-1.22459298388913,1.34147440207727,0.685667234584322,NA,NA,NA
"323","1019","0","1","1",NA,0,-0.517830468403387,-0.465002765346231,0.106720149025474,-0.737508737051909,0,1.34147440207727,0.757842732961619,NA,NA,NA
"324","1019","0","1","1",NA,0,-0.517830468403387,-0.465002765346231,0.106720149025474,-0.737508737051909,1.22459298388913,1.34147440207727,0.830018231338916,NA,NA,NA
"325","1019","0","1","1",NA,0,-0.517830468403387,-0.465002765346231,0.106720149025474,-0.737508737051909,-1.22459298388913,-1.34147440207727,0.902193729716213,NA,NA,NA
"327","1019","0","1","1",NA,0,-0.517830468403387,-0.465002765346231,0.106720149025474,-0.737508737051909,1.22459298388913,-1.34147440207727,1.04654472647081,NA,NA,NA
"328","1019","0","1","1",NA,0,-0.517830468403387,-0.465002765346231,0.106720149025474,-0.737508737051909,-1.22459298388913,-0.447158134025757,1.1187202248481,NA,NA,NA
"329","1019","0","1","1",NA,0,-0.517830468403387,-0.465002765346231,0.106720149025474,-0.737508737051909,0,-0.447158134025757,1.1908957232254,NA,NA,NA
"330","1019","0","1","1",NA,0,-0.517830468403387,-0.465002765346231,0.106720149025474,-0.737508737051909,1.22459298388913,-0.447158134025757,1.2630712216027,NA,NA,NA
"331","1019","0","1","1",NA,0,-0.517830468403387,-0.465002765346231,0.106720149025474,-0.737508737051909,-1.22459298388913,0.447158134025757,1.33524671998,NA,NA,NA
"332","1019","0","1","1",NA,0,-0.517830468403387,-0.465002765346231,0.106720149025474,-0.737508737051909,0,0.447158134025757,1.40742221835729,NA,NA,NA
"333","1019","0","1","1",NA,0,-0.517830468403387,-0.465002765346231,0.106720149025474,-0.737508737051909,1.22459298388913,0.447158134025757,1.47959771673459,NA,NA,NA
"334","1019","0","1","1",NA,0,-0.517830468403387,-0.465002765346231,0.106720149025474,-0.737508737051909,-1.22459298388913,1.34147440207727,1.55177321511189,NA,NA,NA
"335","1019","0","1","1",NA,0,-0.517830468403387,-0.465002765346231,0.106720149025474,-0.737508737051909,0,1.34147440207727,1.62394871348918,NA,NA,NA
"336","1019","0","1","1",NA,0,-0.517830468403387,-0.465002765346231,0.106720149025474,-0.737508737051909,1.22459298388913,1.34147440207727,1.69612421186648,NA,NA,NA
"337","1083","1","1","0","2",0,-0.517830468403387,0.985540620314919,0.106720149025474,-0.737508737051909,-1.22459298388913,-1.34147440207727,-1.69612421186648,0.937918718387698,1.41886371066852,1.37001494679392
"338","1083","1","1","0","2",0,-0.517830468403387,0.985540620314919,0.106720149025474,-0.737508737051909,0,-1.34147440207727,-1.62394871348918,0.937918718387698,1.41886371066852,1.37001494679392
"339","1083","1","1","0","2",0,-0.517830468403387,0.985540620314919,0.106720149025474,-0.737508737051909,1.22459298388913,-1.34147440207727,-1.55177321511189,0.937918718387698,1.41886371066852,1.37001494679392
"340","1083","1","1","0","2",0,-0.517830468403387,0.985540620314919,0.106720149025474,-0.737508737051909,-1.22459298388913,-0.447158134025757,-1.47959771673459,0.937918718387698,1.41886371066852,1.37001494679392
"341","1083","1","1","0","2",0,-0.517830468403387,0.985540620314919,0.106720149025474,-0.737508737051909,0,-0.447158134025757,-1.40742221835729,0.937918718387698,1.41886371066852,1.37001494679392
"342","1083","1","1","0","2",0,-0.517830468403387,0.985540620314919,0.106720149025474,-0.737508737051909,1.22459298388913,-0.447158134025757,-1.33524671998,0.937918718387698,1.41886371066852,1.37001494679392
"343","1083","0","1","0","2",0,-0.517830468403387,0.985540620314919,0.106720149025474,-0.737508737051909,-1.22459298388913,0.447158134025757,-1.2630712216027,0.937918718387698,1.41886371066852,1.37001494679392
"344","1083","0","1","0","2",0,-0.517830468403387,0.985540620314919,0.106720149025474,-0.737508737051909,0,0.447158134025757,-1.1908957232254,0.937918718387698,1.41886371066852,1.37001494679392
"345","1083","1","1","0","2",0,-0.517830468403387,0.985540620314919,0.106720149025474,-0.737508737051909,1.22459298388913,0.447158134025757,-1.1187202248481,0.937918718387698,1.41886371066852,1.37001494679392
"346","1083","1","1","0","2",1,-0.517830468403387,0.985540620314919,0.106720149025474,-0.737508737051909,-1.22459298388913,1.34147440207727,-1.04654472647081,0.937918718387698,1.41886371066852,1.37001494679392
"347","1083","0","1","0","2",0,-0.517830468403387,0.985540620314919,0.106720149025474,-0.737508737051909,0,1.34147440207727,-0.97436922809351,0.937918718387698,1.41886371066852,1.37001494679392
"348","1083","1","1","0","2",1,-0.517830468403387,0.985540620314919,0.106720149025474,-0.737508737051909,1.22459298388913,1.34147440207727,-0.902193729716213,0.937918718387698,1.41886371066852,1.37001494679392
"349","1083","1","1","0","2",0,-0.517830468403387,0.985540620314919,0.106720149025474,-0.737508737051909,-1.22459298388913,-1.34147440207727,-0.830018231338916,0.937918718387698,1.41886371066852,1.37001494679392
"350","1083","1","1","0","2",0,-0.517830468403387,0.985540620314919,0.106720149025474,-0.737508737051909,0,-1.34147440207727,-0.757842732961619,0.937918718387698,1.41886371066852,1.37001494679392
"351","1083","1","1","0","2",0,-0.517830468403387,0.985540620314919,0.106720149025474,-0.737508737051909,1.22459298388913,-1.34147440207727,-0.685667234584322,0.937918718387698,1.41886371066852,1.37001494679392
"352","1083","1","1","0","2",0,-0.517830468403387,0.985540620314919,0.106720149025474,-0.737508737051909,-1.22459298388913,-0.447158134025757,-0.613491736207025,0.937918718387698,1.41886371066852,1.37001494679392
"353","1083","1","1","0","2",0,-0.517830468403387,0.985540620314919,0.106720149025474,-0.737508737051909,0,-0.447158134025757,-0.541316237829728,0.937918718387698,1.41886371066852,1.37001494679392
"354","1083","1","1","0","2",0,-0.517830468403387,0.985540620314919,0.106720149025474,-0.737508737051909,1.22459298388913,-0.447158134025757,-0.469140739452431,0.937918718387698,1.41886371066852,1.37001494679392
"355","1083","1","1","0","2",0,-0.517830468403387,0.985540620314919,0.106720149025474,-0.737508737051909,-1.22459298388913,0.447158134025757,-0.396965241075134,0.937918718387698,1.41886371066852,1.37001494679392
"356","1083","1","1","0","2",1,-0.517830468403387,0.985540620314919,0.106720149025474,-0.737508737051909,0,0.447158134025757,-0.324789742697837,0.937918718387698,1.41886371066852,1.37001494679392
"357","1083","1","1","0","2",0,-0.517830468403387,0.985540620314919,0.106720149025474,-0.737508737051909,1.22459298388913,0.447158134025757,-0.25261424432054,0.937918718387698,1.41886371066852,1.37001494679392
"358","1083","0","1","0","2",0,-0.517830468403387,0.985540620314919,0.106720149025474,-0.737508737051909,-1.22459298388913,1.34147440207727,-0.180438745943243,0.937918718387698,1.41886371066852,1.37001494679392
"359","1083","0","1","0","2",0,-0.517830468403387,0.985540620314919,0.106720149025474,-0.737508737051909,0,1.34147440207727,-0.108263247565946,0.937918718387698,1.41886371066852,1.37001494679392
"360","1083","0","1","0","2",0,-0.517830468403387,0.985540620314919,0.106720149025474,-0.737508737051909,1.22459298388913,1.34147440207727,-0.0360877491886485,0.937918718387698,1.41886371066852,1.37001494679392
"361","1083","1","1","1","2",0,-0.517830468403387,0.985540620314919,0.106720149025474,-0.737508737051909,-1.22459298388913,-1.34147440207727,0.0360877491886485,0.937918718387698,1.41886371066852,1.37001494679392
"362","1083","1","1","1","2",0,-0.517830468403387,0.985540620314919,0.106720149025474,-0.737508737051909,0,-1.34147440207727,0.108263247565946,0.937918718387698,1.41886371066852,1.37001494679392
"363","1083","1","1","1","2",0,-0.517830468403387,0.985540620314919,0.106720149025474,-0.737508737051909,1.22459298388913,-1.34147440207727,0.180438745943243,0.937918718387698,1.41886371066852,1.37001494679392
"364","1083","1","1","1","2",0,-0.517830468403387,0.985540620314919,0.106720149025474,-0.737508737051909,-1.22459298388913,-0.447158134025757,0.25261424432054,0.937918718387698,1.41886371066852,1.37001494679392
"365","1083","1","1","1","2",0,-0.517830468403387,0.985540620314919,0.106720149025474,-0.737508737051909,0,-0.447158134025757,0.324789742697837,0.937918718387698,1.41886371066852,1.37001494679392
"366","1083","1","1","1","2",0,-0.517830468403387,0.985540620314919,0.106720149025474,-0.737508737051909,1.22459298388913,-0.447158134025757,0.396965241075134,0.937918718387698,1.41886371066852,1.37001494679392
"367","1083","1","1","1","2",0,-0.517830468403387,0.985540620314919,0.106720149025474,-0.737508737051909,-1.22459298388913,0.447158134025757,0.469140739452431,0.937918718387698,1.41886371066852,1.37001494679392
"369","1083","0","1","1","2",0,-0.517830468403387,0.985540620314919,0.106720149025474,-0.737508737051909,1.22459298388913,0.447158134025757,0.613491736207025,0.937918718387698,1.41886371066852,1.37001494679392
"371","1083","0","1","1","2",0,-0.517830468403387,0.985540620314919,0.106720149025474,-0.737508737051909,0,1.34147440207727,0.757842732961619,0.937918718387698,1.41886371066852,1.37001494679392
"372","1083","0","1","1","2",0,-0.517830468403387,0.985540620314919,0.106720149025474,-0.737508737051909,1.22459298388913,1.34147440207727,0.830018231338916,0.937918718387698,1.41886371066852,1.37001494679392
"373","1083","1","1","1","2",0,-0.517830468403387,0.985540620314919,0.106720149025474,-0.737508737051909,-1.22459298388913,-1.34147440207727,0.902193729716213,0.937918718387698,1.41886371066852,1.37001494679392
"374","1083","1","1","1","2",0,-0.517830468403387,0.985540620314919,0.106720149025474,-0.737508737051909,0,-1.34147440207727,0.97436922809351,0.937918718387698,1.41886371066852,1.37001494679392
"375","1083","1","1","1","2",0,-0.517830468403387,0.985540620314919,0.106720149025474,-0.737508737051909,1.22459298388913,-1.34147440207727,1.04654472647081,0.937918718387698,1.41886371066852,1.37001494679392
"376","1083","1","1","1","2",0,-0.517830468403387,0.985540620314919,0.106720149025474,-0.737508737051909,-1.22459298388913,-0.447158134025757,1.1187202248481,0.937918718387698,1.41886371066852,1.37001494679392
"377","1083","1","1","1","2",0,-0.517830468403387,0.985540620314919,0.106720149025474,-0.737508737051909,0,-0.447158134025757,1.1908957232254,0.937918718387698,1.41886371066852,1.37001494679392
"378","1083","1","1","1","2",0,-0.517830468403387,0.985540620314919,0.106720149025474,-0.737508737051909,1.22459298388913,-0.447158134025757,1.2630712216027,0.937918718387698,1.41886371066852,1.37001494679392
"379","1083","1","1","1","2",0,-0.517830468403387,0.985540620314919,0.106720149025474,-0.737508737051909,-1.22459298388913,0.447158134025757,1.33524671998,0.937918718387698,1.41886371066852,1.37001494679392
"380","1083","1","1","1","2",0,-0.517830468403387,0.985540620314919,0.106720149025474,-0.737508737051909,0,0.447158134025757,1.40742221835729,0.937918718387698,1.41886371066852,1.37001494679392
"381","1083","1","1","1","2",0,-0.517830468403387,0.985540620314919,0.106720149025474,-0.737508737051909,1.22459298388913,0.447158134025757,1.47959771673459,0.937918718387698,1.41886371066852,1.37001494679392
"382","1083","0","1","1","2",0,-0.517830468403387,0.985540620314919,0.106720149025474,-0.737508737051909,-1.22459298388913,1.34147440207727,1.55177321511189,0.937918718387698,1.41886371066852,1.37001494679392
"383","1083","0","1","1","2",0,-0.517830468403387,0.985540620314919,0.106720149025474,-0.737508737051909,0,1.34147440207727,1.62394871348918,0.937918718387698,1.41886371066852,1.37001494679392
"384","1083","0","1","1","2",0,-0.517830468403387,0.985540620314919,0.106720149025474,-0.737508737051909,1.22459298388913,1.34147440207727,1.69612421186648,0.937918718387698,1.41886371066852,1.37001494679392
"387","1126","1","0","0","2",0,-0.517830468403387,2.36645792346433,2.35932928796715,1.21859961372233,1.22459298388913,-1.34147440207727,-1.55177321511189,0.31780716904046,0.0675649386032631,0.507013405506412
"388","1126","1","0","0","2",0,-0.517830468403387,2.36645792346433,2.35932928796715,1.21859961372233,-1.22459298388913,-0.447158134025757,-1.47959771673459,0.31780716904046,0.0675649386032631,0.507013405506412
"389","1126","1","0","0","2",0,-0.517830468403387,2.36645792346433,2.35932928796715,1.21859961372233,0,-0.447158134025757,-1.40742221835729,0.31780716904046,0.0675649386032631,0.507013405506412
"390","1126","1","0","0","2",0,-0.517830468403387,2.36645792346433,2.35932928796715,1.21859961372233,1.22459298388913,-0.447158134025757,-1.33524671998,0.31780716904046,0.0675649386032631,0.507013405506412
"392","1126","1","0","0","2",0,-0.517830468403387,2.36645792346433,2.35932928796715,1.21859961372233,0,0.447158134025757,-1.1908957232254,0.31780716904046,0.0675649386032631,0.507013405506412
"393","1126","1","0","0","2",0,-0.517830468403387,2.36645792346433,2.35932928796715,1.21859961372233,1.22459298388913,0.447158134025757,-1.1187202248481,0.31780716904046,0.0675649386032631,0.507013405506412
"394","1126","1","0","0","2",0,-0.517830468403387,2.36645792346433,2.35932928796715,1.21859961372233,-1.22459298388913,1.34147440207727,-1.04654472647081,0.31780716904046,0.0675649386032631,0.507013405506412
"395","1126","1","0","0","2",0,-0.517830468403387,2.36645792346433,2.35932928796715,1.21859961372233,0,1.34147440207727,-0.97436922809351,0.31780716904046,0.0675649386032631,0.507013405506412
"396","1126","1","0","0","2",0,-0.517830468403387,2.36645792346433,2.35932928796715,1.21859961372233,1.22459298388913,1.34147440207727,-0.902193729716213,0.31780716904046,0.0675649386032631,0.507013405506412
"397","1126","1","0","0","2",0,-0.517830468403387,2.36645792346433,2.35932928796715,1.21859961372233,-1.22459298388913,-1.34147440207727,-0.830018231338916,0.31780716904046,0.0675649386032631,0.507013405506412
"398","1126","1","0","0","2",1,-0.517830468403387,2.36645792346433,2.35932928796715,1.21859961372233,0,-1.34147440207727,-0.757842732961619,0.31780716904046,0.0675649386032631,0.507013405506412
"399","1126","1","0","0","2",0,-0.517830468403387,2.36645792346433,2.35932928796715,1.21859961372233,1.22459298388913,-1.34147440207727,-0.685667234584322,0.31780716904046,0.0675649386032631,0.507013405506412
"400","1126","1","0","0","2",1,-0.517830468403387,2.36645792346433,2.35932928796715,1.21859961372233,-1.22459298388913,-0.447158134025757,-0.613491736207025,0.31780716904046,0.0675649386032631,0.507013405506412
"401","1126","1","0","0","2",0,-0.517830468403387,2.36645792346433,2.35932928796715,1.21859961372233,0,-0.447158134025757,-0.541316237829728,0.31780716904046,0.0675649386032631,0.507013405506412
"402","1126","1","0","0","2",0,-0.517830468403387,2.36645792346433,2.35932928796715,1.21859961372233,1.22459298388913,-0.447158134025757,-0.469140739452431,0.31780716904046,0.0675649386032631,0.507013405506412
"403","1126","1","0","0","2",0,-0.517830468403387,2.36645792346433,2.35932928796715,1.21859961372233,-1.22459298388913,0.447158134025757,-0.396965241075134,0.31780716904046,0.0675649386032631,0.507013405506412
"404","1126","1","0","0","2",1,-0.517830468403387,2.36645792346433,2.35932928796715,1.21859961372233,0,0.447158134025757,-0.324789742697837,0.31780716904046,0.0675649386032631,0.507013405506412
"405","1126","1","0","0","2",1,-0.517830468403387,2.36645792346433,2.35932928796715,1.21859961372233,1.22459298388913,0.447158134025757,-0.25261424432054,0.31780716904046,0.0675649386032631,0.507013405506412
"406","1126","1","0","0","2",1,-0.517830468403387,2.36645792346433,2.35932928796715,1.21859961372233,-1.22459298388913,1.34147440207727,-0.180438745943243,0.31780716904046,0.0675649386032631,0.507013405506412
"407","1126","1","0","0","2",0,-0.517830468403387,2.36645792346433,2.35932928796715,1.21859961372233,0,1.34147440207727,-0.108263247565946,0.31780716904046,0.0675649386032631,0.507013405506412
"408","1126","1","0","0","2",1,-0.517830468403387,2.36645792346433,2.35932928796715,1.21859961372233,1.22459298388913,1.34147440207727,-0.0360877491886485,0.31780716904046,0.0675649386032631,0.507013405506412
"409","1126","1","0","1","2",0,-0.517830468403387,2.36645792346433,2.35932928796715,1.21859961372233,-1.22459298388913,-1.34147440207727,0.0360877491886485,0.31780716904046,0.0675649386032631,0.507013405506412
"411","1126","1","0","1","2",0,-0.517830468403387,2.36645792346433,2.35932928796715,1.21859961372233,1.22459298388913,-1.34147440207727,0.180438745943243,0.31780716904046,0.0675649386032631,0.507013405506412
"413","1126","1","0","1","2",0,-0.517830468403387,2.36645792346433,2.35932928796715,1.21859961372233,0,-0.447158134025757,0.324789742697837,0.31780716904046,0.0675649386032631,0.507013405506412
"414","1126","0","0","1","2",0,-0.517830468403387,2.36645792346433,2.35932928796715,1.21859961372233,1.22459298388913,-0.447158134025757,0.396965241075134,0.31780716904046,0.0675649386032631,0.507013405506412
"415","1126","1","0","1","2",0,-0.517830468403387,2.36645792346433,2.35932928796715,1.21859961372233,-1.22459298388913,0.447158134025757,0.469140739452431,0.31780716904046,0.0675649386032631,0.507013405506412
"419","1126","1","0","1","2",0,-0.517830468403387,2.36645792346433,2.35932928796715,1.21859961372233,0,1.34147440207727,0.757842732961619,0.31780716904046,0.0675649386032631,0.507013405506412
"421","1126","1","0","1","2",0,-0.517830468403387,2.36645792346433,2.35932928796715,1.21859961372233,-1.22459298388913,-1.34147440207727,0.902193729716213,0.31780716904046,0.0675649386032631,0.507013405506412
"422","1126","1","0","1","2",0,-0.517830468403387,2.36645792346433,2.35932928796715,1.21859961372233,0,-1.34147440207727,0.97436922809351,0.31780716904046,0.0675649386032631,0.507013405506412
"423","1126","1","0","1","2",0,-0.517830468403387,2.36645792346433,2.35932928796715,1.21859961372233,1.22459298388913,-1.34147440207727,1.04654472647081,0.31780716904046,0.0675649386032631,0.507013405506412
"424","1126","1","0","1","2",0,-0.517830468403387,2.36645792346433,2.35932928796715,1.21859961372233,-1.22459298388913,-0.447158134025757,1.1187202248481,0.31780716904046,0.0675649386032631,0.507013405506412
"425","1126","1","0","1","2",0,-0.517830468403387,2.36645792346433,2.35932928796715,1.21859961372233,0,-0.447158134025757,1.1908957232254,0.31780716904046,0.0675649386032631,0.507013405506412
"426","1126","1","0","1","2",0,-0.517830468403387,2.36645792346433,2.35932928796715,1.21859961372233,1.22459298388913,-0.447158134025757,1.2630712216027,0.31780716904046,0.0675649386032631,0.507013405506412
"427","1126","1","0","1","2",0,-0.517830468403387,2.36645792346433,2.35932928796715,1.21859961372233,-1.22459298388913,0.447158134025757,1.33524671998,0.31780716904046,0.0675649386032631,0.507013405506412
"428","1126","1","0","1","2",0,-0.517830468403387,2.36645792346433,2.35932928796715,1.21859961372233,0,0.447158134025757,1.40742221835729,0.31780716904046,0.0675649386032631,0.507013405506412
"429","1126","1","0","1","2",0,-0.517830468403387,2.36645792346433,2.35932928796715,1.21859961372233,1.22459298388913,0.447158134025757,1.47959771673459,0.31780716904046,0.0675649386032631,0.507013405506412
"430","1126","1","0","1","2",0,-0.517830468403387,2.36645792346433,2.35932928796715,1.21859961372233,-1.22459298388913,1.34147440207727,1.55177321511189,0.31780716904046,0.0675649386032631,0.507013405506412
"431","1126","1","0","1","2",0,-0.517830468403387,2.36645792346433,2.35932928796715,1.21859961372233,0,1.34147440207727,1.62394871348918,0.31780716904046,0.0675649386032631,0.507013405506412
"432","1126","1","0","1","2",0,-0.517830468403387,2.36645792346433,2.35932928796715,1.21859961372233,1.22459298388913,1.34147440207727,1.69612421186648,0.31780716904046,0.0675649386032631,0.507013405506412
"433","1252","1","1","0","1",0,-0.517830468403387,0.791748023990589,-0.455418664291706,-0.0849509912336239,-1.22459298388913,-1.34147440207727,-1.69612421186648,-0.302304380306779,0.0675649386032631,-0.355988135781098
"435","1252","1","1","0","1",0,-0.517830468403387,0.791748023990589,-0.455418664291706,-0.0849509912336239,1.22459298388913,-1.34147440207727,-1.55177321511189,-0.302304380306779,0.0675649386032631,-0.355988135781098
"436","1252","1","1","0","1",0,-0.517830468403387,0.791748023990589,-0.455418664291706,-0.0849509912336239,-1.22459298388913,-0.447158134025757,-1.47959771673459,-0.302304380306779,0.0675649386032631,-0.355988135781098
"437","1252","1","1","0","1",1,-0.517830468403387,0.791748023990589,-0.455418664291706,-0.0849509912336239,0,-0.447158134025757,-1.40742221835729,-0.302304380306779,0.0675649386032631,-0.355988135781098
"438","1252","1","1","0","1",0,-0.517830468403387,0.791748023990589,-0.455418664291706,-0.0849509912336239,1.22459298388913,-0.447158134025757,-1.33524671998,-0.302304380306779,0.0675649386032631,-0.355988135781098
"439","1252","1","1","0","1",1,-0.517830468403387,0.791748023990589,-0.455418664291706,-0.0849509912336239,-1.22459298388913,0.447158134025757,-1.2630712216027,-0.302304380306779,0.0675649386032631,-0.355988135781098
"440","1252","1","1","0","1",0,-0.517830468403387,0.791748023990589,-0.455418664291706,-0.0849509912336239,0,0.447158134025757,-1.1908957232254,-0.302304380306779,0.0675649386032631,-0.355988135781098
"441","1252","1","1","0","1",0,-0.517830468403387,0.791748023990589,-0.455418664291706,-0.0849509912336239,1.22459298388913,0.447158134025757,-1.1187202248481,-0.302304380306779,0.0675649386032631,-0.355988135781098
"442","1252","0","1","0","1",0,-0.517830468403387,0.791748023990589,-0.455418664291706,-0.0849509912336239,-1.22459298388913,1.34147440207727,-1.04654472647081,-0.302304380306779,0.0675649386032631,-0.355988135781098
"443","1252","1","1","0","1",0,-0.517830468403387,0.791748023990589,-0.455418664291706,-0.0849509912336239,0,1.34147440207727,-0.97436922809351,-0.302304380306779,0.0675649386032631,-0.355988135781098
"444","1252","0","1","0","1",0,-0.517830468403387,0.791748023990589,-0.455418664291706,-0.0849509912336239,1.22459298388913,1.34147440207727,-0.902193729716213,-0.302304380306779,0.0675649386032631,-0.355988135781098
"445","1252","1","1","0","1",1,-0.517830468403387,0.791748023990589,-0.455418664291706,-0.0849509912336239,-1.22459298388913,-1.34147440207727,-0.830018231338916,-0.302304380306779,0.0675649386032631,-0.355988135781098
"446","1252","1","1","0","1",0,-0.517830468403387,0.791748023990589,-0.455418664291706,-0.0849509912336239,0,-1.34147440207727,-0.757842732961619,-0.302304380306779,0.0675649386032631,-0.355988135781098
"447","1252","1","1","0","1",0,-0.517830468403387,0.791748023990589,-0.455418664291706,-0.0849509912336239,1.22459298388913,-1.34147440207727,-0.685667234584322,-0.302304380306779,0.0675649386032631,-0.355988135781098
"448","1252","1","1","0","1",0,-0.517830468403387,0.791748023990589,-0.455418664291706,-0.0849509912336239,-1.22459298388913,-0.447158134025757,-0.613491736207025,-0.302304380306779,0.0675649386032631,-0.355988135781098
"449","1252","1","1","0","1",0,-0.517830468403387,0.791748023990589,-0.455418664291706,-0.0849509912336239,0,-0.447158134025757,-0.541316237829728,-0.302304380306779,0.0675649386032631,-0.355988135781098
"450","1252","0","1","0","1",0,-0.517830468403387,0.791748023990589,-0.455418664291706,-0.0849509912336239,1.22459298388913,-0.447158134025757,-0.469140739452431,-0.302304380306779,0.0675649386032631,-0.355988135781098
"451","1252","1","1","0","1",0,-0.517830468403387,0.791748023990589,-0.455418664291706,-0.0849509912336239,-1.22459298388913,0.447158134025757,-0.396965241075134,-0.302304380306779,0.0675649386032631,-0.355988135781098
"452","1252","1","1","0","1",0,-0.517830468403387,0.791748023990589,-0.455418664291706,-0.0849509912336239,0,0.447158134025757,-0.324789742697837,-0.302304380306779,0.0675649386032631,-0.355988135781098
"453","1252","1","1","0","1",0,-0.517830468403387,0.791748023990589,-0.455418664291706,-0.0849509912336239,1.22459298388913,0.447158134025757,-0.25261424432054,-0.302304380306779,0.0675649386032631,-0.355988135781098
"454","1252","1","1","0","1",0,-0.517830468403387,0.791748023990589,-0.455418664291706,-0.0849509912336239,-1.22459298388913,1.34147440207727,-0.180438745943243,-0.302304380306779,0.0675649386032631,-0.355988135781098
"455","1252","1","1","0","1",0,-0.517830468403387,0.791748023990589,-0.455418664291706,-0.0849509912336239,0,1.34147440207727,-0.108263247565946,-0.302304380306779,0.0675649386032631,-0.355988135781098
"456","1252","1","1","0","1",0,-0.517830468403387,0.791748023990589,-0.455418664291706,-0.0849509912336239,1.22459298388913,1.34147440207727,-0.0360877491886485,-0.302304380306779,0.0675649386032631,-0.355988135781098
"458","1252","1","1","1","1",0,-0.517830468403387,0.791748023990589,-0.455418664291706,-0.0849509912336239,0,-1.34147440207727,0.108263247565946,-0.302304380306779,0.0675649386032631,-0.355988135781098
"459","1252","1","1","1","1",0,-0.517830468403387,0.791748023990589,-0.455418664291706,-0.0849509912336239,1.22459298388913,-1.34147440207727,0.180438745943243,-0.302304380306779,0.0675649386032631,-0.355988135781098
"460","1252","1","1","1","1",0,-0.517830468403387,0.791748023990589,-0.455418664291706,-0.0849509912336239,-1.22459298388913,-0.447158134025757,0.25261424432054,-0.302304380306779,0.0675649386032631,-0.355988135781098
"461","1252","1","1","1","1",0,-0.517830468403387,0.791748023990589,-0.455418664291706,-0.0849509912336239,0,-0.447158134025757,0.324789742697837,-0.302304380306779,0.0675649386032631,-0.355988135781098
"462","1252","0","1","1","1",0,-0.517830468403387,0.791748023990589,-0.455418664291706,-0.0849509912336239,1.22459298388913,-0.447158134025757,0.396965241075134,-0.302304380306779,0.0675649386032631,-0.355988135781098
"463","1252","1","1","1","1",0,-0.517830468403387,0.791748023990589,-0.455418664291706,-0.0849509912336239,-1.22459298388913,0.447158134025757,0.469140739452431,-0.302304380306779,0.0675649386032631,-0.355988135781098
"464","1252","1","1","1","1",0,-0.517830468403387,0.791748023990589,-0.455418664291706,-0.0849509912336239,0,0.447158134025757,0.541316237829728,-0.302304380306779,0.0675649386032631,-0.355988135781098
"465","1252","1","1","1","1",0,-0.517830468403387,0.791748023990589,-0.455418664291706,-0.0849509912336239,1.22459298388913,0.447158134025757,0.613491736207025,-0.302304380306779,0.0675649386032631,-0.355988135781098
"466","1252","1","1","1","1",0,-0.517830468403387,0.791748023990589,-0.455418664291706,-0.0849509912336239,-1.22459298388913,1.34147440207727,0.685667234584322,-0.302304380306779,0.0675649386032631,-0.355988135781098
"467","1252","0","1","1","1",0,-0.517830468403387,0.791748023990589,-0.455418664291706,-0.0849509912336239,0,1.34147440207727,0.757842732961619,-0.302304380306779,0.0675649386032631,-0.355988135781098
"468","1252","0","1","1","1",0,-0.517830468403387,0.791748023990589,-0.455418664291706,-0.0849509912336239,1.22459298388913,1.34147440207727,0.830018231338916,-0.302304380306779,0.0675649386032631,-0.355988135781098
"469","1252","1","1","1","1",0,-0.517830468403387,0.791748023990589,-0.455418664291706,-0.0849509912336239,-1.22459298388913,-1.34147440207727,0.902193729716213,-0.302304380306779,0.0675649386032631,-0.355988135781098
"470","1252","1","1","1","1",0,-0.517830468403387,0.791748023990589,-0.455418664291706,-0.0849509912336239,0,-1.34147440207727,0.97436922809351,-0.302304380306779,0.0675649386032631,-0.355988135781098
"471","1252","1","1","1","1",0,-0.517830468403387,0.791748023990589,-0.455418664291706,-0.0849509912336239,1.22459298388913,-1.34147440207727,1.04654472647081,-0.302304380306779,0.0675649386032631,-0.355988135781098
"472","1252","1","1","1","1",0,-0.517830468403387,0.791748023990589,-0.455418664291706,-0.0849509912336239,-1.22459298388913,-0.447158134025757,1.1187202248481,-0.302304380306779,0.0675649386032631,-0.355988135781098
"473","1252","1","1","1","1",0,-0.517830468403387,0.791748023990589,-0.455418664291706,-0.0849509912336239,0,-0.447158134025757,1.1908957232254,-0.302304380306779,0.0675649386032631,-0.355988135781098
"474","1252","1","1","1","1",0,-0.517830468403387,0.791748023990589,-0.455418664291706,-0.0849509912336239,1.22459298388913,-0.447158134025757,1.2630712216027,-0.302304380306779,0.0675649386032631,-0.355988135781098
"475","1252","1","1","1","1",0,-0.517830468403387,0.791748023990589,-0.455418664291706,-0.0849509912336239,-1.22459298388913,0.447158134025757,1.33524671998,-0.302304380306779,0.0675649386032631,-0.355988135781098
"476","1252","1","1","1","1",0,-0.517830468403387,0.791748023990589,-0.455418664291706,-0.0849509912336239,0,0.447158134025757,1.40742221835729,-0.302304380306779,0.0675649386032631,-0.355988135781098
"477","1252","1","1","1","1",0,-0.517830468403387,0.791748023990589,-0.455418664291706,-0.0849509912336239,1.22459298388913,0.447158134025757,1.47959771673459,-0.302304380306779,0.0675649386032631,-0.355988135781098
"478","1252","1","1","1","1",0,-0.517830468403387,0.791748023990589,-0.455418664291706,-0.0849509912336239,-1.22459298388913,1.34147440207727,1.55177321511189,-0.302304380306779,0.0675649386032631,-0.355988135781098
"479","1252","1","1","1","1",0,-0.517830468403387,0.791748023990589,-0.455418664291706,-0.0849509912336239,0,1.34147440207727,1.62394871348918,-0.302304380306779,0.0675649386032631,-0.355988135781098
"480","1252","1","1","1","1",0,-0.517830468403387,0.791748023990589,-0.455418664291706,-0.0849509912336239,1.22459298388913,1.34147440207727,1.69612421186648,-0.302304380306779,0.0675649386032631,-0.355988135781098
"481","1363","0","0","0","1",0,-0.517830468403387,0.501639346858359,1.23370036610847,-0.737508737051909,-1.22459298388913,-1.34147440207727,-1.69612421186648,-0.302304380306779,0.0675649386032631,-0.355988135781098
"482","1363","1","0","0","1",0,-0.517830468403387,0.501639346858359,1.23370036610847,-0.737508737051909,0,-1.34147440207727,-1.62394871348918,-0.302304380306779,0.0675649386032631,-0.355988135781098
"483","1363","1","0","0","1",0,-0.517830468403387,0.501639346858359,1.23370036610847,-0.737508737051909,1.22459298388913,-1.34147440207727,-1.55177321511189,-0.302304380306779,0.0675649386032631,-0.355988135781098
"484","1363","1","0","0","1",0,-0.517830468403387,0.501639346858359,1.23370036610847,-0.737508737051909,-1.22459298388913,-0.447158134025757,-1.47959771673459,-0.302304380306779,0.0675649386032631,-0.355988135781098
"485","1363","1","0","0","1",0,-0.517830468403387,0.501639346858359,1.23370036610847,-0.737508737051909,0,-0.447158134025757,-1.40742221835729,-0.302304380306779,0.0675649386032631,-0.355988135781098
"486","1363","1","0","0","1",0,-0.517830468403387,0.501639346858359,1.23370036610847,-0.737508737051909,1.22459298388913,-0.447158134025757,-1.33524671998,-0.302304380306779,0.0675649386032631,-0.355988135781098
"487","1363","0","0","0","1",0,-0.517830468403387,0.501639346858359,1.23370036610847,-0.737508737051909,-1.22459298388913,0.447158134025757,-1.2630712216027,-0.302304380306779,0.0675649386032631,-0.355988135781098
"488","1363","1","0","0","1",0,-0.517830468403387,0.501639346858359,1.23370036610847,-0.737508737051909,0,0.447158134025757,-1.1908957232254,-0.302304380306779,0.0675649386032631,-0.355988135781098
"489","1363","0","0","0","1",0,-0.517830468403387,0.501639346858359,1.23370036610847,-0.737508737051909,1.22459298388913,0.447158134025757,-1.1187202248481,-0.302304380306779,0.0675649386032631,-0.355988135781098
"490","1363","1","0","0","1",0,-0.517830468403387,0.501639346858359,1.23370036610847,-0.737508737051909,-1.22459298388913,1.34147440207727,-1.04654472647081,-0.302304380306779,0.0675649386032631,-0.355988135781098
"491","1363","0","0","0","1",0,-0.517830468403387,0.501639346858359,1.23370036610847,-0.737508737051909,0,1.34147440207727,-0.97436922809351,-0.302304380306779,0.0675649386032631,-0.355988135781098
"492","1363","1","0","0","1",0,-0.517830468403387,0.501639346858359,1.23370036610847,-0.737508737051909,1.22459298388913,1.34147440207727,-0.902193729716213,-0.302304380306779,0.0675649386032631,-0.355988135781098
"493","1363","1","0","0","1",0,-0.517830468403387,0.501639346858359,1.23370036610847,-0.737508737051909,-1.22459298388913,-1.34147440207727,-0.830018231338916,-0.302304380306779,0.0675649386032631,-0.355988135781098
"494","1363","1","0","0","1",0,-0.517830468403387,0.501639346858359,1.23370036610847,-0.737508737051909,0,-1.34147440207727,-0.757842732961619,-0.302304380306779,0.0675649386032631,-0.355988135781098
"495","1363","0","0","0","1",0,-0.517830468403387,0.501639346858359,1.23370036610847,-0.737508737051909,1.22459298388913,-1.34147440207727,-0.685667234584322,-0.302304380306779,0.0675649386032631,-0.355988135781098
"496","1363","1","0","0","1",0,-0.517830468403387,0.501639346858359,1.23370036610847,-0.737508737051909,-1.22459298388913,-0.447158134025757,-0.613491736207025,-0.302304380306779,0.0675649386032631,-0.355988135781098
"497","1363","0","0","0","1",0,-0.517830468403387,0.501639346858359,1.23370036610847,-0.737508737051909,0,-0.447158134025757,-0.541316237829728,-0.302304380306779,0.0675649386032631,-0.355988135781098
"498","1363","0","0","0","1",0,-0.517830468403387,0.501639346858359,1.23370036610847,-0.737508737051909,1.22459298388913,-0.447158134025757,-0.469140739452431,-0.302304380306779,0.0675649386032631,-0.355988135781098
"499","1363","1","0","0","1",1,-0.517830468403387,0.501639346858359,1.23370036610847,-0.737508737051909,-1.22459298388913,0.447158134025757,-0.396965241075134,-0.302304380306779,0.0675649386032631,-0.355988135781098
"500","1363","1","0","0","1",0,-0.517830468403387,0.501639346858359,1.23370036610847,-0.737508737051909,0,0.447158134025757,-0.324789742697837,-0.302304380306779,0.0675649386032631,-0.355988135781098
"501","1363","1","0","0","1",1,-0.517830468403387,0.501639346858359,1.23370036610847,-0.737508737051909,1.22459298388913,0.447158134025757,-0.25261424432054,-0.302304380306779,0.0675649386032631,-0.355988135781098
"502","1363","1","0","0","1",0,-0.517830468403387,0.501639346858359,1.23370036610847,-0.737508737051909,-1.22459298388913,1.34147440207727,-0.180438745943243,-0.302304380306779,0.0675649386032631,-0.355988135781098
"503","1363","0","0","0","1",0,-0.517830468403387,0.501639346858359,1.23370036610847,-0.737508737051909,0,1.34147440207727,-0.108263247565946,-0.302304380306779,0.0675649386032631,-0.355988135781098
"504","1363","1","0","0","1",0,-0.517830468403387,0.501639346858359,1.23370036610847,-0.737508737051909,1.22459298388913,1.34147440207727,-0.0360877491886485,-0.302304380306779,0.0675649386032631,-0.355988135781098
"505","1363","1","0","1","1",0,-0.517830468403387,0.501639346858359,1.23370036610847,-0.737508737051909,-1.22459298388913,-1.34147440207727,0.0360877491886485,-0.302304380306779,0.0675649386032631,-0.355988135781098
"506","1363","1","0","1","1",0,-0.517830468403387,0.501639346858359,1.23370036610847,-0.737508737051909,0,-1.34147440207727,0.108263247565946,-0.302304380306779,0.0675649386032631,-0.355988135781098
"507","1363","1","0","1","1",0,-0.517830468403387,0.501639346858359,1.23370036610847,-0.737508737051909,1.22459298388913,-1.34147440207727,0.180438745943243,-0.302304380306779,0.0675649386032631,-0.355988135781098
"508","1363","1","0","1","1",0,-0.517830468403387,0.501639346858359,1.23370036610847,-0.737508737051909,-1.22459298388913,-0.447158134025757,0.25261424432054,-0.302304380306779,0.0675649386032631,-0.355988135781098
"509","1363","1","0","1","1",0,-0.517830468403387,0.501639346858359,1.23370036610847,-0.737508737051909,0,-0.447158134025757,0.324789742697837,-0.302304380306779,0.0675649386032631,-0.355988135781098
"510","1363","1","0","1","1",0,-0.517830468403387,0.501639346858359,1.23370036610847,-0.737508737051909,1.22459298388913,-0.447158134025757,0.396965241075134,-0.302304380306779,0.0675649386032631,-0.355988135781098
"512","1363","0","0","1","1",0,-0.517830468403387,0.501639346858359,1.23370036610847,-0.737508737051909,0,0.447158134025757,0.541316237829728,-0.302304380306779,0.0675649386032631,-0.355988135781098
"514","1363","1","0","1","1",0,-0.517830468403387,0.501639346858359,1.23370036610847,-0.737508737051909,-1.22459298388913,1.34147440207727,0.685667234584322,-0.302304380306779,0.0675649386032631,-0.355988135781098
"516","1363","1","0","1","1",0,-0.517830468403387,0.501639346858359,1.23370036610847,-0.737508737051909,1.22459298388913,1.34147440207727,0.830018231338916,-0.302304380306779,0.0675649386032631,-0.355988135781098
"517","1363","1","0","1","1",0,-0.517830468403387,0.501639346858359,1.23370036610847,-0.737508737051909,-1.22459298388913,-1.34147440207727,0.902193729716213,-0.302304380306779,0.0675649386032631,-0.355988135781098
"518","1363","0","0","1","1",0,-0.517830468403387,0.501639346858359,1.23370036610847,-0.737508737051909,0,-1.34147440207727,0.97436922809351,-0.302304380306779,0.0675649386032631,-0.355988135781098
"519","1363","1","0","1","1",0,-0.517830468403387,0.501639346858359,1.23370036610847,-0.737508737051909,1.22459298388913,-1.34147440207727,1.04654472647081,-0.302304380306779,0.0675649386032631,-0.355988135781098
"520","1363","0","0","1","1",0,-0.517830468403387,0.501639346858359,1.23370036610847,-0.737508737051909,-1.22459298388913,-0.447158134025757,1.1187202248481,-0.302304380306779,0.0675649386032631,-0.355988135781098
"521","1363","1","0","1","1",0,-0.517830468403387,0.501639346858359,1.23370036610847,-0.737508737051909,0,-0.447158134025757,1.1908957232254,-0.302304380306779,0.0675649386032631,-0.355988135781098
"522","1363","1","0","1","1",0,-0.517830468403387,0.501639346858359,1.23370036610847,-0.737508737051909,1.22459298388913,-0.447158134025757,1.2630712216027,-0.302304380306779,0.0675649386032631,-0.355988135781098
"523","1363","0","0","1","1",0,-0.517830468403387,0.501639346858359,1.23370036610847,-0.737508737051909,-1.22459298388913,0.447158134025757,1.33524671998,-0.302304380306779,0.0675649386032631,-0.355988135781098
"524","1363","1","0","1","1",0,-0.517830468403387,0.501639346858359,1.23370036610847,-0.737508737051909,0,0.447158134025757,1.40742221835729,-0.302304380306779,0.0675649386032631,-0.355988135781098
"525","1363","1","0","1","1",0,-0.517830468403387,0.501639346858359,1.23370036610847,-0.737508737051909,1.22459298388913,0.447158134025757,1.47959771673459,-0.302304380306779,0.0675649386032631,-0.355988135781098
"526","1363","1","0","1","1",0,-0.517830468403387,0.501639346858359,1.23370036610847,-0.737508737051909,-1.22459298388913,1.34147440207727,1.55177321511189,-0.302304380306779,0.0675649386032631,-0.355988135781098
"528","1363","0","0","1","1",0,-0.517830468403387,0.501639346858359,1.23370036610847,-0.737508737051909,1.22459298388913,1.34147440207727,1.69612421186648,-0.302304380306779,0.0675649386032631,-0.355988135781098
"529","1423","1","1","0",NA,0,-0.161539860471104,-0.948904038802791,-1.01890877283321,-0.0849509912336239,-1.22459298388913,-1.34147440207727,-1.69612421186648,NA,NA,NA
"530","1423","1","1","0",NA,0,-0.161539860471104,-0.948904038802791,-1.01890877283321,-0.0849509912336239,0,-1.34147440207727,-1.62394871348918,NA,NA,NA
"531","1423","1","1","0",NA,0,-0.161539860471104,-0.948904038802791,-1.01890877283321,-0.0849509912336239,1.22459298388913,-1.34147440207727,-1.55177321511189,NA,NA,NA
"532","1423","1","1","0",NA,0,-0.161539860471104,-0.948904038802791,-1.01890877283321,-0.0849509912336239,-1.22459298388913,-0.447158134025757,-1.47959771673459,NA,NA,NA
"533","1423","1","1","0",NA,0,-0.161539860471104,-0.948904038802791,-1.01890877283321,-0.0849509912336239,0,-0.447158134025757,-1.40742221835729,NA,NA,NA
"534","1423","1","1","0",NA,0,-0.161539860471104,-0.948904038802791,-1.01890877283321,-0.0849509912336239,1.22459298388913,-0.447158134025757,-1.33524671998,NA,NA,NA
"535","1423","1","1","0",NA,0,-0.161539860471104,-0.948904038802791,-1.01890877283321,-0.0849509912336239,-1.22459298388913,0.447158134025757,-1.2630712216027,NA,NA,NA
"536","1423","1","1","0",NA,0,-0.161539860471104,-0.948904038802791,-1.01890877283321,-0.0849509912336239,0,0.447158134025757,-1.1908957232254,NA,NA,NA
"537","1423","1","1","0",NA,0,-0.161539860471104,-0.948904038802791,-1.01890877283321,-0.0849509912336239,1.22459298388913,0.447158134025757,-1.1187202248481,NA,NA,NA
"538","1423","1","1","0",NA,0,-0.161539860471104,-0.948904038802791,-1.01890877283321,-0.0849509912336239,-1.22459298388913,1.34147440207727,-1.04654472647081,NA,NA,NA
"539","1423","1","1","0",NA,0,-0.161539860471104,-0.948904038802791,-1.01890877283321,-0.0849509912336239,0,1.34147440207727,-0.97436922809351,NA,NA,NA
"540","1423","1","1","0",NA,0,-0.161539860471104,-0.948904038802791,-1.01890877283321,-0.0849509912336239,1.22459298388913,1.34147440207727,-0.902193729716213,NA,NA,NA
"541","1423","1","1","0",NA,0,-0.161539860471104,-0.948904038802791,-1.01890877283321,-0.0849509912336239,-1.22459298388913,-1.34147440207727,-0.830018231338916,NA,NA,NA
"542","1423","1","1","0",NA,0,-0.161539860471104,-0.948904038802791,-1.01890877283321,-0.0849509912336239,0,-1.34147440207727,-0.757842732961619,NA,NA,NA
"543","1423","1","1","0",NA,0,-0.161539860471104,-0.948904038802791,-1.01890877283321,-0.0849509912336239,1.22459298388913,-1.34147440207727,-0.685667234584322,NA,NA,NA
"544","1423","1","1","0",NA,0,-0.161539860471104,-0.948904038802791,-1.01890877283321,-0.0849509912336239,-1.22459298388913,-0.447158134025757,-0.613491736207025,NA,NA,NA
"545","1423","1","1","0",NA,0,-0.161539860471104,-0.948904038802791,-1.01890877283321,-0.0849509912336239,0,-0.447158134025757,-0.541316237829728,NA,NA,NA
"546","1423","1","1","0",NA,0,-0.161539860471104,-0.948904038802791,-1.01890877283321,-0.0849509912336239,1.22459298388913,-0.447158134025757,-0.469140739452431,NA,NA,NA
"547","1423","1","1","0",NA,0,-0.161539860471104,-0.948904038802791,-1.01890877283321,-0.0849509912336239,-1.22459298388913,0.447158134025757,-0.396965241075134,NA,NA,NA
"548","1423","1","1","0",NA,0,-0.161539860471104,-0.948904038802791,-1.01890877283321,-0.0849509912336239,0,0.447158134025757,-0.324789742697837,NA,NA,NA
"549","1423","1","1","0",NA,0,-0.161539860471104,-0.948904038802791,-1.01890877283321,-0.0849509912336239,1.22459298388913,0.447158134025757,-0.25261424432054,NA,NA,NA
"550","1423","1","1","0",NA,0,-0.161539860471104,-0.948904038802791,-1.01890877283321,-0.0849509912336239,-1.22459298388913,1.34147440207727,-0.180438745943243,NA,NA,NA
"551","1423","1","1","0",NA,0,-0.161539860471104,-0.948904038802791,-1.01890877283321,-0.0849509912336239,0,1.34147440207727,-0.108263247565946,NA,NA,NA
"553","1423","1","1","1",NA,0,-0.161539860471104,-0.948904038802791,-1.01890877283321,-0.0849509912336239,-1.22459298388913,-1.34147440207727,0.0360877491886485,NA,NA,NA
"554","1423","1","1","1",NA,0,-0.161539860471104,-0.948904038802791,-1.01890877283321,-0.0849509912336239,0,-1.34147440207727,0.108263247565946,NA,NA,NA
"555","1423","1","1","1",NA,0,-0.161539860471104,-0.948904038802791,-1.01890877283321,-0.0849509912336239,1.22459298388913,-1.34147440207727,0.180438745943243,NA,NA,NA
"556","1423","0","1","1",NA,0,-0.161539860471104,-0.948904038802791,-1.01890877283321,-0.0849509912336239,-1.22459298388913,-0.447158134025757,0.25261424432054,NA,NA,NA
"557","1423","1","1","1",NA,0,-0.161539860471104,-0.948904038802791,-1.01890877283321,-0.0849509912336239,0,-0.447158134025757,0.324789742697837,NA,NA,NA
"558","1423","1","1","1",NA,0,-0.161539860471104,-0.948904038802791,-1.01890877283321,-0.0849509912336239,1.22459298388913,-0.447158134025757,0.396965241075134,NA,NA,NA
"559","1423","1","1","1",NA,0,-0.161539860471104,-0.948904038802791,-1.01890877283321,-0.0849509912336239,-1.22459298388913,0.447158134025757,0.469140739452431,NA,NA,NA
"560","1423","1","1","1",NA,0,-0.161539860471104,-0.948904038802791,-1.01890877283321,-0.0849509912336239,0,0.447158134025757,0.541316237829728,NA,NA,NA
"561","1423","1","1","1",NA,0,-0.161539860471104,-0.948904038802791,-1.01890877283321,-0.0849509912336239,1.22459298388913,0.447158134025757,0.613491736207025,NA,NA,NA
"562","1423","1","1","1",NA,0,-0.161539860471104,-0.948904038802791,-1.01890877283321,-0.0849509912336239,-1.22459298388913,1.34147440207727,0.685667234584322,NA,NA,NA
"563","1423","1","1","1",NA,0,-0.161539860471104,-0.948904038802791,-1.01890877283321,-0.0849509912336239,0,1.34147440207727,0.757842732961619,NA,NA,NA
"564","1423","1","1","1",NA,1,-0.161539860471104,-0.948904038802791,-1.01890877283321,-0.0849509912336239,1.22459298388913,1.34147440207727,0.830018231338916,NA,NA,NA
"565","1423","1","1","1",NA,0,-0.161539860471104,-0.948904038802791,-1.01890877283321,-0.0849509912336239,-1.22459298388913,-1.34147440207727,0.902193729716213,NA,NA,NA
"566","1423","1","1","1",NA,0,-0.161539860471104,-0.948904038802791,-1.01890877283321,-0.0849509912336239,0,-1.34147440207727,0.97436922809351,NA,NA,NA
"567","1423","1","1","1",NA,0,-0.161539860471104,-0.948904038802791,-1.01890877283321,-0.0849509912336239,1.22459298388913,-1.34147440207727,1.04654472647081,NA,NA,NA
"568","1423","1","1","1",NA,0,-0.161539860471104,-0.948904038802791,-1.01890877283321,-0.0849509912336239,-1.22459298388913,-0.447158134025757,1.1187202248481,NA,NA,NA
"569","1423","1","1","1",NA,0,-0.161539860471104,-0.948904038802791,-1.01890877283321,-0.0849509912336239,0,-0.447158134025757,1.1908957232254,NA,NA,NA
"570","1423","1","1","1",NA,0,-0.161539860471104,-0.948904038802791,-1.01890877283321,-0.0849509912336239,1.22459298388913,-0.447158134025757,1.2630712216027,NA,NA,NA
"571","1423","1","1","1",NA,0,-0.161539860471104,-0.948904038802791,-1.01890877283321,-0.0849509912336239,-1.22459298388913,0.447158134025757,1.33524671998,NA,NA,NA
"572","1423","1","1","1",NA,0,-0.161539860471104,-0.948904038802791,-1.01890877283321,-0.0849509912336239,0,0.447158134025757,1.40742221835729,NA,NA,NA
"573","1423","1","1","1",NA,0,-0.161539860471104,-0.948904038802791,-1.01890877283321,-0.0849509912336239,1.22459298388913,0.447158134025757,1.47959771673459,NA,NA,NA
"574","1423","1","1","1",NA,0,-0.161539860471104,-0.948904038802791,-1.01890877283321,-0.0849509912336239,-1.22459298388913,1.34147440207727,1.55177321511189,NA,NA,NA
"575","1423","1","1","1",NA,0,-0.161539860471104,-0.948904038802791,-1.01890877283321,-0.0849509912336239,0,1.34147440207727,1.62394871348918,NA,NA,NA
"576","1423","1","1","1",NA,0,-0.161539860471104,-0.948904038802791,-1.01890877283321,-0.0849509912336239,1.22459298388913,1.34147440207727,1.69612421186648,NA,NA,NA
"577","1499","1","0","0","1",0,-0.517830468403387,0.155829803716741,0.106720149025474,-0.0849509912336239,-1.22459298388913,-1.34147440207727,-1.69612421186648,-0.922415929654017,-1.283733833462,-1.21898967706861
"579","1499","1","0","0","1",0,-0.517830468403387,0.155829803716741,0.106720149025474,-0.0849509912336239,1.22459298388913,-1.34147440207727,-1.55177321511189,-0.922415929654017,-1.283733833462,-1.21898967706861
"580","1499","1","0","0","1",0,-0.517830468403387,0.155829803716741,0.106720149025474,-0.0849509912336239,-1.22459298388913,-0.447158134025757,-1.47959771673459,-0.922415929654017,-1.283733833462,-1.21898967706861
"581","1499","0","0","0","1",0,-0.517830468403387,0.155829803716741,0.106720149025474,-0.0849509912336239,0,-0.447158134025757,-1.40742221835729,-0.922415929654017,-1.283733833462,-1.21898967706861
"582","1499","1","0","0","1",0,-0.517830468403387,0.155829803716741,0.106720149025474,-0.0849509912336239,1.22459298388913,-0.447158134025757,-1.33524671998,-0.922415929654017,-1.283733833462,-1.21898967706861
"583","1499","0","0","0","1",0,-0.517830468403387,0.155829803716741,0.106720149025474,-0.0849509912336239,-1.22459298388913,0.447158134025757,-1.2630712216027,-0.922415929654017,-1.283733833462,-1.21898967706861
"584","1499","1","0","0","1",0,-0.517830468403387,0.155829803716741,0.106720149025474,-0.0849509912336239,0,0.447158134025757,-1.1908957232254,-0.922415929654017,-1.283733833462,-1.21898967706861
"585","1499","1","0","0","1",0,-0.517830468403387,0.155829803716741,0.106720149025474,-0.0849509912336239,1.22459298388913,0.447158134025757,-1.1187202248481,-0.922415929654017,-1.283733833462,-1.21898967706861
"586","1499","1","0","0","1",0,-0.517830468403387,0.155829803716741,0.106720149025474,-0.0849509912336239,-1.22459298388913,1.34147440207727,-1.04654472647081,-0.922415929654017,-1.283733833462,-1.21898967706861
"587","1499","1","0","0","1",0,-0.517830468403387,0.155829803716741,0.106720149025474,-0.0849509912336239,0,1.34147440207727,-0.97436922809351,-0.922415929654017,-1.283733833462,-1.21898967706861
"588","1499","1","0","0","1",0,-0.517830468403387,0.155829803716741,0.106720149025474,-0.0849509912336239,1.22459298388913,1.34147440207727,-0.902193729716213,-0.922415929654017,-1.283733833462,-1.21898967706861
"589","1499","1","0","0","1",0,-0.517830468403387,0.155829803716741,0.106720149025474,-0.0849509912336239,-1.22459298388913,-1.34147440207727,-0.830018231338916,-0.922415929654017,-1.283733833462,-1.21898967706861
"590","1499","1","0","0","1",0,-0.517830468403387,0.155829803716741,0.106720149025474,-0.0849509912336239,0,-1.34147440207727,-0.757842732961619,-0.922415929654017,-1.283733833462,-1.21898967706861
"591","1499","1","0","0","1",0,-0.517830468403387,0.155829803716741,0.106720149025474,-0.0849509912336239,1.22459298388913,-1.34147440207727,-0.685667234584322,-0.922415929654017,-1.283733833462,-1.21898967706861
"592","1499","1","0","0","1",1,-0.517830468403387,0.155829803716741,0.106720149025474,-0.0849509912336239,-1.22459298388913,-0.447158134025757,-0.613491736207025,-0.922415929654017,-1.283733833462,-1.21898967706861
"593","1499","1","0","0","1",1,-0.517830468403387,0.155829803716741,0.106720149025474,-0.0849509912336239,0,-0.447158134025757,-0.541316237829728,-0.922415929654017,-1.283733833462,-1.21898967706861
"594","1499","1","0","0","1",0,-0.517830468403387,0.155829803716741,0.106720149025474,-0.0849509912336239,1.22459298388913,-0.447158134025757,-0.469140739452431,-0.922415929654017,-1.283733833462,-1.21898967706861
"595","1499","1","0","0","1",0,-0.517830468403387,0.155829803716741,0.106720149025474,-0.0849509912336239,-1.22459298388913,0.447158134025757,-0.396965241075134,-0.922415929654017,-1.283733833462,-1.21898967706861
"596","1499","1","0","0","1",0,-0.517830468403387,0.155829803716741,0.106720149025474,-0.0849509912336239,0,0.447158134025757,-0.324789742697837,-0.922415929654017,-1.283733833462,-1.21898967706861
"597","1499","1","0","0","1",0,-0.517830468403387,0.155829803716741,0.106720149025474,-0.0849509912336239,1.22459298388913,0.447158134025757,-0.25261424432054,-0.922415929654017,-1.283733833462,-1.21898967706861
"598","1499","1","0","0","1",0,-0.517830468403387,0.155829803716741,0.106720149025474,-0.0849509912336239,-1.22459298388913,1.34147440207727,-0.180438745943243,-0.922415929654017,-1.283733833462,-1.21898967706861
"599","1499","1","0","0","1",0,-0.517830468403387,0.155829803716741,0.106720149025474,-0.0849509912336239,0,1.34147440207727,-0.108263247565946,-0.922415929654017,-1.283733833462,-1.21898967706861
"600","1499","1","0","0","1",0,-0.517830468403387,0.155829803716741,0.106720149025474,-0.0849509912336239,1.22459298388913,1.34147440207727,-0.0360877491886485,-0.922415929654017,-1.283733833462,-1.21898967706861
"601","1499","1","0","1","1",0,-0.517830468403387,0.155829803716741,0.106720149025474,-0.0849509912336239,-1.22459298388913,-1.34147440207727,0.0360877491886485,-0.922415929654017,-1.283733833462,-1.21898967706861
"602","1499","1","0","1","1",0,-0.517830468403387,0.155829803716741,0.106720149025474,-0.0849509912336239,0,-1.34147440207727,0.108263247565946,-0.922415929654017,-1.283733833462,-1.21898967706861
"603","1499","1","0","1","1",0,-0.517830468403387,0.155829803716741,0.106720149025474,-0.0849509912336239,1.22459298388913,-1.34147440207727,0.180438745943243,-0.922415929654017,-1.283733833462,-1.21898967706861
"606","1499","0","0","1","1",0,-0.517830468403387,0.155829803716741,0.106720149025474,-0.0849509912336239,1.22459298388913,-0.447158134025757,0.396965241075134,-0.922415929654017,-1.283733833462,-1.21898967706861
"607","1499","1","0","1","1",0,-0.517830468403387,0.155829803716741,0.106720149025474,-0.0849509912336239,-1.22459298388913,0.447158134025757,0.469140739452431,-0.922415929654017,-1.283733833462,-1.21898967706861
"608","1499","0","0","1","1",0,-0.517830468403387,0.155829803716741,0.106720149025474,-0.0849509912336239,0,0.447158134025757,0.541316237829728,-0.922415929654017,-1.283733833462,-1.21898967706861
"609","1499","1","0","1","1",0,-0.517830468403387,0.155829803716741,0.106720149025474,-0.0849509912336239,1.22459298388913,0.447158134025757,0.613491736207025,-0.922415929654017,-1.283733833462,-1.21898967706861
"610","1499","0","0","1","1",0,-0.517830468403387,0.155829803716741,0.106720149025474,-0.0849509912336239,-1.22459298388913,1.34147440207727,0.685667234584322,-0.922415929654017,-1.283733833462,-1.21898967706861
"611","1499","1","0","1","1",0,-0.517830468403387,0.155829803716741,0.106720149025474,-0.0849509912336239,0,1.34147440207727,0.757842732961619,-0.922415929654017,-1.283733833462,-1.21898967706861
"612","1499","1","0","1","1",0,-0.517830468403387,0.155829803716741,0.106720149025474,-0.0849509912336239,1.22459298388913,1.34147440207727,0.830018231338916,-0.922415929654017,-1.283733833462,-1.21898967706861
"613","1499","0","0","1","1",0,-0.517830468403387,0.155829803716741,0.106720149025474,-0.0849509912336239,-1.22459298388913,-1.34147440207727,0.902193729716213,-0.922415929654017,-1.283733833462,-1.21898967706861
"614","1499","1","0","1","1",0,-0.517830468403387,0.155829803716741,0.106720149025474,-0.0849509912336239,0,-1.34147440207727,0.97436922809351,-0.922415929654017,-1.283733833462,-1.21898967706861
"615","1499","1","0","1","1",0,-0.517830468403387,0.155829803716741,0.106720149025474,-0.0849509912336239,1.22459298388913,-1.34147440207727,1.04654472647081,-0.922415929654017,-1.283733833462,-1.21898967706861
"616","1499","0","0","1","1",0,-0.517830468403387,0.155829803716741,0.106720149025474,-0.0849509912336239,-1.22459298388913,-0.447158134025757,1.1187202248481,-0.922415929654017,-1.283733833462,-1.21898967706861
"617","1499","0","0","1","1",0,-0.517830468403387,0.155829803716741,0.106720149025474,-0.0849509912336239,0,-0.447158134025757,1.1908957232254,-0.922415929654017,-1.283733833462,-1.21898967706861
"618","1499","0","0","1","1",0,-0.517830468403387,0.155829803716741,0.106720149025474,-0.0849509912336239,1.22459298388913,-0.447158134025757,1.2630712216027,-0.922415929654017,-1.283733833462,-1.21898967706861
"619","1499","1","0","1","1",0,-0.517830468403387,0.155829803716741,0.106720149025474,-0.0849509912336239,-1.22459298388913,0.447158134025757,1.33524671998,-0.922415929654017,-1.283733833462,-1.21898967706861
"620","1499","0","0","1","1",0,-0.517830468403387,0.155829803716741,0.106720149025474,-0.0849509912336239,0,0.447158134025757,1.40742221835729,-0.922415929654017,-1.283733833462,-1.21898967706861
"621","1499","0","0","1","1",0,-0.517830468403387,0.155829803716741,0.106720149025474,-0.0849509912336239,1.22459298388913,0.447158134025757,1.47959771673459,-0.922415929654017,-1.283733833462,-1.21898967706861
"622","1499","0","0","1","1",0,-0.517830468403387,0.155829803716741,0.106720149025474,-0.0849509912336239,-1.22459298388913,1.34147440207727,1.55177321511189,-0.922415929654017,-1.283733833462,-1.21898967706861
"623","1499","1","0","1","1",0,-0.517830468403387,0.155829803716741,0.106720149025474,-0.0849509912336239,0,1.34147440207727,1.62394871348918,-0.922415929654017,-1.283733833462,-1.21898967706861
"624","1499","0","0","1","1",0,-0.517830468403387,0.155829803716741,0.106720149025474,-0.0849509912336239,1.22459298388913,1.34147440207727,1.69612421186648,-0.922415929654017,-1.283733833462,-1.21898967706861
"625","1867","1","0","0","2",0,0.0284817970927805,-0.948904038802791,-1.01890877283321,-0.0849509912336239,-1.22459298388913,-1.34147440207727,-1.69612421186648,1.55803026773494,1.41886371066852,1.37001494679392
"626","1867","1","0","0","2",0,0.0284817970927805,-0.948904038802791,-1.01890877283321,-0.0849509912336239,0,-1.34147440207727,-1.62394871348918,1.55803026773494,1.41886371066852,1.37001494679392
"627","1867","0","0","0","2",0,0.0284817970927805,-0.948904038802791,-1.01890877283321,-0.0849509912336239,1.22459298388913,-1.34147440207727,-1.55177321511189,1.55803026773494,1.41886371066852,1.37001494679392
"628","1867","0","0","0","2",0,0.0284817970927805,-0.948904038802791,-1.01890877283321,-0.0849509912336239,-1.22459298388913,-0.447158134025757,-1.47959771673459,1.55803026773494,1.41886371066852,1.37001494679392
"629","1867","1","0","0","2",0,0.0284817970927805,-0.948904038802791,-1.01890877283321,-0.0849509912336239,0,-0.447158134025757,-1.40742221835729,1.55803026773494,1.41886371066852,1.37001494679392
"630","1867","0","0","0","2",0,0.0284817970927805,-0.948904038802791,-1.01890877283321,-0.0849509912336239,1.22459298388913,-0.447158134025757,-1.33524671998,1.55803026773494,1.41886371066852,1.37001494679392
"631","1867","1","0","0","2",0,0.0284817970927805,-0.948904038802791,-1.01890877283321,-0.0849509912336239,-1.22459298388913,0.447158134025757,-1.2630712216027,1.55803026773494,1.41886371066852,1.37001494679392
"632","1867","1","0","0","2",0,0.0284817970927805,-0.948904038802791,-1.01890877283321,-0.0849509912336239,0,0.447158134025757,-1.1908957232254,1.55803026773494,1.41886371066852,1.37001494679392
"633","1867","0","0","0","2",0,0.0284817970927805,-0.948904038802791,-1.01890877283321,-0.0849509912336239,1.22459298388913,0.447158134025757,-1.1187202248481,1.55803026773494,1.41886371066852,1.37001494679392
"634","1867","0","0","0","2",0,0.0284817970927805,-0.948904038802791,-1.01890877283321,-0.0849509912336239,-1.22459298388913,1.34147440207727,-1.04654472647081,1.55803026773494,1.41886371066852,1.37001494679392
"635","1867","0","0","0","2",0,0.0284817970927805,-0.948904038802791,-1.01890877283321,-0.0849509912336239,0,1.34147440207727,-0.97436922809351,1.55803026773494,1.41886371066852,1.37001494679392
"636","1867","0","0","0","2",0,0.0284817970927805,-0.948904038802791,-1.01890877283321,-0.0849509912336239,1.22459298388913,1.34147440207727,-0.902193729716213,1.55803026773494,1.41886371066852,1.37001494679392
"637","1867","0","0","0","2",0,0.0284817970927805,-0.948904038802791,-1.01890877283321,-0.0849509912336239,-1.22459298388913,-1.34147440207727,-0.830018231338916,1.55803026773494,1.41886371066852,1.37001494679392
"638","1867","0","0","0","2",0,0.0284817970927805,-0.948904038802791,-1.01890877283321,-0.0849509912336239,0,-1.34147440207727,-0.757842732961619,1.55803026773494,1.41886371066852,1.37001494679392
"639","1867","1","0","0","2",0,0.0284817970927805,-0.948904038802791,-1.01890877283321,-0.0849509912336239,1.22459298388913,-1.34147440207727,-0.685667234584322,1.55803026773494,1.41886371066852,1.37001494679392
"640","1867","0","0","0","2",0,0.0284817970927805,-0.948904038802791,-1.01890877283321,-0.0849509912336239,-1.22459298388913,-0.447158134025757,-0.613491736207025,1.55803026773494,1.41886371066852,1.37001494679392
"641","1867","0","0","0","2",0,0.0284817970927805,-0.948904038802791,-1.01890877283321,-0.0849509912336239,0,-0.447158134025757,-0.541316237829728,1.55803026773494,1.41886371066852,1.37001494679392
"642","1867","0","0","0","2",0,0.0284817970927805,-0.948904038802791,-1.01890877283321,-0.0849509912336239,1.22459298388913,-0.447158134025757,-0.469140739452431,1.55803026773494,1.41886371066852,1.37001494679392
"644","1867","0","0","0","2",0,0.0284817970927805,-0.948904038802791,-1.01890877283321,-0.0849509912336239,0,0.447158134025757,-0.324789742697837,1.55803026773494,1.41886371066852,1.37001494679392
"645","1867","1","0","0","2",0,0.0284817970927805,-0.948904038802791,-1.01890877283321,-0.0849509912336239,1.22459298388913,0.447158134025757,-0.25261424432054,1.55803026773494,1.41886371066852,1.37001494679392
"646","1867","0","0","0","2",0,0.0284817970927805,-0.948904038802791,-1.01890877283321,-0.0849509912336239,-1.22459298388913,1.34147440207727,-0.180438745943243,1.55803026773494,1.41886371066852,1.37001494679392
"647","1867","0","0","0","2",0,0.0284817970927805,-0.948904038802791,-1.01890877283321,-0.0849509912336239,0,1.34147440207727,-0.108263247565946,1.55803026773494,1.41886371066852,1.37001494679392
"648","1867","1","0","0","2",0,0.0284817970927805,-0.948904038802791,-1.01890877283321,-0.0849509912336239,1.22459298388913,1.34147440207727,-0.0360877491886485,1.55803026773494,1.41886371066852,1.37001494679392
"649","1867","1","0","1","2",0,0.0284817970927805,-0.948904038802791,-1.01890877283321,-0.0849509912336239,-1.22459298388913,-1.34147440207727,0.0360877491886485,1.55803026773494,1.41886371066852,1.37001494679392
"650","1867","1","0","1","2",0,0.0284817970927805,-0.948904038802791,-1.01890877283321,-0.0849509912336239,0,-1.34147440207727,0.108263247565946,1.55803026773494,1.41886371066852,1.37001494679392
"651","1867","1","0","1","2",0,0.0284817970927805,-0.948904038802791,-1.01890877283321,-0.0849509912336239,1.22459298388913,-1.34147440207727,0.180438745943243,1.55803026773494,1.41886371066852,1.37001494679392
"652","1867","1","0","1","2",0,0.0284817970927805,-0.948904038802791,-1.01890877283321,-0.0849509912336239,-1.22459298388913,-0.447158134025757,0.25261424432054,1.55803026773494,1.41886371066852,1.37001494679392
"653","1867","0","0","1","2",0,0.0284817970927805,-0.948904038802791,-1.01890877283321,-0.0849509912336239,0,-0.447158134025757,0.324789742697837,1.55803026773494,1.41886371066852,1.37001494679392
"654","1867","0","0","1","2",0,0.0284817970927805,-0.948904038802791,-1.01890877283321,-0.0849509912336239,1.22459298388913,-0.447158134025757,0.396965241075134,1.55803026773494,1.41886371066852,1.37001494679392
"655","1867","1","0","1","2",1,0.0284817970927805,-0.948904038802791,-1.01890877283321,-0.0849509912336239,-1.22459298388913,0.447158134025757,0.469140739452431,1.55803026773494,1.41886371066852,1.37001494679392
"656","1867","1","0","1","2",0,0.0284817970927805,-0.948904038802791,-1.01890877283321,-0.0849509912336239,0,0.447158134025757,0.541316237829728,1.55803026773494,1.41886371066852,1.37001494679392
"657","1867","1","0","1","2",0,0.0284817970927805,-0.948904038802791,-1.01890877283321,-0.0849509912336239,1.22459298388913,0.447158134025757,0.613491736207025,1.55803026773494,1.41886371066852,1.37001494679392
"658","1867","1","0","1","2",0,0.0284817970927805,-0.948904038802791,-1.01890877283321,-0.0849509912336239,-1.22459298388913,1.34147440207727,0.685667234584322,1.55803026773494,1.41886371066852,1.37001494679392
"659","1867","0","0","1","2",0,0.0284817970927805,-0.948904038802791,-1.01890877283321,-0.0849509912336239,0,1.34147440207727,0.757842732961619,1.55803026773494,1.41886371066852,1.37001494679392
"660","1867","0","0","1","2",0,0.0284817970927805,-0.948904038802791,-1.01890877283321,-0.0849509912336239,1.22459298388913,1.34147440207727,0.830018231338916,1.55803026773494,1.41886371066852,1.37001494679392
"661","1867","0","0","1","2",0,0.0284817970927805,-0.948904038802791,-1.01890877283321,-0.0849509912336239,-1.22459298388913,-1.34147440207727,0.902193729716213,1.55803026773494,1.41886371066852,1.37001494679392
"662","1867","1","0","1","2",0,0.0284817970927805,-0.948904038802791,-1.01890877283321,-0.0849509912336239,0,-1.34147440207727,0.97436922809351,1.55803026773494,1.41886371066852,1.37001494679392
"663","1867","0","0","1","2",0,0.0284817970927805,-0.948904038802791,-1.01890877283321,-0.0849509912336239,1.22459298388913,-1.34147440207727,1.04654472647081,1.55803026773494,1.41886371066852,1.37001494679392
"664","1867","1","0","1","2",0,0.0284817970927805,-0.948904038802791,-1.01890877283321,-0.0849509912336239,-1.22459298388913,-0.447158134025757,1.1187202248481,1.55803026773494,1.41886371066852,1.37001494679392
"665","1867","1","0","1","2",0,0.0284817970927805,-0.948904038802791,-1.01890877283321,-0.0849509912336239,0,-0.447158134025757,1.1908957232254,1.55803026773494,1.41886371066852,1.37001494679392
"666","1867","1","0","1","2",0,0.0284817970927805,-0.948904038802791,-1.01890877283321,-0.0849509912336239,1.22459298388913,-0.447158134025757,1.2630712216027,1.55803026773494,1.41886371066852,1.37001494679392
"667","1867","1","0","1","2",0,0.0284817970927805,-0.948904038802791,-1.01890877283321,-0.0849509912336239,-1.22459298388913,0.447158134025757,1.33524671998,1.55803026773494,1.41886371066852,1.37001494679392
"668","1867","1","0","1","2",0,0.0284817970927805,-0.948904038802791,-1.01890877283321,-0.0849509912336239,0,0.447158134025757,1.40742221835729,1.55803026773494,1.41886371066852,1.37001494679392
"669","1867","0","0","1","2",0,0.0284817970927805,-0.948904038802791,-1.01890877283321,-0.0849509912336239,1.22459298388913,0.447158134025757,1.47959771673459,1.55803026773494,1.41886371066852,1.37001494679392
"670","1867","0","0","1","2",0,0.0284817970927805,-0.948904038802791,-1.01890877283321,-0.0849509912336239,-1.22459298388913,1.34147440207727,1.55177321511189,1.55803026773494,1.41886371066852,1.37001494679392
"671","1867","1","0","1","2",0,0.0284817970927805,-0.948904038802791,-1.01890877283321,-0.0849509912336239,0,1.34147440207727,1.62394871348918,1.55803026773494,1.41886371066852,1.37001494679392
"672","1867","0","0","1","2",0,0.0284817970927805,-0.948904038802791,-1.01890877283321,-0.0849509912336239,1.22459298388913,1.34147440207727,1.69612421186648,1.55803026773494,1.41886371066852,1.37001494679392
"673","1870","1","1","0","1",0,0.847540665902627,-0.948904038802791,0.106720149025474,2.52215021867828,-1.22459298388913,-1.34147440207727,-1.69612421186648,-0.922415929654017,-1.283733833462,-1.21898967706861
"675","1870","1","1","0","1",0,0.847540665902627,-0.948904038802791,0.106720149025474,2.52215021867828,1.22459298388913,-1.34147440207727,-1.55177321511189,-0.922415929654017,-1.283733833462,-1.21898967706861
"677","1870","1","1","0","1",0,0.847540665902627,-0.948904038802791,0.106720149025474,2.52215021867828,0,-0.447158134025757,-1.40742221835729,-0.922415929654017,-1.283733833462,-1.21898967706861
"678","1870","1","1","0","1",0,0.847540665902627,-0.948904038802791,0.106720149025474,2.52215021867828,1.22459298388913,-0.447158134025757,-1.33524671998,-0.922415929654017,-1.283733833462,-1.21898967706861
"680","1870","1","1","0","1",0,0.847540665902627,-0.948904038802791,0.106720149025474,2.52215021867828,0,0.447158134025757,-1.1908957232254,-0.922415929654017,-1.283733833462,-1.21898967706861
"681","1870","1","1","0","1",0,0.847540665902627,-0.948904038802791,0.106720149025474,2.52215021867828,1.22459298388913,0.447158134025757,-1.1187202248481,-0.922415929654017,-1.283733833462,-1.21898967706861
"683","1870","1","1","0","1",0,0.847540665902627,-0.948904038802791,0.106720149025474,2.52215021867828,0,1.34147440207727,-0.97436922809351,-0.922415929654017,-1.283733833462,-1.21898967706861
"684","1870","1","1","0","1",0,0.847540665902627,-0.948904038802791,0.106720149025474,2.52215021867828,1.22459298388913,1.34147440207727,-0.902193729716213,-0.922415929654017,-1.283733833462,-1.21898967706861
"685","1870","1","1","0","1",0,0.847540665902627,-0.948904038802791,0.106720149025474,2.52215021867828,-1.22459298388913,-1.34147440207727,-0.830018231338916,-0.922415929654017,-1.283733833462,-1.21898967706861
"687","1870","1","1","0","1",0,0.847540665902627,-0.948904038802791,0.106720149025474,2.52215021867828,1.22459298388913,-1.34147440207727,-0.685667234584322,-0.922415929654017,-1.283733833462,-1.21898967706861
"688","1870","1","1","0","1",0,0.847540665902627,-0.948904038802791,0.106720149025474,2.52215021867828,-1.22459298388913,-0.447158134025757,-0.613491736207025,-0.922415929654017,-1.283733833462,-1.21898967706861
"689","1870","1","1","0","1",0,0.847540665902627,-0.948904038802791,0.106720149025474,2.52215021867828,0,-0.447158134025757,-0.541316237829728,-0.922415929654017,-1.283733833462,-1.21898967706861
"690","1870","1","1","0","1",0,0.847540665902627,-0.948904038802791,0.106720149025474,2.52215021867828,1.22459298388913,-0.447158134025757,-0.469140739452431,-0.922415929654017,-1.283733833462,-1.21898967706861
"691","1870","1","1","0","1",0,0.847540665902627,-0.948904038802791,0.106720149025474,2.52215021867828,-1.22459298388913,0.447158134025757,-0.396965241075134,-0.922415929654017,-1.283733833462,-1.21898967706861
"692","1870","1","1","0","1",0,0.847540665902627,-0.948904038802791,0.106720149025474,2.52215021867828,0,0.447158134025757,-0.324789742697837,-0.922415929654017,-1.283733833462,-1.21898967706861
"693","1870","1","1","0","1",0,0.847540665902627,-0.948904038802791,0.106720149025474,2.52215021867828,1.22459298388913,0.447158134025757,-0.25261424432054,-0.922415929654017,-1.283733833462,-1.21898967706861
"694","1870","1","1","0","1",0,0.847540665902627,-0.948904038802791,0.106720149025474,2.52215021867828,-1.22459298388913,1.34147440207727,-0.180438745943243,-0.922415929654017,-1.283733833462,-1.21898967706861
"695","1870","1","1","0","1",0,0.847540665902627,-0.948904038802791,0.106720149025474,2.52215021867828,0,1.34147440207727,-0.108263247565946,-0.922415929654017,-1.283733833462,-1.21898967706861
"696","1870","1","1","0","1",0,0.847540665902627,-0.948904038802791,0.106720149025474,2.52215021867828,1.22459298388913,1.34147440207727,-0.0360877491886485,-0.922415929654017,-1.283733833462,-1.21898967706861
"697","1870","0","1","1","1",0,0.847540665902627,-0.948904038802791,0.106720149025474,2.52215021867828,-1.22459298388913,-1.34147440207727,0.0360877491886485,-0.922415929654017,-1.283733833462,-1.21898967706861
"698","1870","1","1","1","1",1,0.847540665902627,-0.948904038802791,0.106720149025474,2.52215021867828,0,-1.34147440207727,0.108263247565946,-0.922415929654017,-1.283733833462,-1.21898967706861
"699","1870","1","1","1","1",0,0.847540665902627,-0.948904038802791,0.106720149025474,2.52215021867828,1.22459298388913,-1.34147440207727,0.180438745943243,-0.922415929654017,-1.283733833462,-1.21898967706861
"700","1870","1","1","1","1",0,0.847540665902627,-0.948904038802791,0.106720149025474,2.52215021867828,-1.22459298388913,-0.447158134025757,0.25261424432054,-0.922415929654017,-1.283733833462,-1.21898967706861
"701","1870","0","1","1","1",0,0.847540665902627,-0.948904038802791,0.106720149025474,2.52215021867828,0,-0.447158134025757,0.324789742697837,-0.922415929654017,-1.283733833462,-1.21898967706861
"702","1870","1","1","1","1",0,0.847540665902627,-0.948904038802791,0.106720149025474,2.52215021867828,1.22459298388913,-0.447158134025757,0.396965241075134,-0.922415929654017,-1.283733833462,-1.21898967706861
"703","1870","0","1","1","1",0,0.847540665902627,-0.948904038802791,0.106720149025474,2.52215021867828,-1.22459298388913,0.447158134025757,0.469140739452431,-0.922415929654017,-1.283733833462,-1.21898967706861
"704","1870","1","1","1","1",0,0.847540665902627,-0.948904038802791,0.106720149025474,2.52215021867828,0,0.447158134025757,0.541316237829728,-0.922415929654017,-1.283733833462,-1.21898967706861
"705","1870","0","1","1","1",0,0.847540665902627,-0.948904038802791,0.106720149025474,2.52215021867828,1.22459298388913,0.447158134025757,0.613491736207025,-0.922415929654017,-1.283733833462,-1.21898967706861
"706","1870","0","1","1","1",0,0.847540665902627,-0.948904038802791,0.106720149025474,2.52215021867828,-1.22459298388913,1.34147440207727,0.685667234584322,-0.922415929654017,-1.283733833462,-1.21898967706861
"707","1870","1","1","1","1",0,0.847540665902627,-0.948904038802791,0.106720149025474,2.52215021867828,0,1.34147440207727,0.757842732961619,-0.922415929654017,-1.283733833462,-1.21898967706861
"708","1870","0","1","1","1",0,0.847540665902627,-0.948904038802791,0.106720149025474,2.52215021867828,1.22459298388913,1.34147440207727,0.830018231338916,-0.922415929654017,-1.283733833462,-1.21898967706861
"710","1870","0","1","1","1",0,0.847540665902627,-0.948904038802791,0.106720149025474,2.52215021867828,0,-1.34147440207727,0.97436922809351,-0.922415929654017,-1.283733833462,-1.21898967706861
"711","1870","0","1","1","1",0,0.847540665902627,-0.948904038802791,0.106720149025474,2.52215021867828,1.22459298388913,-1.34147440207727,1.04654472647081,-0.922415929654017,-1.283733833462,-1.21898967706861
"712","1870","0","1","1","1",0,0.847540665902627,-0.948904038802791,0.106720149025474,2.52215021867828,-1.22459298388913,-0.447158134025757,1.1187202248481,-0.922415929654017,-1.283733833462,-1.21898967706861
"713","1870","0","1","1","1",0,0.847540665902627,-0.948904038802791,0.106720149025474,2.52215021867828,0,-0.447158134025757,1.1908957232254,-0.922415929654017,-1.283733833462,-1.21898967706861
"714","1870","0","1","1","1",0,0.847540665902627,-0.948904038802791,0.106720149025474,2.52215021867828,1.22459298388913,-0.447158134025757,1.2630712216027,-0.922415929654017,-1.283733833462,-1.21898967706861
"715","1870","0","1","1","1",0,0.847540665902627,-0.948904038802791,0.106720149025474,2.52215021867828,-1.22459298388913,0.447158134025757,1.33524671998,-0.922415929654017,-1.283733833462,-1.21898967706861
"716","1870","0","1","1","1",0,0.847540665902627,-0.948904038802791,0.106720149025474,2.52215021867828,0,0.447158134025757,1.40742221835729,-0.922415929654017,-1.283733833462,-1.21898967706861
"717","1870","0","1","1","1",0,0.847540665902627,-0.948904038802791,0.106720149025474,2.52215021867828,1.22459298388913,0.447158134025757,1.47959771673459,-0.922415929654017,-1.283733833462,-1.21898967706861
"718","1870","0","1","1","1",0,0.847540665902627,-0.948904038802791,0.106720149025474,2.52215021867828,-1.22459298388913,1.34147440207727,1.55177321511189,-0.922415929654017,-1.283733833462,-1.21898967706861
"719","1870","0","1","1","1",0,0.847540665902627,-0.948904038802791,0.106720149025474,2.52215021867828,0,1.34147440207727,1.62394871348918,-0.922415929654017,-1.283733833462,-1.21898967706861
"721","2397","0","0","0","1",0,0.226694043344763,-0.174894088214001,-0.455418664291706,-0.0849509912336239,-1.22459298388913,-1.34147440207727,-1.69612421186648,-0.302304380306779,0.0675649386032631,-0.355988135781098
"722","2397","1","0","0","1",0,0.226694043344763,-0.174894088214001,-0.455418664291706,-0.0849509912336239,0,-1.34147440207727,-1.62394871348918,-0.302304380306779,0.0675649386032631,-0.355988135781098
"723","2397","1","0","0","1",0,0.226694043344763,-0.174894088214001,-0.455418664291706,-0.0849509912336239,1.22459298388913,-1.34147440207727,-1.55177321511189,-0.302304380306779,0.0675649386032631,-0.355988135781098
"724","2397","0","0","0","1",0,0.226694043344763,-0.174894088214001,-0.455418664291706,-0.0849509912336239,-1.22459298388913,-0.447158134025757,-1.47959771673459,-0.302304380306779,0.0675649386032631,-0.355988135781098
"725","2397","1","0","0","1",0,0.226694043344763,-0.174894088214001,-0.455418664291706,-0.0849509912336239,0,-0.447158134025757,-1.40742221835729,-0.302304380306779,0.0675649386032631,-0.355988135781098
"726","2397","1","0","0","1",0,0.226694043344763,-0.174894088214001,-0.455418664291706,-0.0849509912336239,1.22459298388913,-0.447158134025757,-1.33524671998,-0.302304380306779,0.0675649386032631,-0.355988135781098
"727","2397","0","0","0","1",0,0.226694043344763,-0.174894088214001,-0.455418664291706,-0.0849509912336239,-1.22459298388913,0.447158134025757,-1.2630712216027,-0.302304380306779,0.0675649386032631,-0.355988135781098
"728","2397","1","0","0","1",0,0.226694043344763,-0.174894088214001,-0.455418664291706,-0.0849509912336239,0,0.447158134025757,-1.1908957232254,-0.302304380306779,0.0675649386032631,-0.355988135781098
"729","2397","1","0","0","1",0,0.226694043344763,-0.174894088214001,-0.455418664291706,-0.0849509912336239,1.22459298388913,0.447158134025757,-1.1187202248481,-0.302304380306779,0.0675649386032631,-0.355988135781098
"730","2397","1","0","0","1",0,0.226694043344763,-0.174894088214001,-0.455418664291706,-0.0849509912336239,-1.22459298388913,1.34147440207727,-1.04654472647081,-0.302304380306779,0.0675649386032631,-0.355988135781098
"731","2397","0","0","0","1",0,0.226694043344763,-0.174894088214001,-0.455418664291706,-0.0849509912336239,0,1.34147440207727,-0.97436922809351,-0.302304380306779,0.0675649386032631,-0.355988135781098
"732","2397","1","0","0","1",0,0.226694043344763,-0.174894088214001,-0.455418664291706,-0.0849509912336239,1.22459298388913,1.34147440207727,-0.902193729716213,-0.302304380306779,0.0675649386032631,-0.355988135781098
"733","2397","1","0","0","1",0,0.226694043344763,-0.174894088214001,-0.455418664291706,-0.0849509912336239,-1.22459298388913,-1.34147440207727,-0.830018231338916,-0.302304380306779,0.0675649386032631,-0.355988135781098
"734","2397","1","0","0","1",0,0.226694043344763,-0.174894088214001,-0.455418664291706,-0.0849509912336239,0,-1.34147440207727,-0.757842732961619,-0.302304380306779,0.0675649386032631,-0.355988135781098
"735","2397","1","0","0","1",0,0.226694043344763,-0.174894088214001,-0.455418664291706,-0.0849509912336239,1.22459298388913,-1.34147440207727,-0.685667234584322,-0.302304380306779,0.0675649386032631,-0.355988135781098
"736","2397","0","0","0","1",0,0.226694043344763,-0.174894088214001,-0.455418664291706,-0.0849509912336239,-1.22459298388913,-0.447158134025757,-0.613491736207025,-0.302304380306779,0.0675649386032631,-0.355988135781098
"737","2397","1","0","0","1",0,0.226694043344763,-0.174894088214001,-0.455418664291706,-0.0849509912336239,0,-0.447158134025757,-0.541316237829728,-0.302304380306779,0.0675649386032631,-0.355988135781098
"738","2397","1","0","0","1",0,0.226694043344763,-0.174894088214001,-0.455418664291706,-0.0849509912336239,1.22459298388913,-0.447158134025757,-0.469140739452431,-0.302304380306779,0.0675649386032631,-0.355988135781098
"739","2397","0","0","0","1",0,0.226694043344763,-0.174894088214001,-0.455418664291706,-0.0849509912336239,-1.22459298388913,0.447158134025757,-0.396965241075134,-0.302304380306779,0.0675649386032631,-0.355988135781098
"740","2397","1","0","0","1",0,0.226694043344763,-0.174894088214001,-0.455418664291706,-0.0849509912336239,0,0.447158134025757,-0.324789742697837,-0.302304380306779,0.0675649386032631,-0.355988135781098
"741","2397","1","0","0","1",1,0.226694043344763,-0.174894088214001,-0.455418664291706,-0.0849509912336239,1.22459298388913,0.447158134025757,-0.25261424432054,-0.302304380306779,0.0675649386032631,-0.355988135781098
"742","2397","0","0","0","1",0,0.226694043344763,-0.174894088214001,-0.455418664291706,-0.0849509912336239,-1.22459298388913,1.34147440207727,-0.180438745943243,-0.302304380306779,0.0675649386032631,-0.355988135781098
"743","2397","0","0","0","1",0,0.226694043344763,-0.174894088214001,-0.455418664291706,-0.0849509912336239,0,1.34147440207727,-0.108263247565946,-0.302304380306779,0.0675649386032631,-0.355988135781098
"745","2397","1","0","1","1",0,0.226694043344763,-0.174894088214001,-0.455418664291706,-0.0849509912336239,-1.22459298388913,-1.34147440207727,0.0360877491886485,-0.302304380306779,0.0675649386032631,-0.355988135781098
"746","2397","1","0","1","1",0,0.226694043344763,-0.174894088214001,-0.455418664291706,-0.0849509912336239,0,-1.34147440207727,0.108263247565946,-0.302304380306779,0.0675649386032631,-0.355988135781098
"747","2397","1","0","1","1",0,0.226694043344763,-0.174894088214001,-0.455418664291706,-0.0849509912336239,1.22459298388913,-1.34147440207727,0.180438745943243,-0.302304380306779,0.0675649386032631,-0.355988135781098
"748","2397","0","0","1","1",0,0.226694043344763,-0.174894088214001,-0.455418664291706,-0.0849509912336239,-1.22459298388913,-0.447158134025757,0.25261424432054,-0.302304380306779,0.0675649386032631,-0.355988135781098
"749","2397","1","0","1","1",0,0.226694043344763,-0.174894088214001,-0.455418664291706,-0.0849509912336239,0,-0.447158134025757,0.324789742697837,-0.302304380306779,0.0675649386032631,-0.355988135781098
"750","2397","1","0","1","1",0,0.226694043344763,-0.174894088214001,-0.455418664291706,-0.0849509912336239,1.22459298388913,-0.447158134025757,0.396965241075134,-0.302304380306779,0.0675649386032631,-0.355988135781098
"751","2397","0","0","1","1",0,0.226694043344763,-0.174894088214001,-0.455418664291706,-0.0849509912336239,-1.22459298388913,0.447158134025757,0.469140739452431,-0.302304380306779,0.0675649386032631,-0.355988135781098
"752","2397","1","0","1","1",0,0.226694043344763,-0.174894088214001,-0.455418664291706,-0.0849509912336239,0,0.447158134025757,0.541316237829728,-0.302304380306779,0.0675649386032631,-0.355988135781098
"754","2397","0","0","1","1",0,0.226694043344763,-0.174894088214001,-0.455418664291706,-0.0849509912336239,-1.22459298388913,1.34147440207727,0.685667234584322,-0.302304380306779,0.0675649386032631,-0.355988135781098
"755","2397","0","0","1","1",0,0.226694043344763,-0.174894088214001,-0.455418664291706,-0.0849509912336239,0,1.34147440207727,0.757842732961619,-0.302304380306779,0.0675649386032631,-0.355988135781098
"756","2397","1","0","1","1",1,0.226694043344763,-0.174894088214001,-0.455418664291706,-0.0849509912336239,1.22459298388913,1.34147440207727,0.830018231338916,-0.302304380306779,0.0675649386032631,-0.355988135781098
"757","2397","1","0","1","1",0,0.226694043344763,-0.174894088214001,-0.455418664291706,-0.0849509912336239,-1.22459298388913,-1.34147440207727,0.902193729716213,-0.302304380306779,0.0675649386032631,-0.355988135781098
"758","2397","1","0","1","1",0,0.226694043344763,-0.174894088214001,-0.455418664291706,-0.0849509912336239,0,-1.34147440207727,0.97436922809351,-0.302304380306779,0.0675649386032631,-0.355988135781098
"759","2397","1","0","1","1",0,0.226694043344763,-0.174894088214001,-0.455418664291706,-0.0849509912336239,1.22459298388913,-1.34147440207727,1.04654472647081,-0.302304380306779,0.0675649386032631,-0.355988135781098
"760","2397","0","0","1","1",0,0.226694043344763,-0.174894088214001,-0.455418664291706,-0.0849509912336239,-1.22459298388913,-0.447158134025757,1.1187202248481,-0.302304380306779,0.0675649386032631,-0.355988135781098
"761","2397","0","0","1","1",0,0.226694043344763,-0.174894088214001,-0.455418664291706,-0.0849509912336239,0,-0.447158134025757,1.1908957232254,-0.302304380306779,0.0675649386032631,-0.355988135781098
"762","2397","1","0","1","1",0,0.226694043344763,-0.174894088214001,-0.455418664291706,-0.0849509912336239,1.22459298388913,-0.447158134025757,1.2630712216027,-0.302304380306779,0.0675649386032631,-0.355988135781098
"763","2397","0","0","1","1",0,0.226694043344763,-0.174894088214001,-0.455418664291706,-0.0849509912336239,-1.22459298388913,0.447158134025757,1.33524671998,-0.302304380306779,0.0675649386032631,-0.355988135781098
"764","2397","0","0","1","1",0,0.226694043344763,-0.174894088214001,-0.455418664291706,-0.0849509912336239,0,0.447158134025757,1.40742221835729,-0.302304380306779,0.0675649386032631,-0.355988135781098
"765","2397","0","0","1","1",0,0.226694043344763,-0.174894088214001,-0.455418664291706,-0.0849509912336239,1.22459298388913,0.447158134025757,1.47959771673459,-0.302304380306779,0.0675649386032631,-0.355988135781098
"766","2397","0","0","1","1",0,0.226694043344763,-0.174894088214001,-0.455418664291706,-0.0849509912336239,-1.22459298388913,1.34147440207727,1.55177321511189,-0.302304380306779,0.0675649386032631,-0.355988135781098
"767","2397","0","0","1","1",0,0.226694043344763,-0.174894088214001,-0.455418664291706,-0.0849509912336239,0,1.34147440207727,1.62394871348918,-0.302304380306779,0.0675649386032631,-0.355988135781098
"768","2397","0","0","1","1",0,0.226694043344763,-0.174894088214001,-0.455418664291706,-0.0849509912336239,1.22459298388913,1.34147440207727,1.69612421186648,-0.302304380306779,0.0675649386032631,-0.355988135781098
"769","2411","1","1","0","1",0,-0.517830468403387,2.9188248447241,1.79583917942565,1.87115735954061,-1.22459298388913,-1.34147440207727,-1.69612421186648,-1.54252747900125,-1.283733833462,-1.21898967706861
"770","2411","1","1","0","1",1,-0.517830468403387,2.9188248447241,1.79583917942565,1.87115735954061,0,-1.34147440207727,-1.62394871348918,-1.54252747900125,-1.283733833462,-1.21898967706861
"772","2411","1","1","0","1",0,-0.517830468403387,2.9188248447241,1.79583917942565,1.87115735954061,-1.22459298388913,-0.447158134025757,-1.47959771673459,-1.54252747900125,-1.283733833462,-1.21898967706861
"774","2411","1","1","0","1",0,-0.517830468403387,2.9188248447241,1.79583917942565,1.87115735954061,1.22459298388913,-0.447158134025757,-1.33524671998,-1.54252747900125,-1.283733833462,-1.21898967706861
"775","2411","1","1","0","1",0,-0.517830468403387,2.9188248447241,1.79583917942565,1.87115735954061,-1.22459298388913,0.447158134025757,-1.2630712216027,-1.54252747900125,-1.283733833462,-1.21898967706861
"777","2411","0","1","0","1",0,-0.517830468403387,2.9188248447241,1.79583917942565,1.87115735954061,1.22459298388913,0.447158134025757,-1.1187202248481,-1.54252747900125,-1.283733833462,-1.21898967706861
"778","2411","1","1","0","1",0,-0.517830468403387,2.9188248447241,1.79583917942565,1.87115735954061,-1.22459298388913,1.34147440207727,-1.04654472647081,-1.54252747900125,-1.283733833462,-1.21898967706861
"780","2411","1","1","0","1",0,-0.517830468403387,2.9188248447241,1.79583917942565,1.87115735954061,1.22459298388913,1.34147440207727,-0.902193729716213,-1.54252747900125,-1.283733833462,-1.21898967706861
"781","2411","1","1","0","1",0,-0.517830468403387,2.9188248447241,1.79583917942565,1.87115735954061,-1.22459298388913,-1.34147440207727,-0.830018231338916,-1.54252747900125,-1.283733833462,-1.21898967706861
"782","2411","1","1","0","1",0,-0.517830468403387,2.9188248447241,1.79583917942565,1.87115735954061,0,-1.34147440207727,-0.757842732961619,-1.54252747900125,-1.283733833462,-1.21898967706861
"783","2411","1","1","0","1",0,-0.517830468403387,2.9188248447241,1.79583917942565,1.87115735954061,1.22459298388913,-1.34147440207727,-0.685667234584322,-1.54252747900125,-1.283733833462,-1.21898967706861
"784","2411","1","1","0","1",1,-0.517830468403387,2.9188248447241,1.79583917942565,1.87115735954061,-1.22459298388913,-0.447158134025757,-0.613491736207025,-1.54252747900125,-1.283733833462,-1.21898967706861
"785","2411","1","1","0","1",0,-0.517830468403387,2.9188248447241,1.79583917942565,1.87115735954061,0,-0.447158134025757,-0.541316237829728,-1.54252747900125,-1.283733833462,-1.21898967706861
"786","2411","1","1","0","1",1,-0.517830468403387,2.9188248447241,1.79583917942565,1.87115735954061,1.22459298388913,-0.447158134025757,-0.469140739452431,-1.54252747900125,-1.283733833462,-1.21898967706861
"787","2411","0","1","0","1",0,-0.517830468403387,2.9188248447241,1.79583917942565,1.87115735954061,-1.22459298388913,0.447158134025757,-0.396965241075134,-1.54252747900125,-1.283733833462,-1.21898967706861
"788","2411","1","1","0","1",1,-0.517830468403387,2.9188248447241,1.79583917942565,1.87115735954061,0,0.447158134025757,-0.324789742697837,-1.54252747900125,-1.283733833462,-1.21898967706861
"789","2411","1","1","0","1",0,-0.517830468403387,2.9188248447241,1.79583917942565,1.87115735954061,1.22459298388913,0.447158134025757,-0.25261424432054,-1.54252747900125,-1.283733833462,-1.21898967706861
"790","2411","1","1","0","1",0,-0.517830468403387,2.9188248447241,1.79583917942565,1.87115735954061,-1.22459298388913,1.34147440207727,-0.180438745943243,-1.54252747900125,-1.283733833462,-1.21898967706861
"791","2411","1","1","0","1",1,-0.517830468403387,2.9188248447241,1.79583917942565,1.87115735954061,0,1.34147440207727,-0.108263247565946,-1.54252747900125,-1.283733833462,-1.21898967706861
"792","2411","1","1","0","1",1,-0.517830468403387,2.9188248447241,1.79583917942565,1.87115735954061,1.22459298388913,1.34147440207727,-0.0360877491886485,-1.54252747900125,-1.283733833462,-1.21898967706861
"793","2411","1","1","1","1",0,-0.517830468403387,2.9188248447241,1.79583917942565,1.87115735954061,-1.22459298388913,-1.34147440207727,0.0360877491886485,-1.54252747900125,-1.283733833462,-1.21898967706861
"794","2411","0","1","1","1",0,-0.517830468403387,2.9188248447241,1.79583917942565,1.87115735954061,0,-1.34147440207727,0.108263247565946,-1.54252747900125,-1.283733833462,-1.21898967706861
"795","2411","1","1","1","1",0,-0.517830468403387,2.9188248447241,1.79583917942565,1.87115735954061,1.22459298388913,-1.34147440207727,0.180438745943243,-1.54252747900125,-1.283733833462,-1.21898967706861
"797","2411","1","1","1","1",0,-0.517830468403387,2.9188248447241,1.79583917942565,1.87115735954061,0,-0.447158134025757,0.324789742697837,-1.54252747900125,-1.283733833462,-1.21898967706861
"799","2411","1","1","1","1",0,-0.517830468403387,2.9188248447241,1.79583917942565,1.87115735954061,-1.22459298388913,0.447158134025757,0.469140739452431,-1.54252747900125,-1.283733833462,-1.21898967706861
"801","2411","1","1","1","1",0,-0.517830468403387,2.9188248447241,1.79583917942565,1.87115735954061,1.22459298388913,0.447158134025757,0.613491736207025,-1.54252747900125,-1.283733833462,-1.21898967706861
"802","2411","1","1","1","1",0,-0.517830468403387,2.9188248447241,1.79583917942565,1.87115735954061,-1.22459298388913,1.34147440207727,0.685667234584322,-1.54252747900125,-1.283733833462,-1.21898967706861
"805","2411","1","1","1","1",0,-0.517830468403387,2.9188248447241,1.79583917942565,1.87115735954061,-1.22459298388913,-1.34147440207727,0.902193729716213,-1.54252747900125,-1.283733833462,-1.21898967706861
"806","2411","1","1","1","1",0,-0.517830468403387,2.9188248447241,1.79583917942565,1.87115735954061,0,-1.34147440207727,0.97436922809351,-1.54252747900125,-1.283733833462,-1.21898967706861
"807","2411","1","1","1","1",0,-0.517830468403387,2.9188248447241,1.79583917942565,1.87115735954061,1.22459298388913,-1.34147440207727,1.04654472647081,-1.54252747900125,-1.283733833462,-1.21898967706861
"808","2411","1","1","1","1",0,-0.517830468403387,2.9188248447241,1.79583917942565,1.87115735954061,-1.22459298388913,-0.447158134025757,1.1187202248481,-1.54252747900125,-1.283733833462,-1.21898967706861
"809","2411","1","1","1","1",0,-0.517830468403387,2.9188248447241,1.79583917942565,1.87115735954061,0,-0.447158134025757,1.1908957232254,-1.54252747900125,-1.283733833462,-1.21898967706861
"810","2411","1","1","1","1",0,-0.517830468403387,2.9188248447241,1.79583917942565,1.87115735954061,1.22459298388913,-0.447158134025757,1.2630712216027,-1.54252747900125,-1.283733833462,-1.21898967706861
"811","2411","1","1","1","1",0,-0.517830468403387,2.9188248447241,1.79583917942565,1.87115735954061,-1.22459298388913,0.447158134025757,1.33524671998,-1.54252747900125,-1.283733833462,-1.21898967706861
"812","2411","1","1","1","1",0,-0.517830468403387,2.9188248447241,1.79583917942565,1.87115735954061,0,0.447158134025757,1.40742221835729,-1.54252747900125,-1.283733833462,-1.21898967706861
"813","2411","1","1","1","1",0,-0.517830468403387,2.9188248447241,1.79583917942565,1.87115735954061,1.22459298388913,0.447158134025757,1.47959771673459,-1.54252747900125,-1.283733833462,-1.21898967706861
"814","2411","1","1","1","1",0,-0.517830468403387,2.9188248447241,1.79583917942565,1.87115735954061,-1.22459298388913,1.34147440207727,1.55177321511189,-1.54252747900125,-1.283733833462,-1.21898967706861
"815","2411","1","1","1","1",0,-0.517830468403387,2.9188248447241,1.79583917942565,1.87115735954061,0,1.34147440207727,1.62394871348918,-1.54252747900125,-1.283733833462,-1.21898967706861
"816","2411","1","1","1","1",0,-0.517830468403387,2.9188248447241,1.79583917942565,1.87115735954061,1.22459298388913,1.34147440207727,1.69612421186648,-1.54252747900125,-1.283733833462,-1.21898967706861
"817","2431","1","1","0","2",0,-0.517830468403387,0.501639346858359,0.670210257566974,-0.737508737051909,-1.22459298388913,-1.34147440207727,-1.69612421186648,0.31780716904046,0.0675649386032631,0.507013405506412
"818","2431","1","1","0","2",0,-0.517830468403387,0.501639346858359,0.670210257566974,-0.737508737051909,0,-1.34147440207727,-1.62394871348918,0.31780716904046,0.0675649386032631,0.507013405506412
"819","2431","1","1","0","2",0,-0.517830468403387,0.501639346858359,0.670210257566974,-0.737508737051909,1.22459298388913,-1.34147440207727,-1.55177321511189,0.31780716904046,0.0675649386032631,0.507013405506412
"820","2431","1","1","0","2",0,-0.517830468403387,0.501639346858359,0.670210257566974,-0.737508737051909,-1.22459298388913,-0.447158134025757,-1.47959771673459,0.31780716904046,0.0675649386032631,0.507013405506412
"821","2431","1","1","0","2",0,-0.517830468403387,0.501639346858359,0.670210257566974,-0.737508737051909,0,-0.447158134025757,-1.40742221835729,0.31780716904046,0.0675649386032631,0.507013405506412
"822","2431","1","1","0","2",0,-0.517830468403387,0.501639346858359,0.670210257566974,-0.737508737051909,1.22459298388913,-0.447158134025757,-1.33524671998,0.31780716904046,0.0675649386032631,0.507013405506412
"823","2431","1","1","0","2",0,-0.517830468403387,0.501639346858359,0.670210257566974,-0.737508737051909,-1.22459298388913,0.447158134025757,-1.2630712216027,0.31780716904046,0.0675649386032631,0.507013405506412
"824","2431","1","1","0","2",0,-0.517830468403387,0.501639346858359,0.670210257566974,-0.737508737051909,0,0.447158134025757,-1.1908957232254,0.31780716904046,0.0675649386032631,0.507013405506412
"825","2431","1","1","0","2",0,-0.517830468403387,0.501639346858359,0.670210257566974,-0.737508737051909,1.22459298388913,0.447158134025757,-1.1187202248481,0.31780716904046,0.0675649386032631,0.507013405506412
"826","2431","1","1","0","2",0,-0.517830468403387,0.501639346858359,0.670210257566974,-0.737508737051909,-1.22459298388913,1.34147440207727,-1.04654472647081,0.31780716904046,0.0675649386032631,0.507013405506412
"827","2431","1","1","0","2",0,-0.517830468403387,0.501639346858359,0.670210257566974,-0.737508737051909,0,1.34147440207727,-0.97436922809351,0.31780716904046,0.0675649386032631,0.507013405506412
"828","2431","1","1","0","2",0,-0.517830468403387,0.501639346858359,0.670210257566974,-0.737508737051909,1.22459298388913,1.34147440207727,-0.902193729716213,0.31780716904046,0.0675649386032631,0.507013405506412
"829","2431","1","1","0","2",1,-0.517830468403387,0.501639346858359,0.670210257566974,-0.737508737051909,-1.22459298388913,-1.34147440207727,-0.830018231338916,0.31780716904046,0.0675649386032631,0.507013405506412
"830","2431","1","1","0","2",0,-0.517830468403387,0.501639346858359,0.670210257566974,-0.737508737051909,0,-1.34147440207727,-0.757842732961619,0.31780716904046,0.0675649386032631,0.507013405506412
"831","2431","1","1","0","2",0,-0.517830468403387,0.501639346858359,0.670210257566974,-0.737508737051909,1.22459298388913,-1.34147440207727,-0.685667234584322,0.31780716904046,0.0675649386032631,0.507013405506412
"832","2431","1","1","0","2",1,-0.517830468403387,0.501639346858359,0.670210257566974,-0.737508737051909,-1.22459298388913,-0.447158134025757,-0.613491736207025,0.31780716904046,0.0675649386032631,0.507013405506412
"833","2431","1","1","0","2",0,-0.517830468403387,0.501639346858359,0.670210257566974,-0.737508737051909,0,-0.447158134025757,-0.541316237829728,0.31780716904046,0.0675649386032631,0.507013405506412
"834","2431","1","1","0","2",0,-0.517830468403387,0.501639346858359,0.670210257566974,-0.737508737051909,1.22459298388913,-0.447158134025757,-0.469140739452431,0.31780716904046,0.0675649386032631,0.507013405506412
"835","2431","1","1","0","2",1,-0.517830468403387,0.501639346858359,0.670210257566974,-0.737508737051909,-1.22459298388913,0.447158134025757,-0.396965241075134,0.31780716904046,0.0675649386032631,0.507013405506412
"836","2431","1","1","0","2",0,-0.517830468403387,0.501639346858359,0.670210257566974,-0.737508737051909,0,0.447158134025757,-0.324789742697837,0.31780716904046,0.0675649386032631,0.507013405506412
"837","2431","1","1","0","2",0,-0.517830468403387,0.501639346858359,0.670210257566974,-0.737508737051909,1.22459298388913,0.447158134025757,-0.25261424432054,0.31780716904046,0.0675649386032631,0.507013405506412
"838","2431","1","1","0","2",0,-0.517830468403387,0.501639346858359,0.670210257566974,-0.737508737051909,-1.22459298388913,1.34147440207727,-0.180438745943243,0.31780716904046,0.0675649386032631,0.507013405506412
"839","2431","1","1","0","2",0,-0.517830468403387,0.501639346858359,0.670210257566974,-0.737508737051909,0,1.34147440207727,-0.108263247565946,0.31780716904046,0.0675649386032631,0.507013405506412
"840","2431","1","1","0","2",0,-0.517830468403387,0.501639346858359,0.670210257566974,-0.737508737051909,1.22459298388913,1.34147440207727,-0.0360877491886485,0.31780716904046,0.0675649386032631,0.507013405506412
"842","2431","1","1","1","2",0,-0.517830468403387,0.501639346858359,0.670210257566974,-0.737508737051909,0,-1.34147440207727,0.108263247565946,0.31780716904046,0.0675649386032631,0.507013405506412
"843","2431","1","1","1","2",0,-0.517830468403387,0.501639346858359,0.670210257566974,-0.737508737051909,1.22459298388913,-1.34147440207727,0.180438745943243,0.31780716904046,0.0675649386032631,0.507013405506412
"845","2431","0","1","1","2",0,-0.517830468403387,0.501639346858359,0.670210257566974,-0.737508737051909,0,-0.447158134025757,0.324789742697837,0.31780716904046,0.0675649386032631,0.507013405506412
"846","2431","1","1","1","2",0,-0.517830468403387,0.501639346858359,0.670210257566974,-0.737508737051909,1.22459298388913,-0.447158134025757,0.396965241075134,0.31780716904046,0.0675649386032631,0.507013405506412
"848","2431","1","1","1","2",0,-0.517830468403387,0.501639346858359,0.670210257566974,-0.737508737051909,0,0.447158134025757,0.541316237829728,0.31780716904046,0.0675649386032631,0.507013405506412
"849","2431","1","1","1","2",0,-0.517830468403387,0.501639346858359,0.670210257566974,-0.737508737051909,1.22459298388913,0.447158134025757,0.613491736207025,0.31780716904046,0.0675649386032631,0.507013405506412
"850","2431","1","1","1","2",0,-0.517830468403387,0.501639346858359,0.670210257566974,-0.737508737051909,-1.22459298388913,1.34147440207727,0.685667234584322,0.31780716904046,0.0675649386032631,0.507013405506412
"851","2431","1","1","1","2",0,-0.517830468403387,0.501639346858359,0.670210257566974,-0.737508737051909,0,1.34147440207727,0.757842732961619,0.31780716904046,0.0675649386032631,0.507013405506412
"852","2431","1","1","1","2",0,-0.517830468403387,0.501639346858359,0.670210257566974,-0.737508737051909,1.22459298388913,1.34147440207727,0.830018231338916,0.31780716904046,0.0675649386032631,0.507013405506412
"853","2431","1","1","1","2",0,-0.517830468403387,0.501639346858359,0.670210257566974,-0.737508737051909,-1.22459298388913,-1.34147440207727,0.902193729716213,0.31780716904046,0.0675649386032631,0.507013405506412
"854","2431","0","1","1","2",0,-0.517830468403387,0.501639346858359,0.670210257566974,-0.737508737051909,0,-1.34147440207727,0.97436922809351,0.31780716904046,0.0675649386032631,0.507013405506412
"855","2431","0","1","1","2",0,-0.517830468403387,0.501639346858359,0.670210257566974,-0.737508737051909,1.22459298388913,-1.34147440207727,1.04654472647081,0.31780716904046,0.0675649386032631,0.507013405506412
"856","2431","0","1","1","2",0,-0.517830468403387,0.501639346858359,0.670210257566974,-0.737508737051909,-1.22459298388913,-0.447158134025757,1.1187202248481,0.31780716904046,0.0675649386032631,0.507013405506412
"857","2431","0","1","1","2",0,-0.517830468403387,0.501639346858359,0.670210257566974,-0.737508737051909,0,-0.447158134025757,1.1908957232254,0.31780716904046,0.0675649386032631,0.507013405506412
"858","2431","1","1","1","2",0,-0.517830468403387,0.501639346858359,0.670210257566974,-0.737508737051909,1.22459298388913,-0.447158134025757,1.2630712216027,0.31780716904046,0.0675649386032631,0.507013405506412
"859","2431","0","1","1","2",0,-0.517830468403387,0.501639346858359,0.670210257566974,-0.737508737051909,-1.22459298388913,0.447158134025757,1.33524671998,0.31780716904046,0.0675649386032631,0.507013405506412
"860","2431","1","1","1","2",0,-0.517830468403387,0.501639346858359,0.670210257566974,-0.737508737051909,0,0.447158134025757,1.40742221835729,0.31780716904046,0.0675649386032631,0.507013405506412
"861","2431","0","1","1","2",0,-0.517830468403387,0.501639346858359,0.670210257566974,-0.737508737051909,1.22459298388913,0.447158134025757,1.47959771673459,0.31780716904046,0.0675649386032631,0.507013405506412
"862","2431","0","1","1","2",0,-0.517830468403387,0.501639346858359,0.670210257566974,-0.737508737051909,-1.22459298388913,1.34147440207727,1.55177321511189,0.31780716904046,0.0675649386032631,0.507013405506412
"863","2431","1","1","1","2",0,-0.517830468403387,0.501639346858359,0.670210257566974,-0.737508737051909,0,1.34147440207727,1.62394871348918,0.31780716904046,0.0675649386032631,0.507013405506412
"864","2431","1","1","1","2",0,-0.517830468403387,0.501639346858359,0.670210257566974,-0.737508737051909,1.22459298388913,1.34147440207727,1.69612421186648,0.31780716904046,0.0675649386032631,0.507013405506412
"865","2690","1","0","0","1",0,0.0669775639268432,-0.420906246422132,-0.455418664291706,-0.0849509912336239,-1.22459298388913,-1.34147440207727,-1.69612421186648,-0.302304380306779,0.0675649386032631,-0.355988135781098
"866","2690","1","0","0","1",0,0.0669775639268432,-0.420906246422132,-0.455418664291706,-0.0849509912336239,0,-1.34147440207727,-1.62394871348918,-0.302304380306779,0.0675649386032631,-0.355988135781098
"867","2690","1","0","0","1",0,0.0669775639268432,-0.420906246422132,-0.455418664291706,-0.0849509912336239,1.22459298388913,-1.34147440207727,-1.55177321511189,-0.302304380306779,0.0675649386032631,-0.355988135781098
"868","2690","0","0","0","1",0,0.0669775639268432,-0.420906246422132,-0.455418664291706,-0.0849509912336239,-1.22459298388913,-0.447158134025757,-1.47959771673459,-0.302304380306779,0.0675649386032631,-0.355988135781098
"869","2690","1","0","0","1",0,0.0669775639268432,-0.420906246422132,-0.455418664291706,-0.0849509912336239,0,-0.447158134025757,-1.40742221835729,-0.302304380306779,0.0675649386032631,-0.355988135781098
"870","2690","1","0","0","1",0,0.0669775639268432,-0.420906246422132,-0.455418664291706,-0.0849509912336239,1.22459298388913,-0.447158134025757,-1.33524671998,-0.302304380306779,0.0675649386032631,-0.355988135781098
"871","2690","1","0","0","1",0,0.0669775639268432,-0.420906246422132,-0.455418664291706,-0.0849509912336239,-1.22459298388913,0.447158134025757,-1.2630712216027,-0.302304380306779,0.0675649386032631,-0.355988135781098
"872","2690","1","0","0","1",0,0.0669775639268432,-0.420906246422132,-0.455418664291706,-0.0849509912336239,0,0.447158134025757,-1.1908957232254,-0.302304380306779,0.0675649386032631,-0.355988135781098
"873","2690","1","0","0","1",0,0.0669775639268432,-0.420906246422132,-0.455418664291706,-0.0849509912336239,1.22459298388913,0.447158134025757,-1.1187202248481,-0.302304380306779,0.0675649386032631,-0.355988135781098
"874","2690","1","0","0","1",1,0.0669775639268432,-0.420906246422132,-0.455418664291706,-0.0849509912336239,-1.22459298388913,1.34147440207727,-1.04654472647081,-0.302304380306779,0.0675649386032631,-0.355988135781098
"875","2690","1","0","0","1",0,0.0669775639268432,-0.420906246422132,-0.455418664291706,-0.0849509912336239,0,1.34147440207727,-0.97436922809351,-0.302304380306779,0.0675649386032631,-0.355988135781098
"876","2690","1","0","0","1",0,0.0669775639268432,-0.420906246422132,-0.455418664291706,-0.0849509912336239,1.22459298388913,1.34147440207727,-0.902193729716213,-0.302304380306779,0.0675649386032631,-0.355988135781098
"877","2690","1","0","0","1",0,0.0669775639268432,-0.420906246422132,-0.455418664291706,-0.0849509912336239,-1.22459298388913,-1.34147440207727,-0.830018231338916,-0.302304380306779,0.0675649386032631,-0.355988135781098
"879","2690","1","0","0","1",0,0.0669775639268432,-0.420906246422132,-0.455418664291706,-0.0849509912336239,1.22459298388913,-1.34147440207727,-0.685667234584322,-0.302304380306779,0.0675649386032631,-0.355988135781098
"880","2690","1","0","0","1",0,0.0669775639268432,-0.420906246422132,-0.455418664291706,-0.0849509912336239,-1.22459298388913,-0.447158134025757,-0.613491736207025,-0.302304380306779,0.0675649386032631,-0.355988135781098
"881","2690","1","0","0","1",0,0.0669775639268432,-0.420906246422132,-0.455418664291706,-0.0849509912336239,0,-0.447158134025757,-0.541316237829728,-0.302304380306779,0.0675649386032631,-0.355988135781098
"882","2690","1","0","0","1",0,0.0669775639268432,-0.420906246422132,-0.455418664291706,-0.0849509912336239,1.22459298388913,-0.447158134025757,-0.469140739452431,-0.302304380306779,0.0675649386032631,-0.355988135781098
"883","2690","1","0","0","1",0,0.0669775639268432,-0.420906246422132,-0.455418664291706,-0.0849509912336239,-1.22459298388913,0.447158134025757,-0.396965241075134,-0.302304380306779,0.0675649386032631,-0.355988135781098
"884","2690","1","0","0","1",0,0.0669775639268432,-0.420906246422132,-0.455418664291706,-0.0849509912336239,0,0.447158134025757,-0.324789742697837,-0.302304380306779,0.0675649386032631,-0.355988135781098
"885","2690","1","0","0","1",0,0.0669775639268432,-0.420906246422132,-0.455418664291706,-0.0849509912336239,1.22459298388913,0.447158134025757,-0.25261424432054,-0.302304380306779,0.0675649386032631,-0.355988135781098
"886","2690","1","0","0","1",0,0.0669775639268432,-0.420906246422132,-0.455418664291706,-0.0849509912336239,-1.22459298388913,1.34147440207727,-0.180438745943243,-0.302304380306779,0.0675649386032631,-0.355988135781098
"887","2690","1","0","0","1",0,0.0669775639268432,-0.420906246422132,-0.455418664291706,-0.0849509912336239,0,1.34147440207727,-0.108263247565946,-0.302304380306779,0.0675649386032631,-0.355988135781098
"888","2690","1","0","0","1",0,0.0669775639268432,-0.420906246422132,-0.455418664291706,-0.0849509912336239,1.22459298388913,1.34147440207727,-0.0360877491886485,-0.302304380306779,0.0675649386032631,-0.355988135781098
"889","2690","0","0","1","1",0,0.0669775639268432,-0.420906246422132,-0.455418664291706,-0.0849509912336239,-1.22459298388913,-1.34147440207727,0.0360877491886485,-0.302304380306779,0.0675649386032631,-0.355988135781098
"890","2690","1","0","1","1",1,0.0669775639268432,-0.420906246422132,-0.455418664291706,-0.0849509912336239,0,-1.34147440207727,0.108263247565946,-0.302304380306779,0.0675649386032631,-0.355988135781098
"891","2690","1","0","1","1",0,0.0669775639268432,-0.420906246422132,-0.455418664291706,-0.0849509912336239,1.22459298388913,-1.34147440207727,0.180438745943243,-0.302304380306779,0.0675649386032631,-0.355988135781098
"892","2690","0","0","1","1",0,0.0669775639268432,-0.420906246422132,-0.455418664291706,-0.0849509912336239,-1.22459298388913,-0.447158134025757,0.25261424432054,-0.302304380306779,0.0675649386032631,-0.355988135781098
"893","2690","1","0","1","1",0,0.0669775639268432,-0.420906246422132,-0.455418664291706,-0.0849509912336239,0,-0.447158134025757,0.324789742697837,-0.302304380306779,0.0675649386032631,-0.355988135781098
"894","2690","1","0","1","1",0,0.0669775639268432,-0.420906246422132,-0.455418664291706,-0.0849509912336239,1.22459298388913,-0.447158134025757,0.396965241075134,-0.302304380306779,0.0675649386032631,-0.355988135781098
"895","2690","1","0","1","1",0,0.0669775639268432,-0.420906246422132,-0.455418664291706,-0.0849509912336239,-1.22459298388913,0.447158134025757,0.469140739452431,-0.302304380306779,0.0675649386032631,-0.355988135781098
"896","2690","1","0","1","1",0,0.0669775639268432,-0.420906246422132,-0.455418664291706,-0.0849509912336239,0,0.447158134025757,0.541316237829728,-0.302304380306779,0.0675649386032631,-0.355988135781098
"897","2690","1","0","1","1",0,0.0669775639268432,-0.420906246422132,-0.455418664291706,-0.0849509912336239,1.22459298388913,0.447158134025757,0.613491736207025,-0.302304380306779,0.0675649386032631,-0.355988135781098
"898","2690","1","0","1","1",0,0.0669775639268432,-0.420906246422132,-0.455418664291706,-0.0849509912336239,-1.22459298388913,1.34147440207727,0.685667234584322,-0.302304380306779,0.0675649386032631,-0.355988135781098
"899","2690","0","0","1","1",0,0.0669775639268432,-0.420906246422132,-0.455418664291706,-0.0849509912336239,0,1.34147440207727,0.757842732961619,-0.302304380306779,0.0675649386032631,-0.355988135781098
"900","2690","1","0","1","1",0,0.0669775639268432,-0.420906246422132,-0.455418664291706,-0.0849509912336239,1.22459298388913,1.34147440207727,0.830018231338916,-0.302304380306779,0.0675649386032631,-0.355988135781098
"902","2690","0","0","1","1",0,0.0669775639268432,-0.420906246422132,-0.455418664291706,-0.0849509912336239,0,-1.34147440207727,0.97436922809351,-0.302304380306779,0.0675649386032631,-0.355988135781098
"903","2690","1","0","1","1",0,0.0669775639268432,-0.420906246422132,-0.455418664291706,-0.0849509912336239,1.22459298388913,-1.34147440207727,1.04654472647081,-0.302304380306779,0.0675649386032631,-0.355988135781098
"904","2690","1","0","1","1",0,0.0669775639268432,-0.420906246422132,-0.455418664291706,-0.0849509912336239,-1.22459298388913,-0.447158134025757,1.1187202248481,-0.302304380306779,0.0675649386032631,-0.355988135781098
"905","2690","0","0","1","1",0,0.0669775639268432,-0.420906246422132,-0.455418664291706,-0.0849509912336239,0,-0.447158134025757,1.1908957232254,-0.302304380306779,0.0675649386032631,-0.355988135781098
"906","2690","1","0","1","1",0,0.0669775639268432,-0.420906246422132,-0.455418664291706,-0.0849509912336239,1.22459298388913,-0.447158134025757,1.2630712216027,-0.302304380306779,0.0675649386032631,-0.355988135781098
"907","2690","0","0","1","1",0,0.0669775639268432,-0.420906246422132,-0.455418664291706,-0.0849509912336239,-1.22459298388913,0.447158134025757,1.33524671998,-0.302304380306779,0.0675649386032631,-0.355988135781098
"908","2690","0","0","1","1",0,0.0669775639268432,-0.420906246422132,-0.455418664291706,-0.0849509912336239,0,0.447158134025757,1.40742221835729,-0.302304380306779,0.0675649386032631,-0.355988135781098
"909","2690","1","0","1","1",0,0.0669775639268432,-0.420906246422132,-0.455418664291706,-0.0849509912336239,1.22459298388913,0.447158134025757,1.47959771673459,-0.302304380306779,0.0675649386032631,-0.355988135781098
"910","2690","0","0","1","1",0,0.0669775639268432,-0.420906246422132,-0.455418664291706,-0.0849509912336239,-1.22459298388913,1.34147440207727,1.55177321511189,-0.302304380306779,0.0675649386032631,-0.355988135781098
"911","2690","1","0","1","1",0,0.0669775639268432,-0.420906246422132,-0.455418664291706,-0.0849509912336239,0,1.34147440207727,1.62394871348918,-0.302304380306779,0.0675649386032631,-0.355988135781098
"912","2690","0","0","1","1",0,0.0669775639268432,-0.420906246422132,-0.455418664291706,-0.0849509912336239,1.22459298388913,1.34147440207727,1.69612421186648,-0.302304380306779,0.0675649386032631,-0.355988135781098
"913","2803","1","0","0","2",0,-0.517830468403387,-0.948904038802791,-1.01890877283321,-0.737508737051909,-1.22459298388913,-1.34147440207727,-1.69612421186648,1.55803026773494,1.41886371066852,1.37001494679392
"914","2803","1","0","0","2",0,-0.517830468403387,-0.948904038802791,-1.01890877283321,-0.737508737051909,0,-1.34147440207727,-1.62394871348918,1.55803026773494,1.41886371066852,1.37001494679392
"915","2803","1","0","0","2",0,-0.517830468403387,-0.948904038802791,-1.01890877283321,-0.737508737051909,1.22459298388913,-1.34147440207727,-1.55177321511189,1.55803026773494,1.41886371066852,1.37001494679392
"916","2803","0","0","0","2",0,-0.517830468403387,-0.948904038802791,-1.01890877283321,-0.737508737051909,-1.22459298388913,-0.447158134025757,-1.47959771673459,1.55803026773494,1.41886371066852,1.37001494679392
"917","2803","0","0","0","2",0,-0.517830468403387,-0.948904038802791,-1.01890877283321,-0.737508737051909,0,-0.447158134025757,-1.40742221835729,1.55803026773494,1.41886371066852,1.37001494679392
"918","2803","0","0","0","2",0,-0.517830468403387,-0.948904038802791,-1.01890877283321,-0.737508737051909,1.22459298388913,-0.447158134025757,-1.33524671998,1.55803026773494,1.41886371066852,1.37001494679392
"919","2803","0","0","0","2",0,-0.517830468403387,-0.948904038802791,-1.01890877283321,-0.737508737051909,-1.22459298388913,0.447158134025757,-1.2630712216027,1.55803026773494,1.41886371066852,1.37001494679392
"920","2803","0","0","0","2",0,-0.517830468403387,-0.948904038802791,-1.01890877283321,-0.737508737051909,0,0.447158134025757,-1.1908957232254,1.55803026773494,1.41886371066852,1.37001494679392
"921","2803","0","0","0","2",0,-0.517830468403387,-0.948904038802791,-1.01890877283321,-0.737508737051909,1.22459298388913,0.447158134025757,-1.1187202248481,1.55803026773494,1.41886371066852,1.37001494679392
"922","2803","0","0","0","2",0,-0.517830468403387,-0.948904038802791,-1.01890877283321,-0.737508737051909,-1.22459298388913,1.34147440207727,-1.04654472647081,1.55803026773494,1.41886371066852,1.37001494679392
"923","2803","0","0","0","2",0,-0.517830468403387,-0.948904038802791,-1.01890877283321,-0.737508737051909,0,1.34147440207727,-0.97436922809351,1.55803026773494,1.41886371066852,1.37001494679392
"924","2803","0","0","0","2",0,-0.517830468403387,-0.948904038802791,-1.01890877283321,-0.737508737051909,1.22459298388913,1.34147440207727,-0.902193729716213,1.55803026773494,1.41886371066852,1.37001494679392
"925","2803","1","0","0","2",0,-0.517830468403387,-0.948904038802791,-1.01890877283321,-0.737508737051909,-1.22459298388913,-1.34147440207727,-0.830018231338916,1.55803026773494,1.41886371066852,1.37001494679392
"926","2803","1","0","0","2",0,-0.517830468403387,-0.948904038802791,-1.01890877283321,-0.737508737051909,0,-1.34147440207727,-0.757842732961619,1.55803026773494,1.41886371066852,1.37001494679392
"927","2803","1","0","0","2",0,-0.517830468403387,-0.948904038802791,-1.01890877283321,-0.737508737051909,1.22459298388913,-1.34147440207727,-0.685667234584322,1.55803026773494,1.41886371066852,1.37001494679392
"928","2803","1","0","0","2",0,-0.517830468403387,-0.948904038802791,-1.01890877283321,-0.737508737051909,-1.22459298388913,-0.447158134025757,-0.613491736207025,1.55803026773494,1.41886371066852,1.37001494679392
"929","2803","1","0","0","2",0,-0.517830468403387,-0.948904038802791,-1.01890877283321,-0.737508737051909,0,-0.447158134025757,-0.541316237829728,1.55803026773494,1.41886371066852,1.37001494679392
"930","2803","1","0","0","2",0,-0.517830468403387,-0.948904038802791,-1.01890877283321,-0.737508737051909,1.22459298388913,-0.447158134025757,-0.469140739452431,1.55803026773494,1.41886371066852,1.37001494679392
"931","2803","1","0","0","2",0,-0.517830468403387,-0.948904038802791,-1.01890877283321,-0.737508737051909,-1.22459298388913,0.447158134025757,-0.396965241075134,1.55803026773494,1.41886371066852,1.37001494679392
"932","2803","1","0","0","2",0,-0.517830468403387,-0.948904038802791,-1.01890877283321,-0.737508737051909,0,0.447158134025757,-0.324789742697837,1.55803026773494,1.41886371066852,1.37001494679392
"933","2803","0","0","0","2",0,-0.517830468403387,-0.948904038802791,-1.01890877283321,-0.737508737051909,1.22459298388913,0.447158134025757,-0.25261424432054,1.55803026773494,1.41886371066852,1.37001494679392
"934","2803","0","0","0","2",0,-0.517830468403387,-0.948904038802791,-1.01890877283321,-0.737508737051909,-1.22459298388913,1.34147440207727,-0.180438745943243,1.55803026773494,1.41886371066852,1.37001494679392
"935","2803","0","0","0","2",0,-0.517830468403387,-0.948904038802791,-1.01890877283321,-0.737508737051909,0,1.34147440207727,-0.108263247565946,1.55803026773494,1.41886371066852,1.37001494679392
"936","2803","0","0","0","2",0,-0.517830468403387,-0.948904038802791,-1.01890877283321,-0.737508737051909,1.22459298388913,1.34147440207727,-0.0360877491886485,1.55803026773494,1.41886371066852,1.37001494679392
"937","2803","1","0","1","2",0,-0.517830468403387,-0.948904038802791,-1.01890877283321,-0.737508737051909,-1.22459298388913,-1.34147440207727,0.0360877491886485,1.55803026773494,1.41886371066852,1.37001494679392
"938","2803","1","0","1","2",0,-0.517830468403387,-0.948904038802791,-1.01890877283321,-0.737508737051909,0,-1.34147440207727,0.108263247565946,1.55803026773494,1.41886371066852,1.37001494679392
"939","2803","1","0","1","2",0,-0.517830468403387,-0.948904038802791,-1.01890877283321,-0.737508737051909,1.22459298388913,-1.34147440207727,0.180438745943243,1.55803026773494,1.41886371066852,1.37001494679392
"940","2803","0","0","1","2",0,-0.517830468403387,-0.948904038802791,-1.01890877283321,-0.737508737051909,-1.22459298388913,-0.447158134025757,0.25261424432054,1.55803026773494,1.41886371066852,1.37001494679392
"941","2803","0","0","1","2",0,-0.517830468403387,-0.948904038802791,-1.01890877283321,-0.737508737051909,0,-0.447158134025757,0.324789742697837,1.55803026773494,1.41886371066852,1.37001494679392
"942","2803","0","0","1","2",0,-0.517830468403387,-0.948904038802791,-1.01890877283321,-0.737508737051909,1.22459298388913,-0.447158134025757,0.396965241075134,1.55803026773494,1.41886371066852,1.37001494679392
"943","2803","0","0","1","2",0,-0.517830468403387,-0.948904038802791,-1.01890877283321,-0.737508737051909,-1.22459298388913,0.447158134025757,0.469140739452431,1.55803026773494,1.41886371066852,1.37001494679392
"944","2803","0","0","1","2",0,-0.517830468403387,-0.948904038802791,-1.01890877283321,-0.737508737051909,0,0.447158134025757,0.541316237829728,1.55803026773494,1.41886371066852,1.37001494679392
"945","2803","0","0","1","2",0,-0.517830468403387,-0.948904038802791,-1.01890877283321,-0.737508737051909,1.22459298388913,0.447158134025757,0.613491736207025,1.55803026773494,1.41886371066852,1.37001494679392
"946","2803","0","0","1","2",0,-0.517830468403387,-0.948904038802791,-1.01890877283321,-0.737508737051909,-1.22459298388913,1.34147440207727,0.685667234584322,1.55803026773494,1.41886371066852,1.37001494679392
"947","2803","0","0","1","2",0,-0.517830468403387,-0.948904038802791,-1.01890877283321,-0.737508737051909,0,1.34147440207727,0.757842732961619,1.55803026773494,1.41886371066852,1.37001494679392
"948","2803","0","0","1","2",0,-0.517830468403387,-0.948904038802791,-1.01890877283321,-0.737508737051909,1.22459298388913,1.34147440207727,0.830018231338916,1.55803026773494,1.41886371066852,1.37001494679392
"949","2803","0","0","1","2",0,-0.517830468403387,-0.948904038802791,-1.01890877283321,-0.737508737051909,-1.22459298388913,-1.34147440207727,0.902193729716213,1.55803026773494,1.41886371066852,1.37001494679392
"950","2803","1","0","1","2",0,-0.517830468403387,-0.948904038802791,-1.01890877283321,-0.737508737051909,0,-1.34147440207727,0.97436922809351,1.55803026773494,1.41886371066852,1.37001494679392
"951","2803","0","0","1","2",0,-0.517830468403387,-0.948904038802791,-1.01890877283321,-0.737508737051909,1.22459298388913,-1.34147440207727,1.04654472647081,1.55803026773494,1.41886371066852,1.37001494679392
"952","2803","0","0","1","2",0,-0.517830468403387,-0.948904038802791,-1.01890877283321,-0.737508737051909,-1.22459298388913,-0.447158134025757,1.1187202248481,1.55803026773494,1.41886371066852,1.37001494679392
"953","2803","0","0","1","2",0,-0.517830468403387,-0.948904038802791,-1.01890877283321,-0.737508737051909,0,-0.447158134025757,1.1908957232254,1.55803026773494,1.41886371066852,1.37001494679392
"954","2803","0","0","1","2",0,-0.517830468403387,-0.948904038802791,-1.01890877283321,-0.737508737051909,1.22459298388913,-0.447158134025757,1.2630712216027,1.55803026773494,1.41886371066852,1.37001494679392
"955","2803","0","0","1","2",0,-0.517830468403387,-0.948904038802791,-1.01890877283321,-0.737508737051909,-1.22459298388913,0.447158134025757,1.33524671998,1.55803026773494,1.41886371066852,1.37001494679392
"956","2803","0","0","1","2",0,-0.517830468403387,-0.948904038802791,-1.01890877283321,-0.737508737051909,0,0.447158134025757,1.40742221835729,1.55803026773494,1.41886371066852,1.37001494679392
"957","2803","0","0","1","2",0,-0.517830468403387,-0.948904038802791,-1.01890877283321,-0.737508737051909,1.22459298388913,0.447158134025757,1.47959771673459,1.55803026773494,1.41886371066852,1.37001494679392
"958","2803","0","0","1","2",0,-0.517830468403387,-0.948904038802791,-1.01890877283321,-0.737508737051909,-1.22459298388913,1.34147440207727,1.55177321511189,1.55803026773494,1.41886371066852,1.37001494679392
"959","2803","0","0","1","2",0,-0.517830468403387,-0.948904038802791,-1.01890877283321,-0.737508737051909,0,1.34147440207727,1.62394871348918,1.55803026773494,1.41886371066852,1.37001494679392
"960","2803","0","0","1","2",0,-0.517830468403387,-0.948904038802791,-1.01890877283321,-0.737508737051909,1.22459298388913,1.34147440207727,1.69612421186648,1.55803026773494,1.41886371066852,1.37001494679392
"961","2854","1","0","0","2",0,-0.517830468403387,-0.948904038802791,-1.01890877283321,-0.737508737051909,-1.22459298388913,-1.34147440207727,-1.69612421186648,2.17814181708217,1.41886371066852,1.37001494679392
"962","2854","1","0","0","2",0,-0.517830468403387,-0.948904038802791,-1.01890877283321,-0.737508737051909,0,-1.34147440207727,-1.62394871348918,2.17814181708217,1.41886371066852,1.37001494679392
"963","2854","1","0","0","2",0,-0.517830468403387,-0.948904038802791,-1.01890877283321,-0.737508737051909,1.22459298388913,-1.34147440207727,-1.55177321511189,2.17814181708217,1.41886371066852,1.37001494679392
"964","2854","1","0","0","2",0,-0.517830468403387,-0.948904038802791,-1.01890877283321,-0.737508737051909,-1.22459298388913,-0.447158134025757,-1.47959771673459,2.17814181708217,1.41886371066852,1.37001494679392
"965","2854","1","0","0","2",0,-0.517830468403387,-0.948904038802791,-1.01890877283321,-0.737508737051909,0,-0.447158134025757,-1.40742221835729,2.17814181708217,1.41886371066852,1.37001494679392
"966","2854","1","0","0","2",0,-0.517830468403387,-0.948904038802791,-1.01890877283321,-0.737508737051909,1.22459298388913,-0.447158134025757,-1.33524671998,2.17814181708217,1.41886371066852,1.37001494679392
"967","2854","1","0","0","2",0,-0.517830468403387,-0.948904038802791,-1.01890877283321,-0.737508737051909,-1.22459298388913,0.447158134025757,-1.2630712216027,2.17814181708217,1.41886371066852,1.37001494679392
"968","2854","1","0","0","2",0,-0.517830468403387,-0.948904038802791,-1.01890877283321,-0.737508737051909,0,0.447158134025757,-1.1908957232254,2.17814181708217,1.41886371066852,1.37001494679392
"969","2854","1","0","0","2",0,-0.517830468403387,-0.948904038802791,-1.01890877283321,-0.737508737051909,1.22459298388913,0.447158134025757,-1.1187202248481,2.17814181708217,1.41886371066852,1.37001494679392
"970","2854","1","0","0","2",0,-0.517830468403387,-0.948904038802791,-1.01890877283321,-0.737508737051909,-1.22459298388913,1.34147440207727,-1.04654472647081,2.17814181708217,1.41886371066852,1.37001494679392
"971","2854","1","0","0","2",0,-0.517830468403387,-0.948904038802791,-1.01890877283321,-0.737508737051909,0,1.34147440207727,-0.97436922809351,2.17814181708217,1.41886371066852,1.37001494679392
"972","2854","1","0","0","2",0,-0.517830468403387,-0.948904038802791,-1.01890877283321,-0.737508737051909,1.22459298388913,1.34147440207727,-0.902193729716213,2.17814181708217,1.41886371066852,1.37001494679392
"973","2854","1","0","0","2",0,-0.517830468403387,-0.948904038802791,-1.01890877283321,-0.737508737051909,-1.22459298388913,-1.34147440207727,-0.830018231338916,2.17814181708217,1.41886371066852,1.37001494679392
"974","2854","1","0","0","2",0,-0.517830468403387,-0.948904038802791,-1.01890877283321,-0.737508737051909,0,-1.34147440207727,-0.757842732961619,2.17814181708217,1.41886371066852,1.37001494679392
"975","2854","1","0","0","2",0,-0.517830468403387,-0.948904038802791,-1.01890877283321,-0.737508737051909,1.22459298388913,-1.34147440207727,-0.685667234584322,2.17814181708217,1.41886371066852,1.37001494679392
"976","2854","1","0","0","2",0,-0.517830468403387,-0.948904038802791,-1.01890877283321,-0.737508737051909,-1.22459298388913,-0.447158134025757,-0.613491736207025,2.17814181708217,1.41886371066852,1.37001494679392
"977","2854","1","0","0","2",0,-0.517830468403387,-0.948904038802791,-1.01890877283321,-0.737508737051909,0,-0.447158134025757,-0.541316237829728,2.17814181708217,1.41886371066852,1.37001494679392
"978","2854","1","0","0","2",0,-0.517830468403387,-0.948904038802791,-1.01890877283321,-0.737508737051909,1.22459298388913,-0.447158134025757,-0.469140739452431,2.17814181708217,1.41886371066852,1.37001494679392
"979","2854","1","0","0","2",0,-0.517830468403387,-0.948904038802791,-1.01890877283321,-0.737508737051909,-1.22459298388913,0.447158134025757,-0.396965241075134,2.17814181708217,1.41886371066852,1.37001494679392
"980","2854","1","0","0","2",0,-0.517830468403387,-0.948904038802791,-1.01890877283321,-0.737508737051909,0,0.447158134025757,-0.324789742697837,2.17814181708217,1.41886371066852,1.37001494679392
"981","2854","1","0","0","2",0,-0.517830468403387,-0.948904038802791,-1.01890877283321,-0.737508737051909,1.22459298388913,0.447158134025757,-0.25261424432054,2.17814181708217,1.41886371066852,1.37001494679392
"982","2854","1","0","0","2",0,-0.517830468403387,-0.948904038802791,-1.01890877283321,-0.737508737051909,-1.22459298388913,1.34147440207727,-0.180438745943243,2.17814181708217,1.41886371066852,1.37001494679392
"983","2854","1","0","0","2",0,-0.517830468403387,-0.948904038802791,-1.01890877283321,-0.737508737051909,0,1.34147440207727,-0.108263247565946,2.17814181708217,1.41886371066852,1.37001494679392
"984","2854","1","0","0","2",0,-0.517830468403387,-0.948904038802791,-1.01890877283321,-0.737508737051909,1.22459298388913,1.34147440207727,-0.0360877491886485,2.17814181708217,1.41886371066852,1.37001494679392
"985","2854","1","0","1","2",0,-0.517830468403387,-0.948904038802791,-1.01890877283321,-0.737508737051909,-1.22459298388913,-1.34147440207727,0.0360877491886485,2.17814181708217,1.41886371066852,1.37001494679392
"986","2854","1","0","1","2",0,-0.517830468403387,-0.948904038802791,-1.01890877283321,-0.737508737051909,0,-1.34147440207727,0.108263247565946,2.17814181708217,1.41886371066852,1.37001494679392
"987","2854","1","0","1","2",0,-0.517830468403387,-0.948904038802791,-1.01890877283321,-0.737508737051909,1.22459298388913,-1.34147440207727,0.180438745943243,2.17814181708217,1.41886371066852,1.37001494679392
"988","2854","1","0","1","2",0,-0.517830468403387,-0.948904038802791,-1.01890877283321,-0.737508737051909,-1.22459298388913,-0.447158134025757,0.25261424432054,2.17814181708217,1.41886371066852,1.37001494679392
"989","2854","1","0","1","2",0,-0.517830468403387,-0.948904038802791,-1.01890877283321,-0.737508737051909,0,-0.447158134025757,0.324789742697837,2.17814181708217,1.41886371066852,1.37001494679392
"990","2854","1","0","1","2",0,-0.517830468403387,-0.948904038802791,-1.01890877283321,-0.737508737051909,1.22459298388913,-0.447158134025757,0.396965241075134,2.17814181708217,1.41886371066852,1.37001494679392
"991","2854","1","0","1","2",0,-0.517830468403387,-0.948904038802791,-1.01890877283321,-0.737508737051909,-1.22459298388913,0.447158134025757,0.469140739452431,2.17814181708217,1.41886371066852,1.37001494679392
"992","2854","1","0","1","2",0,-0.517830468403387,-0.948904038802791,-1.01890877283321,-0.737508737051909,0,0.447158134025757,0.541316237829728,2.17814181708217,1.41886371066852,1.37001494679392
"993","2854","1","0","1","2",0,-0.517830468403387,-0.948904038802791,-1.01890877283321,-0.737508737051909,1.22459298388913,0.447158134025757,0.613491736207025,2.17814181708217,1.41886371066852,1.37001494679392
"994","2854","1","0","1","2",0,-0.517830468403387,-0.948904038802791,-1.01890877283321,-0.737508737051909,-1.22459298388913,1.34147440207727,0.685667234584322,2.17814181708217,1.41886371066852,1.37001494679392
"995","2854","1","0","1","2",0,-0.517830468403387,-0.948904038802791,-1.01890877283321,-0.737508737051909,0,1.34147440207727,0.757842732961619,2.17814181708217,1.41886371066852,1.37001494679392
"996","2854","1","0","1","2",0,-0.517830468403387,-0.948904038802791,-1.01890877283321,-0.737508737051909,1.22459298388913,1.34147440207727,0.830018231338916,2.17814181708217,1.41886371066852,1.37001494679392
"997","2854","1","0","1","2",0,-0.517830468403387,-0.948904038802791,-1.01890877283321,-0.737508737051909,-1.22459298388913,-1.34147440207727,0.902193729716213,2.17814181708217,1.41886371066852,1.37001494679392
"998","2854","1","0","1","2",0,-0.517830468403387,-0.948904038802791,-1.01890877283321,-0.737508737051909,0,-1.34147440207727,0.97436922809351,2.17814181708217,1.41886371066852,1.37001494679392
"999","2854","1","0","1","2",0,-0.517830468403387,-0.948904038802791,-1.01890877283321,-0.737508737051909,1.22459298388913,-1.34147440207727,1.04654472647081,2.17814181708217,1.41886371066852,1.37001494679392
"1000","2854","1","0","1","2",0,-0.517830468403387,-0.948904038802791,-1.01890877283321,-0.737508737051909,-1.22459298388913,-0.447158134025757,1.1187202248481,2.17814181708217,1.41886371066852,1.37001494679392
"1001","2854","1","0","1","2",0,-0.517830468403387,-0.948904038802791,-1.01890877283321,-0.737508737051909,0,-0.447158134025757,1.1908957232254,2.17814181708217,1.41886371066852,1.37001494679392
"1002","2854","1","0","1","2",0,-0.517830468403387,-0.948904038802791,-1.01890877283321,-0.737508737051909,1.22459298388913,-0.447158134025757,1.2630712216027,2.17814181708217,1.41886371066852,1.37001494679392
"1003","2854","1","0","1","2",0,-0.517830468403387,-0.948904038802791,-1.01890877283321,-0.737508737051909,-1.22459298388913,0.447158134025757,1.33524671998,2.17814181708217,1.41886371066852,1.37001494679392
"1004","2854","1","0","1","2",0,-0.517830468403387,-0.948904038802791,-1.01890877283321,-0.737508737051909,0,0.447158134025757,1.40742221835729,2.17814181708217,1.41886371066852,1.37001494679392
"1005","2854","1","0","1","2",0,-0.517830468403387,-0.948904038802791,-1.01890877283321,-0.737508737051909,1.22459298388913,0.447158134025757,1.47959771673459,2.17814181708217,1.41886371066852,1.37001494679392
"1006","2854","1","0","1","2",0,-0.517830468403387,-0.948904038802791,-1.01890877283321,-0.737508737051909,-1.22459298388913,1.34147440207727,1.55177321511189,2.17814181708217,1.41886371066852,1.37001494679392
"1007","2854","1","0","1","2",0,-0.517830468403387,-0.948904038802791,-1.01890877283321,-0.737508737051909,0,1.34147440207727,1.62394871348918,2.17814181708217,1.41886371066852,1.37001494679392
"1008","2854","1","0","1","2",0,-0.517830468403387,-0.948904038802791,-1.01890877283321,-0.737508737051909,1.22459298388913,1.34147440207727,1.69612421186648,2.17814181708217,1.41886371066852,1.37001494679392
"1009","2899","1","0","0","2",0,-0.517830468403387,1.16076626130279,1.79583917942565,0.566041867904042,-1.22459298388913,-1.34147440207727,-1.69612421186648,1.55803026773494,1.41886371066852,1.37001494679392
"1010","2899","1","0","0","2",0,-0.517830468403387,1.16076626130279,1.79583917942565,0.566041867904042,0,-1.34147440207727,-1.62394871348918,1.55803026773494,1.41886371066852,1.37001494679392
"1011","2899","1","0","0","2",0,-0.517830468403387,1.16076626130279,1.79583917942565,0.566041867904042,1.22459298388913,-1.34147440207727,-1.55177321511189,1.55803026773494,1.41886371066852,1.37001494679392
"1012","2899","1","0","0","2",0,-0.517830468403387,1.16076626130279,1.79583917942565,0.566041867904042,-1.22459298388913,-0.447158134025757,-1.47959771673459,1.55803026773494,1.41886371066852,1.37001494679392
"1013","2899","1","0","0","2",0,-0.517830468403387,1.16076626130279,1.79583917942565,0.566041867904042,0,-0.447158134025757,-1.40742221835729,1.55803026773494,1.41886371066852,1.37001494679392
"1014","2899","1","0","0","2",0,-0.517830468403387,1.16076626130279,1.79583917942565,0.566041867904042,1.22459298388913,-0.447158134025757,-1.33524671998,1.55803026773494,1.41886371066852,1.37001494679392
"1015","2899","1","0","0","2",0,-0.517830468403387,1.16076626130279,1.79583917942565,0.566041867904042,-1.22459298388913,0.447158134025757,-1.2630712216027,1.55803026773494,1.41886371066852,1.37001494679392
"1017","2899","1","0","0","2",0,-0.517830468403387,1.16076626130279,1.79583917942565,0.566041867904042,1.22459298388913,0.447158134025757,-1.1187202248481,1.55803026773494,1.41886371066852,1.37001494679392
"1019","2899","1","0","0","2",0,-0.517830468403387,1.16076626130279,1.79583917942565,0.566041867904042,0,1.34147440207727,-0.97436922809351,1.55803026773494,1.41886371066852,1.37001494679392
"1020","2899","1","0","0","2",0,-0.517830468403387,1.16076626130279,1.79583917942565,0.566041867904042,1.22459298388913,1.34147440207727,-0.902193729716213,1.55803026773494,1.41886371066852,1.37001494679392
"1021","2899","1","0","0","2",1,-0.517830468403387,1.16076626130279,1.79583917942565,0.566041867904042,-1.22459298388913,-1.34147440207727,-0.830018231338916,1.55803026773494,1.41886371066852,1.37001494679392
"1022","2899","1","0","0","2",0,-0.517830468403387,1.16076626130279,1.79583917942565,0.566041867904042,0,-1.34147440207727,-0.757842732961619,1.55803026773494,1.41886371066852,1.37001494679392
"1023","2899","1","0","0","2",0,-0.517830468403387,1.16076626130279,1.79583917942565,0.566041867904042,1.22459298388913,-1.34147440207727,-0.685667234584322,1.55803026773494,1.41886371066852,1.37001494679392
"1024","2899","1","0","0","2",0,-0.517830468403387,1.16076626130279,1.79583917942565,0.566041867904042,-1.22459298388913,-0.447158134025757,-0.613491736207025,1.55803026773494,1.41886371066852,1.37001494679392
"1025","2899","1","0","0","2",0,-0.517830468403387,1.16076626130279,1.79583917942565,0.566041867904042,0,-0.447158134025757,-0.541316237829728,1.55803026773494,1.41886371066852,1.37001494679392
"1026","2899","1","0","0","2",0,-0.517830468403387,1.16076626130279,1.79583917942565,0.566041867904042,1.22459298388913,-0.447158134025757,-0.469140739452431,1.55803026773494,1.41886371066852,1.37001494679392
"1027","2899","1","0","0","2",1,-0.517830468403387,1.16076626130279,1.79583917942565,0.566041867904042,-1.22459298388913,0.447158134025757,-0.396965241075134,1.55803026773494,1.41886371066852,1.37001494679392
"1028","2899","1","0","0","2",0,-0.517830468403387,1.16076626130279,1.79583917942565,0.566041867904042,0,0.447158134025757,-0.324789742697837,1.55803026773494,1.41886371066852,1.37001494679392
"1029","2899","1","0","0","2",1,-0.517830468403387,1.16076626130279,1.79583917942565,0.566041867904042,1.22459298388913,0.447158134025757,-0.25261424432054,1.55803026773494,1.41886371066852,1.37001494679392
"1030","2899","1","0","0","2",1,-0.517830468403387,1.16076626130279,1.79583917942565,0.566041867904042,-1.22459298388913,1.34147440207727,-0.180438745943243,1.55803026773494,1.41886371066852,1.37001494679392
"1031","2899","1","0","0","2",0,-0.517830468403387,1.16076626130279,1.79583917942565,0.566041867904042,0,1.34147440207727,-0.108263247565946,1.55803026773494,1.41886371066852,1.37001494679392
"1032","2899","1","0","0","2",0,-0.517830468403387,1.16076626130279,1.79583917942565,0.566041867904042,1.22459298388913,1.34147440207727,-0.0360877491886485,1.55803026773494,1.41886371066852,1.37001494679392
"1034","2899","1","0","1","2",0,-0.517830468403387,1.16076626130279,1.79583917942565,0.566041867904042,0,-1.34147440207727,0.108263247565946,1.55803026773494,1.41886371066852,1.37001494679392
"1035","2899","0","0","1","2",0,-0.517830468403387,1.16076626130279,1.79583917942565,0.566041867904042,1.22459298388913,-1.34147440207727,0.180438745943243,1.55803026773494,1.41886371066852,1.37001494679392
"1036","2899","1","0","1","2",0,-0.517830468403387,1.16076626130279,1.79583917942565,0.566041867904042,-1.22459298388913,-0.447158134025757,0.25261424432054,1.55803026773494,1.41886371066852,1.37001494679392
"1037","2899","1","0","1","2",0,-0.517830468403387,1.16076626130279,1.79583917942565,0.566041867904042,0,-0.447158134025757,0.324789742697837,1.55803026773494,1.41886371066852,1.37001494679392
"1038","2899","1","0","1","2",0,-0.517830468403387,1.16076626130279,1.79583917942565,0.566041867904042,1.22459298388913,-0.447158134025757,0.396965241075134,1.55803026773494,1.41886371066852,1.37001494679392
"1040","2899","0","0","1","2",0,-0.517830468403387,1.16076626130279,1.79583917942565,0.566041867904042,0,0.447158134025757,0.541316237829728,1.55803026773494,1.41886371066852,1.37001494679392
"1043","2899","1","0","1","2",0,-0.517830468403387,1.16076626130279,1.79583917942565,0.566041867904042,0,1.34147440207727,0.757842732961619,1.55803026773494,1.41886371066852,1.37001494679392
"1044","2899","1","0","1","2",0,-0.517830468403387,1.16076626130279,1.79583917942565,0.566041867904042,1.22459298388913,1.34147440207727,0.830018231338916,1.55803026773494,1.41886371066852,1.37001494679392
"1045","2899","1","0","1","2",0,-0.517830468403387,1.16076626130279,1.79583917942565,0.566041867904042,-1.22459298388913,-1.34147440207727,0.902193729716213,1.55803026773494,1.41886371066852,1.37001494679392
"1046","2899","0","0","1","2",0,-0.517830468403387,1.16076626130279,1.79583917942565,0.566041867904042,0,-1.34147440207727,0.97436922809351,1.55803026773494,1.41886371066852,1.37001494679392
"1047","2899","0","0","1","2",0,-0.517830468403387,1.16076626130279,1.79583917942565,0.566041867904042,1.22459298388913,-1.34147440207727,1.04654472647081,1.55803026773494,1.41886371066852,1.37001494679392
"1048","2899","0","0","1","2",0,-0.517830468403387,1.16076626130279,1.79583917942565,0.566041867904042,-1.22459298388913,-0.447158134025757,1.1187202248481,1.55803026773494,1.41886371066852,1.37001494679392
"1049","2899","0","0","1","2",0,-0.517830468403387,1.16076626130279,1.79583917942565,0.566041867904042,0,-0.447158134025757,1.1908957232254,1.55803026773494,1.41886371066852,1.37001494679392
"1050","2899","1","0","1","2",0,-0.517830468403387,1.16076626130279,1.79583917942565,0.566041867904042,1.22459298388913,-0.447158134025757,1.2630712216027,1.55803026773494,1.41886371066852,1.37001494679392
"1051","2899","1","0","1","2",0,-0.517830468403387,1.16076626130279,1.79583917942565,0.566041867904042,-1.22459298388913,0.447158134025757,1.33524671998,1.55803026773494,1.41886371066852,1.37001494679392
"1052","2899","0","0","1","2",0,-0.517830468403387,1.16076626130279,1.79583917942565,0.566041867904042,0,0.447158134025757,1.40742221835729,1.55803026773494,1.41886371066852,1.37001494679392
"1053","2899","0","0","1","2",0,-0.517830468403387,1.16076626130279,1.79583917942565,0.566041867904042,1.22459298388913,0.447158134025757,1.47959771673459,1.55803026773494,1.41886371066852,1.37001494679392
"1054","2899","0","0","1","2",0,-0.517830468403387,1.16076626130279,1.79583917942565,0.566041867904042,-1.22459298388913,1.34147440207727,1.55177321511189,1.55803026773494,1.41886371066852,1.37001494679392
"1055","2899","1","0","1","2",0,-0.517830468403387,1.16076626130279,1.79583917942565,0.566041867904042,0,1.34147440207727,1.62394871348918,1.55803026773494,1.41886371066852,1.37001494679392
"1057","2959","1","0","0","2",0,-0.517830468403387,-0.396537117543025,0.670210257566974,0.566041867904042,-1.22459298388913,-1.34147440207727,-1.69612421186648,1.55803026773494,1.41886371066852,1.37001494679392
"1058","2959","1","0","0","2",0,-0.517830468403387,-0.396537117543025,0.670210257566974,0.566041867904042,0,-1.34147440207727,-1.62394871348918,1.55803026773494,1.41886371066852,1.37001494679392
"1059","2959","1","0","0","2",0,-0.517830468403387,-0.396537117543025,0.670210257566974,0.566041867904042,1.22459298388913,-1.34147440207727,-1.55177321511189,1.55803026773494,1.41886371066852,1.37001494679392
"1060","2959","1","0","0","2",0,-0.517830468403387,-0.396537117543025,0.670210257566974,0.566041867904042,-1.22459298388913,-0.447158134025757,-1.47959771673459,1.55803026773494,1.41886371066852,1.37001494679392
"1061","2959","1","0","0","2",0,-0.517830468403387,-0.396537117543025,0.670210257566974,0.566041867904042,0,-0.447158134025757,-1.40742221835729,1.55803026773494,1.41886371066852,1.37001494679392
"1062","2959","1","0","0","2",0,-0.517830468403387,-0.396537117543025,0.670210257566974,0.566041867904042,1.22459298388913,-0.447158134025757,-1.33524671998,1.55803026773494,1.41886371066852,1.37001494679392
"1063","2959","1","0","0","2",0,-0.517830468403387,-0.396537117543025,0.670210257566974,0.566041867904042,-1.22459298388913,0.447158134025757,-1.2630712216027,1.55803026773494,1.41886371066852,1.37001494679392
"1064","2959","1","0","0","2",0,-0.517830468403387,-0.396537117543025,0.670210257566974,0.566041867904042,0,0.447158134025757,-1.1908957232254,1.55803026773494,1.41886371066852,1.37001494679392
"1065","2959","1","0","0","2",0,-0.517830468403387,-0.396537117543025,0.670210257566974,0.566041867904042,1.22459298388913,0.447158134025757,-1.1187202248481,1.55803026773494,1.41886371066852,1.37001494679392
"1067","2959","1","0","0","2",0,-0.517830468403387,-0.396537117543025,0.670210257566974,0.566041867904042,0,1.34147440207727,-0.97436922809351,1.55803026773494,1.41886371066852,1.37001494679392
"1068","2959","1","0","0","2",0,-0.517830468403387,-0.396537117543025,0.670210257566974,0.566041867904042,1.22459298388913,1.34147440207727,-0.902193729716213,1.55803026773494,1.41886371066852,1.37001494679392
"1069","2959","0","0","0","2",0,-0.517830468403387,-0.396537117543025,0.670210257566974,0.566041867904042,-1.22459298388913,-1.34147440207727,-0.830018231338916,1.55803026773494,1.41886371066852,1.37001494679392
"1070","2959","1","0","0","2",0,-0.517830468403387,-0.396537117543025,0.670210257566974,0.566041867904042,0,-1.34147440207727,-0.757842732961619,1.55803026773494,1.41886371066852,1.37001494679392
"1071","2959","1","0","0","2",0,-0.517830468403387,-0.396537117543025,0.670210257566974,0.566041867904042,1.22459298388913,-1.34147440207727,-0.685667234584322,1.55803026773494,1.41886371066852,1.37001494679392
"1072","2959","1","0","0","2",0,-0.517830468403387,-0.396537117543025,0.670210257566974,0.566041867904042,-1.22459298388913,-0.447158134025757,-0.613491736207025,1.55803026773494,1.41886371066852,1.37001494679392
"1073","2959","1","0","0","2",0,-0.517830468403387,-0.396537117543025,0.670210257566974,0.566041867904042,0,-0.447158134025757,-0.541316237829728,1.55803026773494,1.41886371066852,1.37001494679392
"1075","2959","1","0","0","2",0,-0.517830468403387,-0.396537117543025,0.670210257566974,0.566041867904042,-1.22459298388913,0.447158134025757,-0.396965241075134,1.55803026773494,1.41886371066852,1.37001494679392
"1076","2959","1","0","0","2",0,-0.517830468403387,-0.396537117543025,0.670210257566974,0.566041867904042,0,0.447158134025757,-0.324789742697837,1.55803026773494,1.41886371066852,1.37001494679392
"1077","2959","1","0","0","2",0,-0.517830468403387,-0.396537117543025,0.670210257566974,0.566041867904042,1.22459298388913,0.447158134025757,-0.25261424432054,1.55803026773494,1.41886371066852,1.37001494679392
"1078","2959","1","0","0","2",1,-0.517830468403387,-0.396537117543025,0.670210257566974,0.566041867904042,-1.22459298388913,1.34147440207727,-0.180438745943243,1.55803026773494,1.41886371066852,1.37001494679392
"1079","2959","1","0","0","2",0,-0.517830468403387,-0.396537117543025,0.670210257566974,0.566041867904042,0,1.34147440207727,-0.108263247565946,1.55803026773494,1.41886371066852,1.37001494679392
"1080","2959","1","0","0","2",0,-0.517830468403387,-0.396537117543025,0.670210257566974,0.566041867904042,1.22459298388913,1.34147440207727,-0.0360877491886485,1.55803026773494,1.41886371066852,1.37001494679392
"1081","2959","0","0","1","2",0,-0.517830468403387,-0.396537117543025,0.670210257566974,0.566041867904042,-1.22459298388913,-1.34147440207727,0.0360877491886485,1.55803026773494,1.41886371066852,1.37001494679392
"1082","2959","0","0","1","2",0,-0.517830468403387,-0.396537117543025,0.670210257566974,0.566041867904042,0,-1.34147440207727,0.108263247565946,1.55803026773494,1.41886371066852,1.37001494679392
"1083","2959","0","0","1","2",0,-0.517830468403387,-0.396537117543025,0.670210257566974,0.566041867904042,1.22459298388913,-1.34147440207727,0.180438745943243,1.55803026773494,1.41886371066852,1.37001494679392
"1084","2959","1","0","1","2",0,-0.517830468403387,-0.396537117543025,0.670210257566974,0.566041867904042,-1.22459298388913,-0.447158134025757,0.25261424432054,1.55803026773494,1.41886371066852,1.37001494679392
"1085","2959","0","0","1","2",0,-0.517830468403387,-0.396537117543025,0.670210257566974,0.566041867904042,0,-0.447158134025757,0.324789742697837,1.55803026773494,1.41886371066852,1.37001494679392
"1086","2959","0","0","1","2",0,-0.517830468403387,-0.396537117543025,0.670210257566974,0.566041867904042,1.22459298388913,-0.447158134025757,0.396965241075134,1.55803026773494,1.41886371066852,1.37001494679392
"1087","2959","0","0","1","2",0,-0.517830468403387,-0.396537117543025,0.670210257566974,0.566041867904042,-1.22459298388913,0.447158134025757,0.469140739452431,1.55803026773494,1.41886371066852,1.37001494679392
"1088","2959","0","0","1","2",0,-0.517830468403387,-0.396537117543025,0.670210257566974,0.566041867904042,0,0.447158134025757,0.541316237829728,1.55803026773494,1.41886371066852,1.37001494679392
"1089","2959","1","0","1","2",0,-0.517830468403387,-0.396537117543025,0.670210257566974,0.566041867904042,1.22459298388913,0.447158134025757,0.613491736207025,1.55803026773494,1.41886371066852,1.37001494679392
"1091","2959","0","0","1","2",0,-0.517830468403387,-0.396537117543025,0.670210257566974,0.566041867904042,0,1.34147440207727,0.757842732961619,1.55803026773494,1.41886371066852,1.37001494679392
"1092","2959","1","0","1","2",0,-0.517830468403387,-0.396537117543025,0.670210257566974,0.566041867904042,1.22459298388913,1.34147440207727,0.830018231338916,1.55803026773494,1.41886371066852,1.37001494679392
"1093","2959","0","0","1","2",0,-0.517830468403387,-0.396537117543025,0.670210257566974,0.566041867904042,-1.22459298388913,-1.34147440207727,0.902193729716213,1.55803026773494,1.41886371066852,1.37001494679392
"1094","2959","1","0","1","2",0,-0.517830468403387,-0.396537117543025,0.670210257566974,0.566041867904042,0,-1.34147440207727,0.97436922809351,1.55803026773494,1.41886371066852,1.37001494679392
"1095","2959","1","0","1","2",0,-0.517830468403387,-0.396537117543025,0.670210257566974,0.566041867904042,1.22459298388913,-1.34147440207727,1.04654472647081,1.55803026773494,1.41886371066852,1.37001494679392
"1098","2959","1","0","1","2",0,-0.517830468403387,-0.396537117543025,0.670210257566974,0.566041867904042,1.22459298388913,-0.447158134025757,1.2630712216027,1.55803026773494,1.41886371066852,1.37001494679392
"1099","2959","1","0","1","2",0,-0.517830468403387,-0.396537117543025,0.670210257566974,0.566041867904042,-1.22459298388913,0.447158134025757,1.33524671998,1.55803026773494,1.41886371066852,1.37001494679392
"1100","2959","0","0","1","2",0,-0.517830468403387,-0.396537117543025,0.670210257566974,0.566041867904042,0,0.447158134025757,1.40742221835729,1.55803026773494,1.41886371066852,1.37001494679392
"1101","2959","1","0","1","2",0,-0.517830468403387,-0.396537117543025,0.670210257566974,0.566041867904042,1.22459298388913,0.447158134025757,1.47959771673459,1.55803026773494,1.41886371066852,1.37001494679392
"1102","2959","1","0","1","2",0,-0.517830468403387,-0.396537117543025,0.670210257566974,0.566041867904042,-1.22459298388913,1.34147440207727,1.55177321511189,1.55803026773494,1.41886371066852,1.37001494679392
"1103","2959","0","0","1","2",0,-0.517830468403387,-0.396537117543025,0.670210257566974,0.566041867904042,0,1.34147440207727,1.62394871348918,1.55803026773494,1.41886371066852,1.37001494679392
"1104","2959","1","0","1","2",0,-0.517830468403387,-0.396537117543025,0.670210257566974,0.566041867904042,1.22459298388913,1.34147440207727,1.69612421186648,1.55803026773494,1.41886371066852,1.37001494679392
"1105","2998","0","0","0","2",0,-0.517830468403387,-0.948904038802791,-1.01890877283321,-0.737508737051909,-1.22459298388913,-1.34147440207727,-1.69612421186648,0.31780716904046,0.0675649386032631,0.507013405506412
"1106","2998","1","0","0","2",0,-0.517830468403387,-0.948904038802791,-1.01890877283321,-0.737508737051909,0,-1.34147440207727,-1.62394871348918,0.31780716904046,0.0675649386032631,0.507013405506412
"1107","2998","1","0","0","2",0,-0.517830468403387,-0.948904038802791,-1.01890877283321,-0.737508737051909,1.22459298388913,-1.34147440207727,-1.55177321511189,0.31780716904046,0.0675649386032631,0.507013405506412
"1108","2998","1","0","0","2",0,-0.517830468403387,-0.948904038802791,-1.01890877283321,-0.737508737051909,-1.22459298388913,-0.447158134025757,-1.47959771673459,0.31780716904046,0.0675649386032631,0.507013405506412
"1109","2998","1","0","0","2",0,-0.517830468403387,-0.948904038802791,-1.01890877283321,-0.737508737051909,0,-0.447158134025757,-1.40742221835729,0.31780716904046,0.0675649386032631,0.507013405506412
"1110","2998","1","0","0","2",0,-0.517830468403387,-0.948904038802791,-1.01890877283321,-0.737508737051909,1.22459298388913,-0.447158134025757,-1.33524671998,0.31780716904046,0.0675649386032631,0.507013405506412
"1111","2998","1","0","0","2",0,-0.517830468403387,-0.948904038802791,-1.01890877283321,-0.737508737051909,-1.22459298388913,0.447158134025757,-1.2630712216027,0.31780716904046,0.0675649386032631,0.507013405506412
"1112","2998","1","0","0","2",0,-0.517830468403387,-0.948904038802791,-1.01890877283321,-0.737508737051909,0,0.447158134025757,-1.1908957232254,0.31780716904046,0.0675649386032631,0.507013405506412
"1113","2998","1","0","0","2",0,-0.517830468403387,-0.948904038802791,-1.01890877283321,-0.737508737051909,1.22459298388913,0.447158134025757,-1.1187202248481,0.31780716904046,0.0675649386032631,0.507013405506412
"1114","2998","0","0","0","2",0,-0.517830468403387,-0.948904038802791,-1.01890877283321,-0.737508737051909,-1.22459298388913,1.34147440207727,-1.04654472647081,0.31780716904046,0.0675649386032631,0.507013405506412
"1115","2998","1","0","0","2",0,-0.517830468403387,-0.948904038802791,-1.01890877283321,-0.737508737051909,0,1.34147440207727,-0.97436922809351,0.31780716904046,0.0675649386032631,0.507013405506412
"1116","2998","1","0","0","2",0,-0.517830468403387,-0.948904038802791,-1.01890877283321,-0.737508737051909,1.22459298388913,1.34147440207727,-0.902193729716213,0.31780716904046,0.0675649386032631,0.507013405506412
"1117","2998","0","0","0","2",0,-0.517830468403387,-0.948904038802791,-1.01890877283321,-0.737508737051909,-1.22459298388913,-1.34147440207727,-0.830018231338916,0.31780716904046,0.0675649386032631,0.507013405506412
"1118","2998","1","0","0","2",0,-0.517830468403387,-0.948904038802791,-1.01890877283321,-0.737508737051909,0,-1.34147440207727,-0.757842732961619,0.31780716904046,0.0675649386032631,0.507013405506412
"1119","2998","1","0","0","2",0,-0.517830468403387,-0.948904038802791,-1.01890877283321,-0.737508737051909,1.22459298388913,-1.34147440207727,-0.685667234584322,0.31780716904046,0.0675649386032631,0.507013405506412
"1120","2998","0","0","0","2",0,-0.517830468403387,-0.948904038802791,-1.01890877283321,-0.737508737051909,-1.22459298388913,-0.447158134025757,-0.613491736207025,0.31780716904046,0.0675649386032631,0.507013405506412
"1121","2998","1","0","0","2",0,-0.517830468403387,-0.948904038802791,-1.01890877283321,-0.737508737051909,0,-0.447158134025757,-0.541316237829728,0.31780716904046,0.0675649386032631,0.507013405506412
"1122","2998","1","0","0","2",0,-0.517830468403387,-0.948904038802791,-1.01890877283321,-0.737508737051909,1.22459298388913,-0.447158134025757,-0.469140739452431,0.31780716904046,0.0675649386032631,0.507013405506412
"1123","2998","0","0","0","2",0,-0.517830468403387,-0.948904038802791,-1.01890877283321,-0.737508737051909,-1.22459298388913,0.447158134025757,-0.396965241075134,0.31780716904046,0.0675649386032631,0.507013405506412
"1124","2998","1","0","0","2",0,-0.517830468403387,-0.948904038802791,-1.01890877283321,-0.737508737051909,0,0.447158134025757,-0.324789742697837,0.31780716904046,0.0675649386032631,0.507013405506412
"1125","2998","1","0","0","2",0,-0.517830468403387,-0.948904038802791,-1.01890877283321,-0.737508737051909,1.22459298388913,0.447158134025757,-0.25261424432054,0.31780716904046,0.0675649386032631,0.507013405506412
"1126","2998","0","0","0","2",0,-0.517830468403387,-0.948904038802791,-1.01890877283321,-0.737508737051909,-1.22459298388913,1.34147440207727,-0.180438745943243,0.31780716904046,0.0675649386032631,0.507013405506412
"1127","2998","1","0","0","2",0,-0.517830468403387,-0.948904038802791,-1.01890877283321,-0.737508737051909,0,1.34147440207727,-0.108263247565946,0.31780716904046,0.0675649386032631,0.507013405506412
"1128","2998","1","0","0","2",0,-0.517830468403387,-0.948904038802791,-1.01890877283321,-0.737508737051909,1.22459298388913,1.34147440207727,-0.0360877491886485,0.31780716904046,0.0675649386032631,0.507013405506412
"1129","2998","1","0","1","2",0,-0.517830468403387,-0.948904038802791,-1.01890877283321,-0.737508737051909,-1.22459298388913,-1.34147440207727,0.0360877491886485,0.31780716904046,0.0675649386032631,0.507013405506412
"1130","2998","1","0","1","2",0,-0.517830468403387,-0.948904038802791,-1.01890877283321,-0.737508737051909,0,-1.34147440207727,0.108263247565946,0.31780716904046,0.0675649386032631,0.507013405506412
"1131","2998","1","0","1","2",0,-0.517830468403387,-0.948904038802791,-1.01890877283321,-0.737508737051909,1.22459298388913,-1.34147440207727,0.180438745943243,0.31780716904046,0.0675649386032631,0.507013405506412
"1132","2998","0","0","1","2",0,-0.517830468403387,-0.948904038802791,-1.01890877283321,-0.737508737051909,-1.22459298388913,-0.447158134025757,0.25261424432054,0.31780716904046,0.0675649386032631,0.507013405506412
"1133","2998","1","0","1","2",0,-0.517830468403387,-0.948904038802791,-1.01890877283321,-0.737508737051909,0,-0.447158134025757,0.324789742697837,0.31780716904046,0.0675649386032631,0.507013405506412
"1134","2998","1","0","1","2",0,-0.517830468403387,-0.948904038802791,-1.01890877283321,-0.737508737051909,1.22459298388913,-0.447158134025757,0.396965241075134,0.31780716904046,0.0675649386032631,0.507013405506412
"1135","2998","0","0","1","2",0,-0.517830468403387,-0.948904038802791,-1.01890877283321,-0.737508737051909,-1.22459298388913,0.447158134025757,0.469140739452431,0.31780716904046,0.0675649386032631,0.507013405506412
"1136","2998","0","0","1","2",0,-0.517830468403387,-0.948904038802791,-1.01890877283321,-0.737508737051909,0,0.447158134025757,0.541316237829728,0.31780716904046,0.0675649386032631,0.507013405506412
"1137","2998","1","0","1","2",0,-0.517830468403387,-0.948904038802791,-1.01890877283321,-0.737508737051909,1.22459298388913,0.447158134025757,0.613491736207025,0.31780716904046,0.0675649386032631,0.507013405506412
"1138","2998","0","0","1","2",0,-0.517830468403387,-0.948904038802791,-1.01890877283321,-0.737508737051909,-1.22459298388913,1.34147440207727,0.685667234584322,0.31780716904046,0.0675649386032631,0.507013405506412
"1139","2998","1","0","1","2",0,-0.517830468403387,-0.948904038802791,-1.01890877283321,-0.737508737051909,0,1.34147440207727,0.757842732961619,0.31780716904046,0.0675649386032631,0.507013405506412
"1140","2998","1","0","1","2",0,-0.517830468403387,-0.948904038802791,-1.01890877283321,-0.737508737051909,1.22459298388913,1.34147440207727,0.830018231338916,0.31780716904046,0.0675649386032631,0.507013405506412
"1141","2998","0","0","1","2",0,-0.517830468403387,-0.948904038802791,-1.01890877283321,-0.737508737051909,-1.22459298388913,-1.34147440207727,0.902193729716213,0.31780716904046,0.0675649386032631,0.507013405506412
"1142","2998","0","0","1","2",0,-0.517830468403387,-0.948904038802791,-1.01890877283321,-0.737508737051909,0,-1.34147440207727,0.97436922809351,0.31780716904046,0.0675649386032631,0.507013405506412
"1143","2998","0","0","1","2",0,-0.517830468403387,-0.948904038802791,-1.01890877283321,-0.737508737051909,1.22459298388913,-1.34147440207727,1.04654472647081,0.31780716904046,0.0675649386032631,0.507013405506412
"1144","2998","0","0","1","2",0,-0.517830468403387,-0.948904038802791,-1.01890877283321,-0.737508737051909,-1.22459298388913,-0.447158134025757,1.1187202248481,0.31780716904046,0.0675649386032631,0.507013405506412
"1145","2998","0","0","1","2",0,-0.517830468403387,-0.948904038802791,-1.01890877283321,-0.737508737051909,0,-0.447158134025757,1.1908957232254,0.31780716904046,0.0675649386032631,0.507013405506412
"1146","2998","0","0","1","2",0,-0.517830468403387,-0.948904038802791,-1.01890877283321,-0.737508737051909,1.22459298388913,-0.447158134025757,1.2630712216027,0.31780716904046,0.0675649386032631,0.507013405506412
"1147","2998","0","0","1","2",0,-0.517830468403387,-0.948904038802791,-1.01890877283321,-0.737508737051909,-1.22459298388913,0.447158134025757,1.33524671998,0.31780716904046,0.0675649386032631,0.507013405506412
"1148","2998","0","0","1","2",0,-0.517830468403387,-0.948904038802791,-1.01890877283321,-0.737508737051909,0,0.447158134025757,1.40742221835729,0.31780716904046,0.0675649386032631,0.507013405506412
"1149","2998","0","0","1","2",0,-0.517830468403387,-0.948904038802791,-1.01890877283321,-0.737508737051909,1.22459298388913,0.447158134025757,1.47959771673459,0.31780716904046,0.0675649386032631,0.507013405506412
"1150","2998","0","0","1","2",0,-0.517830468403387,-0.948904038802791,-1.01890877283321,-0.737508737051909,-1.22459298388913,1.34147440207727,1.55177321511189,0.31780716904046,0.0675649386032631,0.507013405506412
"1151","2998","0","0","1","2",0,-0.517830468403387,-0.948904038802791,-1.01890877283321,-0.737508737051909,0,1.34147440207727,1.62394871348918,0.31780716904046,0.0675649386032631,0.507013405506412
"1152","2998","0","0","1","2",0,-0.517830468403387,-0.948904038802791,-1.01890877283321,-0.737508737051909,1.22459298388913,1.34147440207727,1.69612421186648,0.31780716904046,0.0675649386032631,0.507013405506412
"1153","3103","1","1","0","1",0,-0.517830468403387,1.2617240809448,1.23370036610847,-0.737508737051909,-1.22459298388913,-1.34147440207727,-1.69612421186648,-0.302304380306779,0.0675649386032631,-0.355988135781098
"1154","3103","1","1","0","1",0,-0.517830468403387,1.2617240809448,1.23370036610847,-0.737508737051909,0,-1.34147440207727,-1.62394871348918,-0.302304380306779,0.0675649386032631,-0.355988135781098
"1155","3103","1","1","0","1",0,-0.517830468403387,1.2617240809448,1.23370036610847,-0.737508737051909,1.22459298388913,-1.34147440207727,-1.55177321511189,-0.302304380306779,0.0675649386032631,-0.355988135781098
"1156","3103","0","1","0","1",0,-0.517830468403387,1.2617240809448,1.23370036610847,-0.737508737051909,-1.22459298388913,-0.447158134025757,-1.47959771673459,-0.302304380306779,0.0675649386032631,-0.355988135781098
"1157","3103","1","1","0","1",0,-0.517830468403387,1.2617240809448,1.23370036610847,-0.737508737051909,0,-0.447158134025757,-1.40742221835729,-0.302304380306779,0.0675649386032631,-0.355988135781098
"1158","3103","1","1","0","1",0,-0.517830468403387,1.2617240809448,1.23370036610847,-0.737508737051909,1.22459298388913,-0.447158134025757,-1.33524671998,-0.302304380306779,0.0675649386032631,-0.355988135781098
"1159","3103","1","1","0","1",0,-0.517830468403387,1.2617240809448,1.23370036610847,-0.737508737051909,-1.22459298388913,0.447158134025757,-1.2630712216027,-0.302304380306779,0.0675649386032631,-0.355988135781098
"1160","3103","1","1","0","1",0,-0.517830468403387,1.2617240809448,1.23370036610847,-0.737508737051909,0,0.447158134025757,-1.1908957232254,-0.302304380306779,0.0675649386032631,-0.355988135781098
"1161","3103","1","1","0","1",0,-0.517830468403387,1.2617240809448,1.23370036610847,-0.737508737051909,1.22459298388913,0.447158134025757,-1.1187202248481,-0.302304380306779,0.0675649386032631,-0.355988135781098
"1162","3103","1","1","0","1",0,-0.517830468403387,1.2617240809448,1.23370036610847,-0.737508737051909,-1.22459298388913,1.34147440207727,-1.04654472647081,-0.302304380306779,0.0675649386032631,-0.355988135781098
"1163","3103","1","1","0","1",0,-0.517830468403387,1.2617240809448,1.23370036610847,-0.737508737051909,0,1.34147440207727,-0.97436922809351,-0.302304380306779,0.0675649386032631,-0.355988135781098
"1164","3103","1","1","0","1",0,-0.517830468403387,1.2617240809448,1.23370036610847,-0.737508737051909,1.22459298388913,1.34147440207727,-0.902193729716213,-0.302304380306779,0.0675649386032631,-0.355988135781098
"1165","3103","1","1","0","1",1,-0.517830468403387,1.2617240809448,1.23370036610847,-0.737508737051909,-1.22459298388913,-1.34147440207727,-0.830018231338916,-0.302304380306779,0.0675649386032631,-0.355988135781098
"1166","3103","1","1","0","1",0,-0.517830468403387,1.2617240809448,1.23370036610847,-0.737508737051909,0,-1.34147440207727,-0.757842732961619,-0.302304380306779,0.0675649386032631,-0.355988135781098
"1167","3103","1","1","0","1",0,-0.517830468403387,1.2617240809448,1.23370036610847,-0.737508737051909,1.22459298388913,-1.34147440207727,-0.685667234584322,-0.302304380306779,0.0675649386032631,-0.355988135781098
"1168","3103","1","1","0","1",0,-0.517830468403387,1.2617240809448,1.23370036610847,-0.737508737051909,-1.22459298388913,-0.447158134025757,-0.613491736207025,-0.302304380306779,0.0675649386032631,-0.355988135781098
"1169","3103","1","1","0","1",0,-0.517830468403387,1.2617240809448,1.23370036610847,-0.737508737051909,0,-0.447158134025757,-0.541316237829728,-0.302304380306779,0.0675649386032631,-0.355988135781098
"1170","3103","1","1","0","1",1,-0.517830468403387,1.2617240809448,1.23370036610847,-0.737508737051909,1.22459298388913,-0.447158134025757,-0.469140739452431,-0.302304380306779,0.0675649386032631,-0.355988135781098
"1171","3103","0","1","0","1",0,-0.517830468403387,1.2617240809448,1.23370036610847,-0.737508737051909,-1.22459298388913,0.447158134025757,-0.396965241075134,-0.302304380306779,0.0675649386032631,-0.355988135781098
"1172","3103","1","1","0","1",0,-0.517830468403387,1.2617240809448,1.23370036610847,-0.737508737051909,0,0.447158134025757,-0.324789742697837,-0.302304380306779,0.0675649386032631,-0.355988135781098
"1173","3103","1","1","0","1",0,-0.517830468403387,1.2617240809448,1.23370036610847,-0.737508737051909,1.22459298388913,0.447158134025757,-0.25261424432054,-0.302304380306779,0.0675649386032631,-0.355988135781098
"1174","3103","0","1","0","1",0,-0.517830468403387,1.2617240809448,1.23370036610847,-0.737508737051909,-1.22459298388913,1.34147440207727,-0.180438745943243,-0.302304380306779,0.0675649386032631,-0.355988135781098
"1175","3103","1","1","0","1",1,-0.517830468403387,1.2617240809448,1.23370036610847,-0.737508737051909,0,1.34147440207727,-0.108263247565946,-0.302304380306779,0.0675649386032631,-0.355988135781098
"1176","3103","1","1","0","1",1,-0.517830468403387,1.2617240809448,1.23370036610847,-0.737508737051909,1.22459298388913,1.34147440207727,-0.0360877491886485,-0.302304380306779,0.0675649386032631,-0.355988135781098
"1178","3103","1","1","1","1",0,-0.517830468403387,1.2617240809448,1.23370036610847,-0.737508737051909,0,-1.34147440207727,0.108263247565946,-0.302304380306779,0.0675649386032631,-0.355988135781098
"1179","3103","1","1","1","1",0,-0.517830468403387,1.2617240809448,1.23370036610847,-0.737508737051909,1.22459298388913,-1.34147440207727,0.180438745943243,-0.302304380306779,0.0675649386032631,-0.355988135781098
"1180","3103","0","1","1","1",0,-0.517830468403387,1.2617240809448,1.23370036610847,-0.737508737051909,-1.22459298388913,-0.447158134025757,0.25261424432054,-0.302304380306779,0.0675649386032631,-0.355988135781098
"1181","3103","0","1","1","1",0,-0.517830468403387,1.2617240809448,1.23370036610847,-0.737508737051909,0,-0.447158134025757,0.324789742697837,-0.302304380306779,0.0675649386032631,-0.355988135781098
"1183","3103","1","1","1","1",0,-0.517830468403387,1.2617240809448,1.23370036610847,-0.737508737051909,-1.22459298388913,0.447158134025757,0.469140739452431,-0.302304380306779,0.0675649386032631,-0.355988135781098
"1184","3103","1","1","1","1",0,-0.517830468403387,1.2617240809448,1.23370036610847,-0.737508737051909,0,0.447158134025757,0.541316237829728,-0.302304380306779,0.0675649386032631,-0.355988135781098
"1185","3103","1","1","1","1",0,-0.517830468403387,1.2617240809448,1.23370036610847,-0.737508737051909,1.22459298388913,0.447158134025757,0.613491736207025,-0.302304380306779,0.0675649386032631,-0.355988135781098
"1186","3103","0","1","1","1",0,-0.517830468403387,1.2617240809448,1.23370036610847,-0.737508737051909,-1.22459298388913,1.34147440207727,0.685667234584322,-0.302304380306779,0.0675649386032631,-0.355988135781098
"1187","3103","1","1","1","1",0,-0.517830468403387,1.2617240809448,1.23370036610847,-0.737508737051909,0,1.34147440207727,0.757842732961619,-0.302304380306779,0.0675649386032631,-0.355988135781098
"1189","3103","1","1","1","1",0,-0.517830468403387,1.2617240809448,1.23370036610847,-0.737508737051909,-1.22459298388913,-1.34147440207727,0.902193729716213,-0.302304380306779,0.0675649386032631,-0.355988135781098
"1190","3103","1","1","1","1",0,-0.517830468403387,1.2617240809448,1.23370036610847,-0.737508737051909,0,-1.34147440207727,0.97436922809351,-0.302304380306779,0.0675649386032631,-0.355988135781098
"1191","3103","1","1","1","1",0,-0.517830468403387,1.2617240809448,1.23370036610847,-0.737508737051909,1.22459298388913,-1.34147440207727,1.04654472647081,-0.302304380306779,0.0675649386032631,-0.355988135781098
"1192","3103","1","1","1","1",0,-0.517830468403387,1.2617240809448,1.23370036610847,-0.737508737051909,-1.22459298388913,-0.447158134025757,1.1187202248481,-0.302304380306779,0.0675649386032631,-0.355988135781098
"1193","3103","1","1","1","1",0,-0.517830468403387,1.2617240809448,1.23370036610847,-0.737508737051909,0,-0.447158134025757,1.1908957232254,-0.302304380306779,0.0675649386032631,-0.355988135781098
"1195","3103","1","1","1","1",0,-0.517830468403387,1.2617240809448,1.23370036610847,-0.737508737051909,-1.22459298388913,0.447158134025757,1.33524671998,-0.302304380306779,0.0675649386032631,-0.355988135781098
"1196","3103","0","1","1","1",0,-0.517830468403387,1.2617240809448,1.23370036610847,-0.737508737051909,0,0.447158134025757,1.40742221835729,-0.302304380306779,0.0675649386032631,-0.355988135781098
"1197","3103","1","1","1","1",0,-0.517830468403387,1.2617240809448,1.23370036610847,-0.737508737051909,1.22459298388913,0.447158134025757,1.47959771673459,-0.302304380306779,0.0675649386032631,-0.355988135781098
"1198","3103","0","1","1","1",0,-0.517830468403387,1.2617240809448,1.23370036610847,-0.737508737051909,-1.22459298388913,1.34147440207727,1.55177321511189,-0.302304380306779,0.0675649386032631,-0.355988135781098
"1199","3103","0","1","1","1",0,-0.517830468403387,1.2617240809448,1.23370036610847,-0.737508737051909,0,1.34147440207727,1.62394871348918,-0.302304380306779,0.0675649386032631,-0.355988135781098
"1200","3103","1","1","1","1",0,-0.517830468403387,1.2617240809448,1.23370036610847,-0.737508737051909,1.22459298388913,1.34147440207727,1.69612421186648,-0.302304380306779,0.0675649386032631,-0.355988135781098
"1201","3178","1","1","0","1",0,-0.161539860471104,-0.368686684538331,-1.01890877283321,-0.0849509912336239,-1.22459298388913,-1.34147440207727,-1.69612421186648,-0.302304380306779,0.0675649386032631,-0.355988135781098
"1202","3178","1","1","0","1",0,-0.161539860471104,-0.368686684538331,-1.01890877283321,-0.0849509912336239,0,-1.34147440207727,-1.62394871348918,-0.302304380306779,0.0675649386032631,-0.355988135781098
"1203","3178","1","1","0","1",0,-0.161539860471104,-0.368686684538331,-1.01890877283321,-0.0849509912336239,1.22459298388913,-1.34147440207727,-1.55177321511189,-0.302304380306779,0.0675649386032631,-0.355988135781098
"1204","3178","1","1","0","1",0,-0.161539860471104,-0.368686684538331,-1.01890877283321,-0.0849509912336239,-1.22459298388913,-0.447158134025757,-1.47959771673459,-0.302304380306779,0.0675649386032631,-0.355988135781098
"1205","3178","1","1","0","1",0,-0.161539860471104,-0.368686684538331,-1.01890877283321,-0.0849509912336239,0,-0.447158134025757,-1.40742221835729,-0.302304380306779,0.0675649386032631,-0.355988135781098
"1206","3178","0","1","0","1",0,-0.161539860471104,-0.368686684538331,-1.01890877283321,-0.0849509912336239,1.22459298388913,-0.447158134025757,-1.33524671998,-0.302304380306779,0.0675649386032631,-0.355988135781098
"1207","3178","0","1","0","1",0,-0.161539860471104,-0.368686684538331,-1.01890877283321,-0.0849509912336239,-1.22459298388913,0.447158134025757,-1.2630712216027,-0.302304380306779,0.0675649386032631,-0.355988135781098
"1208","3178","1","1","0","1",0,-0.161539860471104,-0.368686684538331,-1.01890877283321,-0.0849509912336239,0,0.447158134025757,-1.1908957232254,-0.302304380306779,0.0675649386032631,-0.355988135781098
"1209","3178","1","1","0","1",0,-0.161539860471104,-0.368686684538331,-1.01890877283321,-0.0849509912336239,1.22459298388913,0.447158134025757,-1.1187202248481,-0.302304380306779,0.0675649386032631,-0.355988135781098
"1210","3178","1","1","0","1",0,-0.161539860471104,-0.368686684538331,-1.01890877283321,-0.0849509912336239,-1.22459298388913,1.34147440207727,-1.04654472647081,-0.302304380306779,0.0675649386032631,-0.355988135781098
"1211","3178","1","1","0","1",0,-0.161539860471104,-0.368686684538331,-1.01890877283321,-0.0849509912336239,0,1.34147440207727,-0.97436922809351,-0.302304380306779,0.0675649386032631,-0.355988135781098
"1212","3178","1","1","0","1",0,-0.161539860471104,-0.368686684538331,-1.01890877283321,-0.0849509912336239,1.22459298388913,1.34147440207727,-0.902193729716213,-0.302304380306779,0.0675649386032631,-0.355988135781098
"1214","3178","1","1","0","1",0,-0.161539860471104,-0.368686684538331,-1.01890877283321,-0.0849509912336239,0,-1.34147440207727,-0.757842732961619,-0.302304380306779,0.0675649386032631,-0.355988135781098
"1215","3178","1","1","0","1",0,-0.161539860471104,-0.368686684538331,-1.01890877283321,-0.0849509912336239,1.22459298388913,-1.34147440207727,-0.685667234584322,-0.302304380306779,0.0675649386032631,-0.355988135781098
"1216","3178","1","1","0","1",1,-0.161539860471104,-0.368686684538331,-1.01890877283321,-0.0849509912336239,-1.22459298388913,-0.447158134025757,-0.613491736207025,-0.302304380306779,0.0675649386032631,-0.355988135781098
"1217","3178","1","1","0","1",0,-0.161539860471104,-0.368686684538331,-1.01890877283321,-0.0849509912336239,0,-0.447158134025757,-0.541316237829728,-0.302304380306779,0.0675649386032631,-0.355988135781098
"1218","3178","1","1","0","1",0,-0.161539860471104,-0.368686684538331,-1.01890877283321,-0.0849509912336239,1.22459298388913,-0.447158134025757,-0.469140739452431,-0.302304380306779,0.0675649386032631,-0.355988135781098
"1219","3178","1","1","0","1",0,-0.161539860471104,-0.368686684538331,-1.01890877283321,-0.0849509912336239,-1.22459298388913,0.447158134025757,-0.396965241075134,-0.302304380306779,0.0675649386032631,-0.355988135781098
"1220","3178","1","1","0","1",0,-0.161539860471104,-0.368686684538331,-1.01890877283321,-0.0849509912336239,0,0.447158134025757,-0.324789742697837,-0.302304380306779,0.0675649386032631,-0.355988135781098
"1221","3178","1","1","0","1",0,-0.161539860471104,-0.368686684538331,-1.01890877283321,-0.0849509912336239,1.22459298388913,0.447158134025757,-0.25261424432054,-0.302304380306779,0.0675649386032631,-0.355988135781098
"1222","3178","0","1","0","1",0,-0.161539860471104,-0.368686684538331,-1.01890877283321,-0.0849509912336239,-1.22459298388913,1.34147440207727,-0.180438745943243,-0.302304380306779,0.0675649386032631,-0.355988135781098
"1223","3178","1","1","0","1",0,-0.161539860471104,-0.368686684538331,-1.01890877283321,-0.0849509912336239,0,1.34147440207727,-0.108263247565946,-0.302304380306779,0.0675649386032631,-0.355988135781098
"1224","3178","1","1","0","1",0,-0.161539860471104,-0.368686684538331,-1.01890877283321,-0.0849509912336239,1.22459298388913,1.34147440207727,-0.0360877491886485,-0.302304380306779,0.0675649386032631,-0.355988135781098
"1225","3178","1","1","1","1",1,-0.161539860471104,-0.368686684538331,-1.01890877283321,-0.0849509912336239,-1.22459298388913,-1.34147440207727,0.0360877491886485,-0.302304380306779,0.0675649386032631,-0.355988135781098
"1226","3178","1","1","1","1",0,-0.161539860471104,-0.368686684538331,-1.01890877283321,-0.0849509912336239,0,-1.34147440207727,0.108263247565946,-0.302304380306779,0.0675649386032631,-0.355988135781098
"1227","3178","1","1","1","1",0,-0.161539860471104,-0.368686684538331,-1.01890877283321,-0.0849509912336239,1.22459298388913,-1.34147440207727,0.180438745943243,-0.302304380306779,0.0675649386032631,-0.355988135781098
"1228","3178","1","1","1","1",0,-0.161539860471104,-0.368686684538331,-1.01890877283321,-0.0849509912336239,-1.22459298388913,-0.447158134025757,0.25261424432054,-0.302304380306779,0.0675649386032631,-0.355988135781098
"1229","3178","1","1","1","1",0,-0.161539860471104,-0.368686684538331,-1.01890877283321,-0.0849509912336239,0,-0.447158134025757,0.324789742697837,-0.302304380306779,0.0675649386032631,-0.355988135781098
"1230","3178","0","1","1","1",0,-0.161539860471104,-0.368686684538331,-1.01890877283321,-0.0849509912336239,1.22459298388913,-0.447158134025757,0.396965241075134,-0.302304380306779,0.0675649386032631,-0.355988135781098
"1231","3178","1","1","1","1",0,-0.161539860471104,-0.368686684538331,-1.01890877283321,-0.0849509912336239,-1.22459298388913,0.447158134025757,0.469140739452431,-0.302304380306779,0.0675649386032631,-0.355988135781098
"1232","3178","1","1","1","1",0,-0.161539860471104,-0.368686684538331,-1.01890877283321,-0.0849509912336239,0,0.447158134025757,0.541316237829728,-0.302304380306779,0.0675649386032631,-0.355988135781098
"1233","3178","1","1","1","1",0,-0.161539860471104,-0.368686684538331,-1.01890877283321,-0.0849509912336239,1.22459298388913,0.447158134025757,0.613491736207025,-0.302304380306779,0.0675649386032631,-0.355988135781098
"1234","3178","1","1","1","1",0,-0.161539860471104,-0.368686684538331,-1.01890877283321,-0.0849509912336239,-1.22459298388913,1.34147440207727,0.685667234584322,-0.302304380306779,0.0675649386032631,-0.355988135781098
"1235","3178","1","1","1","1",0,-0.161539860471104,-0.368686684538331,-1.01890877283321,-0.0849509912336239,0,1.34147440207727,0.757842732961619,-0.302304380306779,0.0675649386032631,-0.355988135781098
"1236","3178","1","1","1","1",0,-0.161539860471104,-0.368686684538331,-1.01890877283321,-0.0849509912336239,1.22459298388913,1.34147440207727,0.830018231338916,-0.302304380306779,0.0675649386032631,-0.355988135781098
"1237","3178","1","1","1","1",0,-0.161539860471104,-0.368686684538331,-1.01890877283321,-0.0849509912336239,-1.22459298388913,-1.34147440207727,0.902193729716213,-0.302304380306779,0.0675649386032631,-0.355988135781098
"1238","3178","1","1","1","1",0,-0.161539860471104,-0.368686684538331,-1.01890877283321,-0.0849509912336239,0,-1.34147440207727,0.97436922809351,-0.302304380306779,0.0675649386032631,-0.355988135781098
"1239","3178","1","1","1","1",0,-0.161539860471104,-0.368686684538331,-1.01890877283321,-0.0849509912336239,1.22459298388913,-1.34147440207727,1.04654472647081,-0.302304380306779,0.0675649386032631,-0.355988135781098
"1240","3178","1","1","1","1",0,-0.161539860471104,-0.368686684538331,-1.01890877283321,-0.0849509912336239,-1.22459298388913,-0.447158134025757,1.1187202248481,-0.302304380306779,0.0675649386032631,-0.355988135781098
"1241","3178","1","1","1","1",0,-0.161539860471104,-0.368686684538331,-1.01890877283321,-0.0849509912336239,0,-0.447158134025757,1.1908957232254,-0.302304380306779,0.0675649386032631,-0.355988135781098
"1242","3178","1","1","1","1",0,-0.161539860471104,-0.368686684538331,-1.01890877283321,-0.0849509912336239,1.22459298388913,-0.447158134025757,1.2630712216027,-0.302304380306779,0.0675649386032631,-0.355988135781098
"1243","3178","1","1","1","1",0,-0.161539860471104,-0.368686684538331,-1.01890877283321,-0.0849509912336239,-1.22459298388913,0.447158134025757,1.33524671998,-0.302304380306779,0.0675649386032631,-0.355988135781098
"1244","3178","1","1","1","1",0,-0.161539860471104,-0.368686684538331,-1.01890877283321,-0.0849509912336239,0,0.447158134025757,1.40742221835729,-0.302304380306779,0.0675649386032631,-0.355988135781098
"1245","3178","1","1","1","1",0,-0.161539860471104,-0.368686684538331,-1.01890877283321,-0.0849509912336239,1.22459298388913,0.447158134025757,1.47959771673459,-0.302304380306779,0.0675649386032631,-0.355988135781098
"1246","3178","1","1","1","1",0,-0.161539860471104,-0.368686684538331,-1.01890877283321,-0.0849509912336239,-1.22459298388913,1.34147440207727,1.55177321511189,-0.302304380306779,0.0675649386032631,-0.355988135781098
"1247","3178","1","1","1","1",0,-0.161539860471104,-0.368686684538331,-1.01890877283321,-0.0849509912336239,0,1.34147440207727,1.62394871348918,-0.302304380306779,0.0675649386032631,-0.355988135781098
"1248","3178","1","1","1","1",0,-0.161539860471104,-0.368686684538331,-1.01890877283321,-0.0849509912336239,1.22459298388913,1.34147440207727,1.69612421186648,-0.302304380306779,0.0675649386032631,-0.355988135781098
"1249","3210","1","1","0",NA,0,0.710757834811382,1.46828145906295,0.106720149025474,-0.737508737051909,-1.22459298388913,-1.34147440207727,-1.69612421186648,NA,NA,NA
"1250","3210","1","1","0",NA,0,0.710757834811382,1.46828145906295,0.106720149025474,-0.737508737051909,0,-1.34147440207727,-1.62394871348918,NA,NA,NA
"1251","3210","1","1","0",NA,0,0.710757834811382,1.46828145906295,0.106720149025474,-0.737508737051909,1.22459298388913,-1.34147440207727,-1.55177321511189,NA,NA,NA
"1252","3210","1","1","0",NA,0,0.710757834811382,1.46828145906295,0.106720149025474,-0.737508737051909,-1.22459298388913,-0.447158134025757,-1.47959771673459,NA,NA,NA
"1253","3210","1","1","0",NA,0,0.710757834811382,1.46828145906295,0.106720149025474,-0.737508737051909,0,-0.447158134025757,-1.40742221835729,NA,NA,NA
"1254","3210","1","1","0",NA,0,0.710757834811382,1.46828145906295,0.106720149025474,-0.737508737051909,1.22459298388913,-0.447158134025757,-1.33524671998,NA,NA,NA
"1255","3210","1","1","0",NA,0,0.710757834811382,1.46828145906295,0.106720149025474,-0.737508737051909,-1.22459298388913,0.447158134025757,-1.2630712216027,NA,NA,NA
"1256","3210","1","1","0",NA,0,0.710757834811382,1.46828145906295,0.106720149025474,-0.737508737051909,0,0.447158134025757,-1.1908957232254,NA,NA,NA
"1257","3210","1","1","0",NA,0,0.710757834811382,1.46828145906295,0.106720149025474,-0.737508737051909,1.22459298388913,0.447158134025757,-1.1187202248481,NA,NA,NA
"1258","3210","1","1","0",NA,0,0.710757834811382,1.46828145906295,0.106720149025474,-0.737508737051909,-1.22459298388913,1.34147440207727,-1.04654472647081,NA,NA,NA
"1259","3210","1","1","0",NA,0,0.710757834811382,1.46828145906295,0.106720149025474,-0.737508737051909,0,1.34147440207727,-0.97436922809351,NA,NA,NA
"1260","3210","1","1","0",NA,1,0.710757834811382,1.46828145906295,0.106720149025474,-0.737508737051909,1.22459298388913,1.34147440207727,-0.902193729716213,NA,NA,NA
"1261","3210","1","1","0",NA,0,0.710757834811382,1.46828145906295,0.106720149025474,-0.737508737051909,-1.22459298388913,-1.34147440207727,-0.830018231338916,NA,NA,NA
"1262","3210","1","1","0",NA,0,0.710757834811382,1.46828145906295,0.106720149025474,-0.737508737051909,0,-1.34147440207727,-0.757842732961619,NA,NA,NA
"1263","3210","1","1","0",NA,0,0.710757834811382,1.46828145906295,0.106720149025474,-0.737508737051909,1.22459298388913,-1.34147440207727,-0.685667234584322,NA,NA,NA
"1264","3210","1","1","0",NA,0,0.710757834811382,1.46828145906295,0.106720149025474,-0.737508737051909,-1.22459298388913,-0.447158134025757,-0.613491736207025,NA,NA,NA
"1265","3210","1","1","0",NA,1,0.710757834811382,1.46828145906295,0.106720149025474,-0.737508737051909,0,-0.447158134025757,-0.541316237829728,NA,NA,NA
"1266","3210","1","1","0",NA,0,0.710757834811382,1.46828145906295,0.106720149025474,-0.737508737051909,1.22459298388913,-0.447158134025757,-0.469140739452431,NA,NA,NA
"1267","3210","1","1","0",NA,0,0.710757834811382,1.46828145906295,0.106720149025474,-0.737508737051909,-1.22459298388913,0.447158134025757,-0.396965241075134,NA,NA,NA
"1268","3210","1","1","0",NA,1,0.710757834811382,1.46828145906295,0.106720149025474,-0.737508737051909,0,0.447158134025757,-0.324789742697837,NA,NA,NA
"1269","3210","1","1","0",NA,0,0.710757834811382,1.46828145906295,0.106720149025474,-0.737508737051909,1.22459298388913,0.447158134025757,-0.25261424432054,NA,NA,NA
"1270","3210","1","1","0",NA,1,0.710757834811382,1.46828145906295,0.106720149025474,-0.737508737051909,-1.22459298388913,1.34147440207727,-0.180438745943243,NA,NA,NA
"1271","3210","1","1","0",NA,0,0.710757834811382,1.46828145906295,0.106720149025474,-0.737508737051909,0,1.34147440207727,-0.108263247565946,NA,NA,NA
"1272","3210","1","1","0",NA,1,0.710757834811382,1.46828145906295,0.106720149025474,-0.737508737051909,1.22459298388913,1.34147440207727,-0.0360877491886485,NA,NA,NA
"1273","3210","1","1","1",NA,0,0.710757834811382,1.46828145906295,0.106720149025474,-0.737508737051909,-1.22459298388913,-1.34147440207727,0.0360877491886485,NA,NA,NA
"1274","3210","0","1","1",NA,0,0.710757834811382,1.46828145906295,0.106720149025474,-0.737508737051909,0,-1.34147440207727,0.108263247565946,NA,NA,NA
"1275","3210","1","1","1",NA,0,0.710757834811382,1.46828145906295,0.106720149025474,-0.737508737051909,1.22459298388913,-1.34147440207727,0.180438745943243,NA,NA,NA
"1276","3210","1","1","1",NA,0,0.710757834811382,1.46828145906295,0.106720149025474,-0.737508737051909,-1.22459298388913,-0.447158134025757,0.25261424432054,NA,NA,NA
"1277","3210","1","1","1",NA,0,0.710757834811382,1.46828145906295,0.106720149025474,-0.737508737051909,0,-0.447158134025757,0.324789742697837,NA,NA,NA
"1278","3210","1","1","1",NA,0,0.710757834811382,1.46828145906295,0.106720149025474,-0.737508737051909,1.22459298388913,-0.447158134025757,0.396965241075134,NA,NA,NA
"1279","3210","1","1","1",NA,0,0.710757834811382,1.46828145906295,0.106720149025474,-0.737508737051909,-1.22459298388913,0.447158134025757,0.469140739452431,NA,NA,NA
"1280","3210","1","1","1",NA,0,0.710757834811382,1.46828145906295,0.106720149025474,-0.737508737051909,0,0.447158134025757,0.541316237829728,NA,NA,NA
"1281","3210","1","1","1",NA,0,0.710757834811382,1.46828145906295,0.106720149025474,-0.737508737051909,1.22459298388913,0.447158134025757,0.613491736207025,NA,NA,NA
"1282","3210","1","1","1",NA,0,0.710757834811382,1.46828145906295,0.106720149025474,-0.737508737051909,-1.22459298388913,1.34147440207727,0.685667234584322,NA,NA,NA
"1283","3210","1","1","1",NA,1,0.710757834811382,1.46828145906295,0.106720149025474,-0.737508737051909,0,1.34147440207727,0.757842732961619,NA,NA,NA
"1284","3210","1","1","1",NA,0,0.710757834811382,1.46828145906295,0.106720149025474,-0.737508737051909,1.22459298388913,1.34147440207727,0.830018231338916,NA,NA,NA
"1285","3210","1","1","1",NA,0,0.710757834811382,1.46828145906295,0.106720149025474,-0.737508737051909,-1.22459298388913,-1.34147440207727,0.902193729716213,NA,NA,NA
"1286","3210","1","1","1",NA,0,0.710757834811382,1.46828145906295,0.106720149025474,-0.737508737051909,0,-1.34147440207727,0.97436922809351,NA,NA,NA
"1287","3210","0","1","1",NA,0,0.710757834811382,1.46828145906295,0.106720149025474,-0.737508737051909,1.22459298388913,-1.34147440207727,1.04654472647081,NA,NA,NA
"1288","3210","1","1","1",NA,0,0.710757834811382,1.46828145906295,0.106720149025474,-0.737508737051909,-1.22459298388913,-0.447158134025757,1.1187202248481,NA,NA,NA
"1290","3210","1","1","1",NA,0,0.710757834811382,1.46828145906295,0.106720149025474,-0.737508737051909,1.22459298388913,-0.447158134025757,1.2630712216027,NA,NA,NA
"1292","3210","1","1","1",NA,0,0.710757834811382,1.46828145906295,0.106720149025474,-0.737508737051909,0,0.447158134025757,1.40742221835729,NA,NA,NA
"1293","3210","1","1","1",NA,0,0.710757834811382,1.46828145906295,0.106720149025474,-0.737508737051909,1.22459298388913,0.447158134025757,1.47959771673459,NA,NA,NA
"1294","3210","1","1","1",NA,1,0.710757834811382,1.46828145906295,0.106720149025474,-0.737508737051909,-1.22459298388913,1.34147440207727,1.55177321511189,NA,NA,NA
"1295","3210","1","1","1",NA,1,0.710757834811382,1.46828145906295,0.106720149025474,-0.737508737051909,0,1.34147440207727,1.62394871348918,NA,NA,NA
"1296","3210","1","1","1",NA,0,0.710757834811382,1.46828145906295,0.106720149025474,-0.737508737051909,1.22459298388913,1.34147440207727,1.69612421186648,NA,NA,NA
"1297","3228","1","1","0","1",0,-0.517830468403387,-0.948904038802791,-0.455418664291706,-0.737508737051909,-1.22459298388913,-1.34147440207727,-1.69612421186648,-1.54252747900125,-1.283733833462,-1.21898967706861
"1298","3228","1","1","0","1",0,-0.517830468403387,-0.948904038802791,-0.455418664291706,-0.737508737051909,0,-1.34147440207727,-1.62394871348918,-1.54252747900125,-1.283733833462,-1.21898967706861
"1299","3228","1","1","0","1",0,-0.517830468403387,-0.948904038802791,-0.455418664291706,-0.737508737051909,1.22459298388913,-1.34147440207727,-1.55177321511189,-1.54252747900125,-1.283733833462,-1.21898967706861
"1300","3228","1","1","0","1",0,-0.517830468403387,-0.948904038802791,-0.455418664291706,-0.737508737051909,-1.22459298388913,-0.447158134025757,-1.47959771673459,-1.54252747900125,-1.283733833462,-1.21898967706861
"1301","3228","1","1","0","1",0,-0.517830468403387,-0.948904038802791,-0.455418664291706,-0.737508737051909,0,-0.447158134025757,-1.40742221835729,-1.54252747900125,-1.283733833462,-1.21898967706861
"1302","3228","1","1","0","1",0,-0.517830468403387,-0.948904038802791,-0.455418664291706,-0.737508737051909,1.22459298388913,-0.447158134025757,-1.33524671998,-1.54252747900125,-1.283733833462,-1.21898967706861
"1303","3228","1","1","0","1",0,-0.517830468403387,-0.948904038802791,-0.455418664291706,-0.737508737051909,-1.22459298388913,0.447158134025757,-1.2630712216027,-1.54252747900125,-1.283733833462,-1.21898967706861
"1304","3228","0","1","0","1",0,-0.517830468403387,-0.948904038802791,-0.455418664291706,-0.737508737051909,0,0.447158134025757,-1.1908957232254,-1.54252747900125,-1.283733833462,-1.21898967706861
"1305","3228","1","1","0","1",0,-0.517830468403387,-0.948904038802791,-0.455418664291706,-0.737508737051909,1.22459298388913,0.447158134025757,-1.1187202248481,-1.54252747900125,-1.283733833462,-1.21898967706861
"1306","3228","1","1","0","1",0,-0.517830468403387,-0.948904038802791,-0.455418664291706,-0.737508737051909,-1.22459298388913,1.34147440207727,-1.04654472647081,-1.54252747900125,-1.283733833462,-1.21898967706861
"1307","3228","1","1","0","1",0,-0.517830468403387,-0.948904038802791,-0.455418664291706,-0.737508737051909,0,1.34147440207727,-0.97436922809351,-1.54252747900125,-1.283733833462,-1.21898967706861
"1308","3228","1","1","0","1",0,-0.517830468403387,-0.948904038802791,-0.455418664291706,-0.737508737051909,1.22459298388913,1.34147440207727,-0.902193729716213,-1.54252747900125,-1.283733833462,-1.21898967706861
"1309","3228","1","1","0","1",0,-0.517830468403387,-0.948904038802791,-0.455418664291706,-0.737508737051909,-1.22459298388913,-1.34147440207727,-0.830018231338916,-1.54252747900125,-1.283733833462,-1.21898967706861
"1310","3228","1","1","0","1",0,-0.517830468403387,-0.948904038802791,-0.455418664291706,-0.737508737051909,0,-1.34147440207727,-0.757842732961619,-1.54252747900125,-1.283733833462,-1.21898967706861
"1311","3228","1","1","0","1",0,-0.517830468403387,-0.948904038802791,-0.455418664291706,-0.737508737051909,1.22459298388913,-1.34147440207727,-0.685667234584322,-1.54252747900125,-1.283733833462,-1.21898967706861
"1312","3228","1","1","0","1",0,-0.517830468403387,-0.948904038802791,-0.455418664291706,-0.737508737051909,-1.22459298388913,-0.447158134025757,-0.613491736207025,-1.54252747900125,-1.283733833462,-1.21898967706861
"1313","3228","1","1","0","1",0,-0.517830468403387,-0.948904038802791,-0.455418664291706,-0.737508737051909,0,-0.447158134025757,-0.541316237829728,-1.54252747900125,-1.283733833462,-1.21898967706861
"1314","3228","1","1","0","1",0,-0.517830468403387,-0.948904038802791,-0.455418664291706,-0.737508737051909,1.22459298388913,-0.447158134025757,-0.469140739452431,-1.54252747900125,-1.283733833462,-1.21898967706861
"1315","3228","1","1","0","1",0,-0.517830468403387,-0.948904038802791,-0.455418664291706,-0.737508737051909,-1.22459298388913,0.447158134025757,-0.396965241075134,-1.54252747900125,-1.283733833462,-1.21898967706861
"1316","3228","1","1","0","1",0,-0.517830468403387,-0.948904038802791,-0.455418664291706,-0.737508737051909,0,0.447158134025757,-0.324789742697837,-1.54252747900125,-1.283733833462,-1.21898967706861
"1317","3228","1","1","0","1",0,-0.517830468403387,-0.948904038802791,-0.455418664291706,-0.737508737051909,1.22459298388913,0.447158134025757,-0.25261424432054,-1.54252747900125,-1.283733833462,-1.21898967706861
"1318","3228","1","1","0","1",0,-0.517830468403387,-0.948904038802791,-0.455418664291706,-0.737508737051909,-1.22459298388913,1.34147440207727,-0.180438745943243,-1.54252747900125,-1.283733833462,-1.21898967706861
"1319","3228","1","1","0","1",0,-0.517830468403387,-0.948904038802791,-0.455418664291706,-0.737508737051909,0,1.34147440207727,-0.108263247565946,-1.54252747900125,-1.283733833462,-1.21898967706861
"1320","3228","1","1","0","1",0,-0.517830468403387,-0.948904038802791,-0.455418664291706,-0.737508737051909,1.22459298388913,1.34147440207727,-0.0360877491886485,-1.54252747900125,-1.283733833462,-1.21898967706861
"1321","3228","1","1","1","1",0,-0.517830468403387,-0.948904038802791,-0.455418664291706,-0.737508737051909,-1.22459298388913,-1.34147440207727,0.0360877491886485,-1.54252747900125,-1.283733833462,-1.21898967706861
"1322","3228","1","1","1","1",0,-0.517830468403387,-0.948904038802791,-0.455418664291706,-0.737508737051909,0,-1.34147440207727,0.108263247565946,-1.54252747900125,-1.283733833462,-1.21898967706861
"1323","3228","1","1","1","1",0,-0.517830468403387,-0.948904038802791,-0.455418664291706,-0.737508737051909,1.22459298388913,-1.34147440207727,0.180438745943243,-1.54252747900125,-1.283733833462,-1.21898967706861
"1324","3228","1","1","1","1",0,-0.517830468403387,-0.948904038802791,-0.455418664291706,-0.737508737051909,-1.22459298388913,-0.447158134025757,0.25261424432054,-1.54252747900125,-1.283733833462,-1.21898967706861
"1325","3228","1","1","1","1",0,-0.517830468403387,-0.948904038802791,-0.455418664291706,-0.737508737051909,0,-0.447158134025757,0.324789742697837,-1.54252747900125,-1.283733833462,-1.21898967706861
"1326","3228","1","1","1","1",0,-0.517830468403387,-0.948904038802791,-0.455418664291706,-0.737508737051909,1.22459298388913,-0.447158134025757,0.396965241075134,-1.54252747900125,-1.283733833462,-1.21898967706861
"1327","3228","1","1","1","1",0,-0.517830468403387,-0.948904038802791,-0.455418664291706,-0.737508737051909,-1.22459298388913,0.447158134025757,0.469140739452431,-1.54252747900125,-1.283733833462,-1.21898967706861
"1328","3228","1","1","1","1",0,-0.517830468403387,-0.948904038802791,-0.455418664291706,-0.737508737051909,0,0.447158134025757,0.541316237829728,-1.54252747900125,-1.283733833462,-1.21898967706861
"1329","3228","1","1","1","1",0,-0.517830468403387,-0.948904038802791,-0.455418664291706,-0.737508737051909,1.22459298388913,0.447158134025757,0.613491736207025,-1.54252747900125,-1.283733833462,-1.21898967706861
"1330","3228","1","1","1","1",0,-0.517830468403387,-0.948904038802791,-0.455418664291706,-0.737508737051909,-1.22459298388913,1.34147440207727,0.685667234584322,-1.54252747900125,-1.283733833462,-1.21898967706861
"1331","3228","1","1","1","1",0,-0.517830468403387,-0.948904038802791,-0.455418664291706,-0.737508737051909,0,1.34147440207727,0.757842732961619,-1.54252747900125,-1.283733833462,-1.21898967706861
"1332","3228","1","1","1","1",0,-0.517830468403387,-0.948904038802791,-0.455418664291706,-0.737508737051909,1.22459298388913,1.34147440207727,0.830018231338916,-1.54252747900125,-1.283733833462,-1.21898967706861
"1333","3228","1","1","1","1",0,-0.517830468403387,-0.948904038802791,-0.455418664291706,-0.737508737051909,-1.22459298388913,-1.34147440207727,0.902193729716213,-1.54252747900125,-1.283733833462,-1.21898967706861
"1334","3228","0","1","1","1",0,-0.517830468403387,-0.948904038802791,-0.455418664291706,-0.737508737051909,0,-1.34147440207727,0.97436922809351,-1.54252747900125,-1.283733833462,-1.21898967706861
"1335","3228","1","1","1","1",0,-0.517830468403387,-0.948904038802791,-0.455418664291706,-0.737508737051909,1.22459298388913,-1.34147440207727,1.04654472647081,-1.54252747900125,-1.283733833462,-1.21898967706861
"1336","3228","0","1","1","1",0,-0.517830468403387,-0.948904038802791,-0.455418664291706,-0.737508737051909,-1.22459298388913,-0.447158134025757,1.1187202248481,-1.54252747900125,-1.283733833462,-1.21898967706861
"1337","3228","1","1","1","1",0,-0.517830468403387,-0.948904038802791,-0.455418664291706,-0.737508737051909,0,-0.447158134025757,1.1908957232254,-1.54252747900125,-1.283733833462,-1.21898967706861
"1338","3228","1","1","1","1",0,-0.517830468403387,-0.948904038802791,-0.455418664291706,-0.737508737051909,1.22459298388913,-0.447158134025757,1.2630712216027,-1.54252747900125,-1.283733833462,-1.21898967706861
"1339","3228","1","1","1","1",0,-0.517830468403387,-0.948904038802791,-0.455418664291706,-0.737508737051909,-1.22459298388913,0.447158134025757,1.33524671998,-1.54252747900125,-1.283733833462,-1.21898967706861
"1340","3228","1","1","1","1",0,-0.517830468403387,-0.948904038802791,-0.455418664291706,-0.737508737051909,0,0.447158134025757,1.40742221835729,-1.54252747900125,-1.283733833462,-1.21898967706861
"1342","3228","1","1","1","1",0,-0.517830468403387,-0.948904038802791,-0.455418664291706,-0.737508737051909,-1.22459298388913,1.34147440207727,1.55177321511189,-1.54252747900125,-1.283733833462,-1.21898967706861
"1343","3228","1","1","1","1",0,-0.517830468403387,-0.948904038802791,-0.455418664291706,-0.737508737051909,0,1.34147440207727,1.62394871348918,-1.54252747900125,-1.283733833462,-1.21898967706861
"1344","3228","1","1","1","1",0,-0.517830468403387,-0.948904038802791,-0.455418664291706,-0.737508737051909,1.22459298388913,1.34147440207727,1.69612421186648,-1.54252747900125,-1.283733833462,-1.21898967706861
"1345","3472","1","0","0","1",0,-0.161539860471104,-0.444114940592711,-1.01890877283321,-0.0849509912336239,-1.22459298388913,-1.34147440207727,-1.69612421186648,-0.302304380306779,0.0675649386032631,-0.355988135781098
"1346","3472","1","0","0","1",0,-0.161539860471104,-0.444114940592711,-1.01890877283321,-0.0849509912336239,0,-1.34147440207727,-1.62394871348918,-0.302304380306779,0.0675649386032631,-0.355988135781098
"1347","3472","1","0","0","1",0,-0.161539860471104,-0.444114940592711,-1.01890877283321,-0.0849509912336239,1.22459298388913,-1.34147440207727,-1.55177321511189,-0.302304380306779,0.0675649386032631,-0.355988135781098
"1348","3472","1","0","0","1",0,-0.161539860471104,-0.444114940592711,-1.01890877283321,-0.0849509912336239,-1.22459298388913,-0.447158134025757,-1.47959771673459,-0.302304380306779,0.0675649386032631,-0.355988135781098
"1349","3472","1","0","0","1",0,-0.161539860471104,-0.444114940592711,-1.01890877283321,-0.0849509912336239,0,-0.447158134025757,-1.40742221835729,-0.302304380306779,0.0675649386032631,-0.355988135781098
"1351","3472","1","0","0","1",0,-0.161539860471104,-0.444114940592711,-1.01890877283321,-0.0849509912336239,-1.22459298388913,0.447158134025757,-1.2630712216027,-0.302304380306779,0.0675649386032631,-0.355988135781098
"1352","3472","1","0","0","1",0,-0.161539860471104,-0.444114940592711,-1.01890877283321,-0.0849509912336239,0,0.447158134025757,-1.1908957232254,-0.302304380306779,0.0675649386032631,-0.355988135781098
"1353","3472","1","0","0","1",0,-0.161539860471104,-0.444114940592711,-1.01890877283321,-0.0849509912336239,1.22459298388913,0.447158134025757,-1.1187202248481,-0.302304380306779,0.0675649386032631,-0.355988135781098
"1354","3472","1","0","0","1",0,-0.161539860471104,-0.444114940592711,-1.01890877283321,-0.0849509912336239,-1.22459298388913,1.34147440207727,-1.04654472647081,-0.302304380306779,0.0675649386032631,-0.355988135781098
"1355","3472","1","0","0","1",1,-0.161539860471104,-0.444114940592711,-1.01890877283321,-0.0849509912336239,0,1.34147440207727,-0.97436922809351,-0.302304380306779,0.0675649386032631,-0.355988135781098
"1356","3472","1","0","0","1",0,-0.161539860471104,-0.444114940592711,-1.01890877283321,-0.0849509912336239,1.22459298388913,1.34147440207727,-0.902193729716213,-0.302304380306779,0.0675649386032631,-0.355988135781098
"1357","3472","1","0","0","1",0,-0.161539860471104,-0.444114940592711,-1.01890877283321,-0.0849509912336239,-1.22459298388913,-1.34147440207727,-0.830018231338916,-0.302304380306779,0.0675649386032631,-0.355988135781098
"1358","3472","1","0","0","1",0,-0.161539860471104,-0.444114940592711,-1.01890877283321,-0.0849509912336239,0,-1.34147440207727,-0.757842732961619,-0.302304380306779,0.0675649386032631,-0.355988135781098
"1359","3472","1","0","0","1",0,-0.161539860471104,-0.444114940592711,-1.01890877283321,-0.0849509912336239,1.22459298388913,-1.34147440207727,-0.685667234584322,-0.302304380306779,0.0675649386032631,-0.355988135781098
"1360","3472","1","0","0","1",0,-0.161539860471104,-0.444114940592711,-1.01890877283321,-0.0849509912336239,-1.22459298388913,-0.447158134025757,-0.613491736207025,-0.302304380306779,0.0675649386032631,-0.355988135781098
"1361","3472","1","0","0","1",0,-0.161539860471104,-0.444114940592711,-1.01890877283321,-0.0849509912336239,0,-0.447158134025757,-0.541316237829728,-0.302304380306779,0.0675649386032631,-0.355988135781098
"1362","3472","1","0","0","1",0,-0.161539860471104,-0.444114940592711,-1.01890877283321,-0.0849509912336239,1.22459298388913,-0.447158134025757,-0.469140739452431,-0.302304380306779,0.0675649386032631,-0.355988135781098
"1363","3472","1","0","0","1",0,-0.161539860471104,-0.444114940592711,-1.01890877283321,-0.0849509912336239,-1.22459298388913,0.447158134025757,-0.396965241075134,-0.302304380306779,0.0675649386032631,-0.355988135781098
"1364","3472","1","0","0","1",0,-0.161539860471104,-0.444114940592711,-1.01890877283321,-0.0849509912336239,0,0.447158134025757,-0.324789742697837,-0.302304380306779,0.0675649386032631,-0.355988135781098
"1365","3472","1","0","0","1",0,-0.161539860471104,-0.444114940592711,-1.01890877283321,-0.0849509912336239,1.22459298388913,0.447158134025757,-0.25261424432054,-0.302304380306779,0.0675649386032631,-0.355988135781098
"1366","3472","1","0","0","1",0,-0.161539860471104,-0.444114940592711,-1.01890877283321,-0.0849509912336239,-1.22459298388913,1.34147440207727,-0.180438745943243,-0.302304380306779,0.0675649386032631,-0.355988135781098
"1367","3472","1","0","0","1",0,-0.161539860471104,-0.444114940592711,-1.01890877283321,-0.0849509912336239,0,1.34147440207727,-0.108263247565946,-0.302304380306779,0.0675649386032631,-0.355988135781098
"1368","3472","1","0","0","1",0,-0.161539860471104,-0.444114940592711,-1.01890877283321,-0.0849509912336239,1.22459298388913,1.34147440207727,-0.0360877491886485,-0.302304380306779,0.0675649386032631,-0.355988135781098
"1369","3472","1","0","1","1",0,-0.161539860471104,-0.444114940592711,-1.01890877283321,-0.0849509912336239,-1.22459298388913,-1.34147440207727,0.0360877491886485,-0.302304380306779,0.0675649386032631,-0.355988135781098
"1370","3472","1","0","1","1",0,-0.161539860471104,-0.444114940592711,-1.01890877283321,-0.0849509912336239,0,-1.34147440207727,0.108263247565946,-0.302304380306779,0.0675649386032631,-0.355988135781098
"1371","3472","1","0","1","1",0,-0.161539860471104,-0.444114940592711,-1.01890877283321,-0.0849509912336239,1.22459298388913,-1.34147440207727,0.180438745943243,-0.302304380306779,0.0675649386032631,-0.355988135781098
"1372","3472","1","0","1","1",0,-0.161539860471104,-0.444114940592711,-1.01890877283321,-0.0849509912336239,-1.22459298388913,-0.447158134025757,0.25261424432054,-0.302304380306779,0.0675649386032631,-0.355988135781098
"1373","3472","1","0","1","1",0,-0.161539860471104,-0.444114940592711,-1.01890877283321,-0.0849509912336239,0,-0.447158134025757,0.324789742697837,-0.302304380306779,0.0675649386032631,-0.355988135781098
"1374","3472","1","0","1","1",0,-0.161539860471104,-0.444114940592711,-1.01890877283321,-0.0849509912336239,1.22459298388913,-0.447158134025757,0.396965241075134,-0.302304380306779,0.0675649386032631,-0.355988135781098
"1375","3472","1","0","1","1",0,-0.161539860471104,-0.444114940592711,-1.01890877283321,-0.0849509912336239,-1.22459298388913,0.447158134025757,0.469140739452431,-0.302304380306779,0.0675649386032631,-0.355988135781098
"1376","3472","1","0","1","1",0,-0.161539860471104,-0.444114940592711,-1.01890877283321,-0.0849509912336239,0,0.447158134025757,0.541316237829728,-0.302304380306779,0.0675649386032631,-0.355988135781098
"1377","3472","1","0","1","1",0,-0.161539860471104,-0.444114940592711,-1.01890877283321,-0.0849509912336239,1.22459298388913,0.447158134025757,0.613491736207025,-0.302304380306779,0.0675649386032631,-0.355988135781098
"1378","3472","1","0","1","1",0,-0.161539860471104,-0.444114940592711,-1.01890877283321,-0.0849509912336239,-1.22459298388913,1.34147440207727,0.685667234584322,-0.302304380306779,0.0675649386032631,-0.355988135781098
"1379","3472","1","0","1","1",0,-0.161539860471104,-0.444114940592711,-1.01890877283321,-0.0849509912336239,0,1.34147440207727,0.757842732961619,-0.302304380306779,0.0675649386032631,-0.355988135781098
"1380","3472","1","0","1","1",0,-0.161539860471104,-0.444114940592711,-1.01890877283321,-0.0849509912336239,1.22459298388913,1.34147440207727,0.830018231338916,-0.302304380306779,0.0675649386032631,-0.355988135781098
"1381","3472","1","0","1","1",0,-0.161539860471104,-0.444114940592711,-1.01890877283321,-0.0849509912336239,-1.22459298388913,-1.34147440207727,0.902193729716213,-0.302304380306779,0.0675649386032631,-0.355988135781098
"1382","3472","1","0","1","1",0,-0.161539860471104,-0.444114940592711,-1.01890877283321,-0.0849509912336239,0,-1.34147440207727,0.97436922809351,-0.302304380306779,0.0675649386032631,-0.355988135781098
"1383","3472","1","0","1","1",0,-0.161539860471104,-0.444114940592711,-1.01890877283321,-0.0849509912336239,1.22459298388913,-1.34147440207727,1.04654472647081,-0.302304380306779,0.0675649386032631,-0.355988135781098
"1384","3472","1","0","1","1",0,-0.161539860471104,-0.444114940592711,-1.01890877283321,-0.0849509912336239,-1.22459298388913,-0.447158134025757,1.1187202248481,-0.302304380306779,0.0675649386032631,-0.355988135781098
"1385","3472","1","0","1","1",0,-0.161539860471104,-0.444114940592711,-1.01890877283321,-0.0849509912336239,0,-0.447158134025757,1.1908957232254,-0.302304380306779,0.0675649386032631,-0.355988135781098
"1386","3472","1","0","1","1",0,-0.161539860471104,-0.444114940592711,-1.01890877283321,-0.0849509912336239,1.22459298388913,-0.447158134025757,1.2630712216027,-0.302304380306779,0.0675649386032631,-0.355988135781098
"1387","3472","1","0","1","1",0,-0.161539860471104,-0.444114940592711,-1.01890877283321,-0.0849509912336239,-1.22459298388913,0.447158134025757,1.33524671998,-0.302304380306779,0.0675649386032631,-0.355988135781098
"1388","3472","1","0","1","1",0,-0.161539860471104,-0.444114940592711,-1.01890877283321,-0.0849509912336239,0,0.447158134025757,1.40742221835729,-0.302304380306779,0.0675649386032631,-0.355988135781098
"1389","3472","1","0","1","1",0,-0.161539860471104,-0.444114940592711,-1.01890877283321,-0.0849509912336239,1.22459298388913,0.447158134025757,1.47959771673459,-0.302304380306779,0.0675649386032631,-0.355988135781098
"1390","3472","0","0","1","1",0,-0.161539860471104,-0.444114940592711,-1.01890877283321,-0.0849509912336239,-1.22459298388913,1.34147440207727,1.55177321511189,-0.302304380306779,0.0675649386032631,-0.355988135781098
"1391","3472","1","0","1","1",1,-0.161539860471104,-0.444114940592711,-1.01890877283321,-0.0849509912336239,0,1.34147440207727,1.62394871348918,-0.302304380306779,0.0675649386032631,-0.355988135781098
"1392","3472","1","0","1","1",0,-0.161539860471104,-0.444114940592711,-1.01890877283321,-0.0849509912336239,1.22459298388913,1.34147440207727,1.69612421186648,-0.302304380306779,0.0675649386032631,-0.355988135781098
"1393","3624","1","0","0","2",0,-0.517830468403387,-0.120353656913142,-0.455418664291706,1.21859961372233,-1.22459298388913,-1.34147440207727,-1.69612421186648,1.55803026773494,1.41886371066852,1.37001494679392
"1394","3624","1","0","0","2",0,-0.517830468403387,-0.120353656913142,-0.455418664291706,1.21859961372233,0,-1.34147440207727,-1.62394871348918,1.55803026773494,1.41886371066852,1.37001494679392
"1395","3624","1","0","0","2",0,-0.517830468403387,-0.120353656913142,-0.455418664291706,1.21859961372233,1.22459298388913,-1.34147440207727,-1.55177321511189,1.55803026773494,1.41886371066852,1.37001494679392
"1396","3624","0","0","0","2",0,-0.517830468403387,-0.120353656913142,-0.455418664291706,1.21859961372233,-1.22459298388913,-0.447158134025757,-1.47959771673459,1.55803026773494,1.41886371066852,1.37001494679392
"1397","3624","1","0","0","2",0,-0.517830468403387,-0.120353656913142,-0.455418664291706,1.21859961372233,0,-0.447158134025757,-1.40742221835729,1.55803026773494,1.41886371066852,1.37001494679392
"1398","3624","1","0","0","2",0,-0.517830468403387,-0.120353656913142,-0.455418664291706,1.21859961372233,1.22459298388913,-0.447158134025757,-1.33524671998,1.55803026773494,1.41886371066852,1.37001494679392
"1401","3624","1","0","0","2",0,-0.517830468403387,-0.120353656913142,-0.455418664291706,1.21859961372233,1.22459298388913,0.447158134025757,-1.1187202248481,1.55803026773494,1.41886371066852,1.37001494679392
"1402","3624","0","0","0","2",0,-0.517830468403387,-0.120353656913142,-0.455418664291706,1.21859961372233,-1.22459298388913,1.34147440207727,-1.04654472647081,1.55803026773494,1.41886371066852,1.37001494679392
"1404","3624","1","0","0","2",0,-0.517830468403387,-0.120353656913142,-0.455418664291706,1.21859961372233,1.22459298388913,1.34147440207727,-0.902193729716213,1.55803026773494,1.41886371066852,1.37001494679392
"1405","3624","0","0","0","2",0,-0.517830468403387,-0.120353656913142,-0.455418664291706,1.21859961372233,-1.22459298388913,-1.34147440207727,-0.830018231338916,1.55803026773494,1.41886371066852,1.37001494679392
"1406","3624","1","0","0","2",0,-0.517830468403387,-0.120353656913142,-0.455418664291706,1.21859961372233,0,-1.34147440207727,-0.757842732961619,1.55803026773494,1.41886371066852,1.37001494679392
"1407","3624","1","0","0","2",0,-0.517830468403387,-0.120353656913142,-0.455418664291706,1.21859961372233,1.22459298388913,-1.34147440207727,-0.685667234584322,1.55803026773494,1.41886371066852,1.37001494679392
"1408","3624","0","0","0","2",0,-0.517830468403387,-0.120353656913142,-0.455418664291706,1.21859961372233,-1.22459298388913,-0.447158134025757,-0.613491736207025,1.55803026773494,1.41886371066852,1.37001494679392
"1409","3624","1","0","0","2",0,-0.517830468403387,-0.120353656913142,-0.455418664291706,1.21859961372233,0,-0.447158134025757,-0.541316237829728,1.55803026773494,1.41886371066852,1.37001494679392
"1410","3624","1","0","0","2",0,-0.517830468403387,-0.120353656913142,-0.455418664291706,1.21859961372233,1.22459298388913,-0.447158134025757,-0.469140739452431,1.55803026773494,1.41886371066852,1.37001494679392
"1411","3624","0","0","0","2",0,-0.517830468403387,-0.120353656913142,-0.455418664291706,1.21859961372233,-1.22459298388913,0.447158134025757,-0.396965241075134,1.55803026773494,1.41886371066852,1.37001494679392
"1412","3624","1","0","0","2",1,-0.517830468403387,-0.120353656913142,-0.455418664291706,1.21859961372233,0,0.447158134025757,-0.324789742697837,1.55803026773494,1.41886371066852,1.37001494679392
"1413","3624","1","0","0","2",0,-0.517830468403387,-0.120353656913142,-0.455418664291706,1.21859961372233,1.22459298388913,0.447158134025757,-0.25261424432054,1.55803026773494,1.41886371066852,1.37001494679392
"1414","3624","0","0","0","2",0,-0.517830468403387,-0.120353656913142,-0.455418664291706,1.21859961372233,-1.22459298388913,1.34147440207727,-0.180438745943243,1.55803026773494,1.41886371066852,1.37001494679392
"1415","3624","1","0","0","2",0,-0.517830468403387,-0.120353656913142,-0.455418664291706,1.21859961372233,0,1.34147440207727,-0.108263247565946,1.55803026773494,1.41886371066852,1.37001494679392
"1416","3624","0","0","0","2",0,-0.517830468403387,-0.120353656913142,-0.455418664291706,1.21859961372233,1.22459298388913,1.34147440207727,-0.0360877491886485,1.55803026773494,1.41886371066852,1.37001494679392
"1417","3624","1","0","1","2",0,-0.517830468403387,-0.120353656913142,-0.455418664291706,1.21859961372233,-1.22459298388913,-1.34147440207727,0.0360877491886485,1.55803026773494,1.41886371066852,1.37001494679392
"1418","3624","1","0","1","2",0,-0.517830468403387,-0.120353656913142,-0.455418664291706,1.21859961372233,0,-1.34147440207727,0.108263247565946,1.55803026773494,1.41886371066852,1.37001494679392
"1419","3624","1","0","1","2",0,-0.517830468403387,-0.120353656913142,-0.455418664291706,1.21859961372233,1.22459298388913,-1.34147440207727,0.180438745943243,1.55803026773494,1.41886371066852,1.37001494679392
"1420","3624","0","0","1","2",0,-0.517830468403387,-0.120353656913142,-0.455418664291706,1.21859961372233,-1.22459298388913,-0.447158134025757,0.25261424432054,1.55803026773494,1.41886371066852,1.37001494679392
"1421","3624","0","0","1","2",0,-0.517830468403387,-0.120353656913142,-0.455418664291706,1.21859961372233,0,-0.447158134025757,0.324789742697837,1.55803026773494,1.41886371066852,1.37001494679392
"1422","3624","1","0","1","2",0,-0.517830468403387,-0.120353656913142,-0.455418664291706,1.21859961372233,1.22459298388913,-0.447158134025757,0.396965241075134,1.55803026773494,1.41886371066852,1.37001494679392
"1423","3624","0","0","1","2",0,-0.517830468403387,-0.120353656913142,-0.455418664291706,1.21859961372233,-1.22459298388913,0.447158134025757,0.469140739452431,1.55803026773494,1.41886371066852,1.37001494679392
"1425","3624","0","0","1","2",0,-0.517830468403387,-0.120353656913142,-0.455418664291706,1.21859961372233,1.22459298388913,0.447158134025757,0.613491736207025,1.55803026773494,1.41886371066852,1.37001494679392
"1426","3624","0","0","1","2",0,-0.517830468403387,-0.120353656913142,-0.455418664291706,1.21859961372233,-1.22459298388913,1.34147440207727,0.685667234584322,1.55803026773494,1.41886371066852,1.37001494679392
"1427","3624","0","0","1","2",0,-0.517830468403387,-0.120353656913142,-0.455418664291706,1.21859961372233,0,1.34147440207727,0.757842732961619,1.55803026773494,1.41886371066852,1.37001494679392
"1428","3624","1","0","1","2",0,-0.517830468403387,-0.120353656913142,-0.455418664291706,1.21859961372233,1.22459298388913,1.34147440207727,0.830018231338916,1.55803026773494,1.41886371066852,1.37001494679392
"1429","3624","0","0","1","2",0,-0.517830468403387,-0.120353656913142,-0.455418664291706,1.21859961372233,-1.22459298388913,-1.34147440207727,0.902193729716213,1.55803026773494,1.41886371066852,1.37001494679392
"1430","3624","0","0","1","2",0,-0.517830468403387,-0.120353656913142,-0.455418664291706,1.21859961372233,0,-1.34147440207727,0.97436922809351,1.55803026773494,1.41886371066852,1.37001494679392
"1431","3624","1","0","1","2",0,-0.517830468403387,-0.120353656913142,-0.455418664291706,1.21859961372233,1.22459298388913,-1.34147440207727,1.04654472647081,1.55803026773494,1.41886371066852,1.37001494679392
"1432","3624","0","0","1","2",0,-0.517830468403387,-0.120353656913142,-0.455418664291706,1.21859961372233,-1.22459298388913,-0.447158134025757,1.1187202248481,1.55803026773494,1.41886371066852,1.37001494679392
"1433","3624","1","0","1","2",0,-0.517830468403387,-0.120353656913142,-0.455418664291706,1.21859961372233,0,-0.447158134025757,1.1908957232254,1.55803026773494,1.41886371066852,1.37001494679392
"1434","3624","1","0","1","2",0,-0.517830468403387,-0.120353656913142,-0.455418664291706,1.21859961372233,1.22459298388913,-0.447158134025757,1.2630712216027,1.55803026773494,1.41886371066852,1.37001494679392
"1435","3624","0","0","1","2",0,-0.517830468403387,-0.120353656913142,-0.455418664291706,1.21859961372233,-1.22459298388913,0.447158134025757,1.33524671998,1.55803026773494,1.41886371066852,1.37001494679392
"1436","3624","0","0","1","2",0,-0.517830468403387,-0.120353656913142,-0.455418664291706,1.21859961372233,0,0.447158134025757,1.40742221835729,1.55803026773494,1.41886371066852,1.37001494679392
"1437","3624","1","0","1","2",0,-0.517830468403387,-0.120353656913142,-0.455418664291706,1.21859961372233,1.22459298388913,0.447158134025757,1.47959771673459,1.55803026773494,1.41886371066852,1.37001494679392
"1438","3624","0","0","1","2",0,-0.517830468403387,-0.120353656913142,-0.455418664291706,1.21859961372233,-1.22459298388913,1.34147440207727,1.55177321511189,1.55803026773494,1.41886371066852,1.37001494679392
"1439","3624","0","0","1","2",0,-0.517830468403387,-0.120353656913142,-0.455418664291706,1.21859961372233,0,1.34147440207727,1.62394871348918,1.55803026773494,1.41886371066852,1.37001494679392
"1440","3624","1","0","1","2",0,-0.517830468403387,-0.120353656913142,-0.455418664291706,1.21859961372233,1.22459298388913,1.34147440207727,1.69612421186648,1.55803026773494,1.41886371066852,1.37001494679392
"1441","3771","1","1","0","1",0,-0.145158683094907,-0.948904038802791,-0.455418664291706,-0.0849509912336239,-1.22459298388913,-1.34147440207727,-1.69612421186648,-0.302304380306779,0.0675649386032631,-0.355988135781098
"1442","3771","1","1","0","1",0,-0.145158683094907,-0.948904038802791,-0.455418664291706,-0.0849509912336239,0,-1.34147440207727,-1.62394871348918,-0.302304380306779,0.0675649386032631,-0.355988135781098
"1443","3771","0","1","0","1",0,-0.145158683094907,-0.948904038802791,-0.455418664291706,-0.0849509912336239,1.22459298388913,-1.34147440207727,-1.55177321511189,-0.302304380306779,0.0675649386032631,-0.355988135781098
"1444","3771","1","1","0","1",0,-0.145158683094907,-0.948904038802791,-0.455418664291706,-0.0849509912336239,-1.22459298388913,-0.447158134025757,-1.47959771673459,-0.302304380306779,0.0675649386032631,-0.355988135781098
"1445","3771","1","1","0","1",0,-0.145158683094907,-0.948904038802791,-0.455418664291706,-0.0849509912336239,0,-0.447158134025757,-1.40742221835729,-0.302304380306779,0.0675649386032631,-0.355988135781098
"1446","3771","1","1","0","1",0,-0.145158683094907,-0.948904038802791,-0.455418664291706,-0.0849509912336239,1.22459298388913,-0.447158134025757,-1.33524671998,-0.302304380306779,0.0675649386032631,-0.355988135781098
"1447","3771","1","1","0","1",0,-0.145158683094907,-0.948904038802791,-0.455418664291706,-0.0849509912336239,-1.22459298388913,0.447158134025757,-1.2630712216027,-0.302304380306779,0.0675649386032631,-0.355988135781098
"1448","3771","1","1","0","1",0,-0.145158683094907,-0.948904038802791,-0.455418664291706,-0.0849509912336239,0,0.447158134025757,-1.1908957232254,-0.302304380306779,0.0675649386032631,-0.355988135781098
"1449","3771","1","1","0","1",0,-0.145158683094907,-0.948904038802791,-0.455418664291706,-0.0849509912336239,1.22459298388913,0.447158134025757,-1.1187202248481,-0.302304380306779,0.0675649386032631,-0.355988135781098
"1450","3771","1","1","0","1",0,-0.145158683094907,-0.948904038802791,-0.455418664291706,-0.0849509912336239,-1.22459298388913,1.34147440207727,-1.04654472647081,-0.302304380306779,0.0675649386032631,-0.355988135781098
"1451","3771","1","1","0","1",0,-0.145158683094907,-0.948904038802791,-0.455418664291706,-0.0849509912336239,0,1.34147440207727,-0.97436922809351,-0.302304380306779,0.0675649386032631,-0.355988135781098
"1452","3771","1","1","0","1",0,-0.145158683094907,-0.948904038802791,-0.455418664291706,-0.0849509912336239,1.22459298388913,1.34147440207727,-0.902193729716213,-0.302304380306779,0.0675649386032631,-0.355988135781098
"1453","3771","1","1","0","1",0,-0.145158683094907,-0.948904038802791,-0.455418664291706,-0.0849509912336239,-1.22459298388913,-1.34147440207727,-0.830018231338916,-0.302304380306779,0.0675649386032631,-0.355988135781098
"1454","3771","1","1","0","1",0,-0.145158683094907,-0.948904038802791,-0.455418664291706,-0.0849509912336239,0,-1.34147440207727,-0.757842732961619,-0.302304380306779,0.0675649386032631,-0.355988135781098
"1455","3771","1","1","0","1",0,-0.145158683094907,-0.948904038802791,-0.455418664291706,-0.0849509912336239,1.22459298388913,-1.34147440207727,-0.685667234584322,-0.302304380306779,0.0675649386032631,-0.355988135781098
"1456","3771","1","1","0","1",0,-0.145158683094907,-0.948904038802791,-0.455418664291706,-0.0849509912336239,-1.22459298388913,-0.447158134025757,-0.613491736207025,-0.302304380306779,0.0675649386032631,-0.355988135781098
"1457","3771","1","1","0","1",0,-0.145158683094907,-0.948904038802791,-0.455418664291706,-0.0849509912336239,0,-0.447158134025757,-0.541316237829728,-0.302304380306779,0.0675649386032631,-0.355988135781098
"1458","3771","1","1","0","1",0,-0.145158683094907,-0.948904038802791,-0.455418664291706,-0.0849509912336239,1.22459298388913,-0.447158134025757,-0.469140739452431,-0.302304380306779,0.0675649386032631,-0.355988135781098
"1459","3771","1","1","0","1",0,-0.145158683094907,-0.948904038802791,-0.455418664291706,-0.0849509912336239,-1.22459298388913,0.447158134025757,-0.396965241075134,-0.302304380306779,0.0675649386032631,-0.355988135781098
"1460","3771","1","1","0","1",0,-0.145158683094907,-0.948904038802791,-0.455418664291706,-0.0849509912336239,0,0.447158134025757,-0.324789742697837,-0.302304380306779,0.0675649386032631,-0.355988135781098
"1462","3771","1","1","0","1",0,-0.145158683094907,-0.948904038802791,-0.455418664291706,-0.0849509912336239,-1.22459298388913,1.34147440207727,-0.180438745943243,-0.302304380306779,0.0675649386032631,-0.355988135781098
"1463","3771","1","1","0","1",0,-0.145158683094907,-0.948904038802791,-0.455418664291706,-0.0849509912336239,0,1.34147440207727,-0.108263247565946,-0.302304380306779,0.0675649386032631,-0.355988135781098
"1464","3771","1","1","0","1",0,-0.145158683094907,-0.948904038802791,-0.455418664291706,-0.0849509912336239,1.22459298388913,1.34147440207727,-0.0360877491886485,-0.302304380306779,0.0675649386032631,-0.355988135781098
"1465","3771","1","1","1","1",0,-0.145158683094907,-0.948904038802791,-0.455418664291706,-0.0849509912336239,-1.22459298388913,-1.34147440207727,0.0360877491886485,-0.302304380306779,0.0675649386032631,-0.355988135781098
"1466","3771","1","1","1","1",0,-0.145158683094907,-0.948904038802791,-0.455418664291706,-0.0849509912336239,0,-1.34147440207727,0.108263247565946,-0.302304380306779,0.0675649386032631,-0.355988135781098
"1467","3771","1","1","1","1",0,-0.145158683094907,-0.948904038802791,-0.455418664291706,-0.0849509912336239,1.22459298388913,-1.34147440207727,0.180438745943243,-0.302304380306779,0.0675649386032631,-0.355988135781098
"1468","3771","1","1","1","1",0,-0.145158683094907,-0.948904038802791,-0.455418664291706,-0.0849509912336239,-1.22459298388913,-0.447158134025757,0.25261424432054,-0.302304380306779,0.0675649386032631,-0.355988135781098
"1469","3771","1","1","1","1",0,-0.145158683094907,-0.948904038802791,-0.455418664291706,-0.0849509912336239,0,-0.447158134025757,0.324789742697837,-0.302304380306779,0.0675649386032631,-0.355988135781098
"1470","3771","0","1","1","1",0,-0.145158683094907,-0.948904038802791,-0.455418664291706,-0.0849509912336239,1.22459298388913,-0.447158134025757,0.396965241075134,-0.302304380306779,0.0675649386032631,-0.355988135781098
"1471","3771","1","1","1","1",0,-0.145158683094907,-0.948904038802791,-0.455418664291706,-0.0849509912336239,-1.22459298388913,0.447158134025757,0.469140739452431,-0.302304380306779,0.0675649386032631,-0.355988135781098
"1472","3771","1","1","1","1",0,-0.145158683094907,-0.948904038802791,-0.455418664291706,-0.0849509912336239,0,0.447158134025757,0.541316237829728,-0.302304380306779,0.0675649386032631,-0.355988135781098
"1473","3771","1","1","1","1",1,-0.145158683094907,-0.948904038802791,-0.455418664291706,-0.0849509912336239,1.22459298388913,0.447158134025757,0.613491736207025,-0.302304380306779,0.0675649386032631,-0.355988135781098
"1474","3771","1","1","1","1",0,-0.145158683094907,-0.948904038802791,-0.455418664291706,-0.0849509912336239,-1.22459298388913,1.34147440207727,0.685667234584322,-0.302304380306779,0.0675649386032631,-0.355988135781098
"1475","3771","1","1","1","1",0,-0.145158683094907,-0.948904038802791,-0.455418664291706,-0.0849509912336239,0,1.34147440207727,0.757842732961619,-0.302304380306779,0.0675649386032631,-0.355988135781098
"1476","3771","1","1","1","1",0,-0.145158683094907,-0.948904038802791,-0.455418664291706,-0.0849509912336239,1.22459298388913,1.34147440207727,0.830018231338916,-0.302304380306779,0.0675649386032631,-0.355988135781098
"1477","3771","1","1","1","1",0,-0.145158683094907,-0.948904038802791,-0.455418664291706,-0.0849509912336239,-1.22459298388913,-1.34147440207727,0.902193729716213,-0.302304380306779,0.0675649386032631,-0.355988135781098
"1478","3771","1","1","1","1",0,-0.145158683094907,-0.948904038802791,-0.455418664291706,-0.0849509912336239,0,-1.34147440207727,0.97436922809351,-0.302304380306779,0.0675649386032631,-0.355988135781098
"1479","3771","1","1","1","1",0,-0.145158683094907,-0.948904038802791,-0.455418664291706,-0.0849509912336239,1.22459298388913,-1.34147440207727,1.04654472647081,-0.302304380306779,0.0675649386032631,-0.355988135781098
"1480","3771","1","1","1","1",0,-0.145158683094907,-0.948904038802791,-0.455418664291706,-0.0849509912336239,-1.22459298388913,-0.447158134025757,1.1187202248481,-0.302304380306779,0.0675649386032631,-0.355988135781098
"1482","3771","1","1","1","1",0,-0.145158683094907,-0.948904038802791,-0.455418664291706,-0.0849509912336239,1.22459298388913,-0.447158134025757,1.2630712216027,-0.302304380306779,0.0675649386032631,-0.355988135781098
"1483","3771","1","1","1","1",0,-0.145158683094907,-0.948904038802791,-0.455418664291706,-0.0849509912336239,-1.22459298388913,0.447158134025757,1.33524671998,-0.302304380306779,0.0675649386032631,-0.355988135781098
"1484","3771","1","1","1","1",0,-0.145158683094907,-0.948904038802791,-0.455418664291706,-0.0849509912336239,0,0.447158134025757,1.40742221835729,-0.302304380306779,0.0675649386032631,-0.355988135781098
"1485","3771","1","1","1","1",0,-0.145158683094907,-0.948904038802791,-0.455418664291706,-0.0849509912336239,1.22459298388913,0.447158134025757,1.47959771673459,-0.302304380306779,0.0675649386032631,-0.355988135781098
"1486","3771","1","1","1","1",0,-0.145158683094907,-0.948904038802791,-0.455418664291706,-0.0849509912336239,-1.22459298388913,1.34147440207727,1.55177321511189,-0.302304380306779,0.0675649386032631,-0.355988135781098
"1487","3771","1","1","1","1",0,-0.145158683094907,-0.948904038802791,-0.455418664291706,-0.0849509912336239,0,1.34147440207727,1.62394871348918,-0.302304380306779,0.0675649386032631,-0.355988135781098
"1488","3771","1","1","1","1",0,-0.145158683094907,-0.948904038802791,-0.455418664291706,-0.0849509912336239,1.22459298388913,1.34147440207727,1.69612421186648,-0.302304380306779,0.0675649386032631,-0.355988135781098
"1489","3928","1","1","0","1",0,3.36205139314885,1.62958188354847,1.79583917942565,1.87115735954061,-1.22459298388913,-1.34147440207727,-1.69612421186648,-1.54252747900125,-1.283733833462,-1.21898967706861
"1490","3928","1","1","0","1",0,3.36205139314885,1.62958188354847,1.79583917942565,1.87115735954061,0,-1.34147440207727,-1.62394871348918,-1.54252747900125,-1.283733833462,-1.21898967706861
"1491","3928","1","1","0","1",0,3.36205139314885,1.62958188354847,1.79583917942565,1.87115735954061,1.22459298388913,-1.34147440207727,-1.55177321511189,-1.54252747900125,-1.283733833462,-1.21898967706861
"1493","3928","1","1","0","1",0,3.36205139314885,1.62958188354847,1.79583917942565,1.87115735954061,0,-0.447158134025757,-1.40742221835729,-1.54252747900125,-1.283733833462,-1.21898967706861
"1495","3928","1","1","0","1",0,3.36205139314885,1.62958188354847,1.79583917942565,1.87115735954061,-1.22459298388913,0.447158134025757,-1.2630712216027,-1.54252747900125,-1.283733833462,-1.21898967706861
"1496","3928","1","1","0","1",0,3.36205139314885,1.62958188354847,1.79583917942565,1.87115735954061,0,0.447158134025757,-1.1908957232254,-1.54252747900125,-1.283733833462,-1.21898967706861
"1497","3928","1","1","0","1",0,3.36205139314885,1.62958188354847,1.79583917942565,1.87115735954061,1.22459298388913,0.447158134025757,-1.1187202248481,-1.54252747900125,-1.283733833462,-1.21898967706861
"1500","3928","0","1","0","1",0,3.36205139314885,1.62958188354847,1.79583917942565,1.87115735954061,1.22459298388913,1.34147440207727,-0.902193729716213,-1.54252747900125,-1.283733833462,-1.21898967706861
"1501","3928","1","1","0","1",0,3.36205139314885,1.62958188354847,1.79583917942565,1.87115735954061,-1.22459298388913,-1.34147440207727,-0.830018231338916,-1.54252747900125,-1.283733833462,-1.21898967706861
"1502","3928","1","1","0","1",0,3.36205139314885,1.62958188354847,1.79583917942565,1.87115735954061,0,-1.34147440207727,-0.757842732961619,-1.54252747900125,-1.283733833462,-1.21898967706861
"1503","3928","1","1","0","1",1,3.36205139314885,1.62958188354847,1.79583917942565,1.87115735954061,1.22459298388913,-1.34147440207727,-0.685667234584322,-1.54252747900125,-1.283733833462,-1.21898967706861
"1504","3928","0","1","0","1",0,3.36205139314885,1.62958188354847,1.79583917942565,1.87115735954061,-1.22459298388913,-0.447158134025757,-0.613491736207025,-1.54252747900125,-1.283733833462,-1.21898967706861
"1505","3928","1","1","0","1",1,3.36205139314885,1.62958188354847,1.79583917942565,1.87115735954061,0,-0.447158134025757,-0.541316237829728,-1.54252747900125,-1.283733833462,-1.21898967706861
"1506","3928","1","1","0","1",1,3.36205139314885,1.62958188354847,1.79583917942565,1.87115735954061,1.22459298388913,-0.447158134025757,-0.469140739452431,-1.54252747900125,-1.283733833462,-1.21898967706861
"1507","3928","1","1","0","1",0,3.36205139314885,1.62958188354847,1.79583917942565,1.87115735954061,-1.22459298388913,0.447158134025757,-0.396965241075134,-1.54252747900125,-1.283733833462,-1.21898967706861
"1508","3928","1","1","0","1",0,3.36205139314885,1.62958188354847,1.79583917942565,1.87115735954061,0,0.447158134025757,-0.324789742697837,-1.54252747900125,-1.283733833462,-1.21898967706861
"1509","3928","1","1","0","1",1,3.36205139314885,1.62958188354847,1.79583917942565,1.87115735954061,1.22459298388913,0.447158134025757,-0.25261424432054,-1.54252747900125,-1.283733833462,-1.21898967706861
"1510","3928","1","1","0","1",0,3.36205139314885,1.62958188354847,1.79583917942565,1.87115735954061,-1.22459298388913,1.34147440207727,-0.180438745943243,-1.54252747900125,-1.283733833462,-1.21898967706861
"1511","3928","1","1","0","1",0,3.36205139314885,1.62958188354847,1.79583917942565,1.87115735954061,0,1.34147440207727,-0.108263247565946,-1.54252747900125,-1.283733833462,-1.21898967706861
"1512","3928","1","1","0","1",0,3.36205139314885,1.62958188354847,1.79583917942565,1.87115735954061,1.22459298388913,1.34147440207727,-0.0360877491886485,-1.54252747900125,-1.283733833462,-1.21898967706861
"1513","3928","1","1","1","1",0,3.36205139314885,1.62958188354847,1.79583917942565,1.87115735954061,-1.22459298388913,-1.34147440207727,0.0360877491886485,-1.54252747900125,-1.283733833462,-1.21898967706861
"1514","3928","1","1","1","1",0,3.36205139314885,1.62958188354847,1.79583917942565,1.87115735954061,0,-1.34147440207727,0.108263247565946,-1.54252747900125,-1.283733833462,-1.21898967706861
"1516","3928","1","1","1","1",0,3.36205139314885,1.62958188354847,1.79583917942565,1.87115735954061,-1.22459298388913,-0.447158134025757,0.25261424432054,-1.54252747900125,-1.283733833462,-1.21898967706861
"1518","3928","1","1","1","1",0,3.36205139314885,1.62958188354847,1.79583917942565,1.87115735954061,1.22459298388913,-0.447158134025757,0.396965241075134,-1.54252747900125,-1.283733833462,-1.21898967706861
"1519","3928","1","1","1","1",0,3.36205139314885,1.62958188354847,1.79583917942565,1.87115735954061,-1.22459298388913,0.447158134025757,0.469140739452431,-1.54252747900125,-1.283733833462,-1.21898967706861
"1520","3928","1","1","1","1",0,3.36205139314885,1.62958188354847,1.79583917942565,1.87115735954061,0,0.447158134025757,0.541316237829728,-1.54252747900125,-1.283733833462,-1.21898967706861
"1522","3928","1","1","1","1",0,3.36205139314885,1.62958188354847,1.79583917942565,1.87115735954061,-1.22459298388913,1.34147440207727,0.685667234584322,-1.54252747900125,-1.283733833462,-1.21898967706861
"1523","3928","1","1","1","1",0,3.36205139314885,1.62958188354847,1.79583917942565,1.87115735954061,0,1.34147440207727,0.757842732961619,-1.54252747900125,-1.283733833462,-1.21898967706861
"1524","3928","1","1","1","1",1,3.36205139314885,1.62958188354847,1.79583917942565,1.87115735954061,1.22459298388913,1.34147440207727,0.830018231338916,-1.54252747900125,-1.283733833462,-1.21898967706861
"1525","3928","1","1","1","1",1,3.36205139314885,1.62958188354847,1.79583917942565,1.87115735954061,-1.22459298388913,-1.34147440207727,0.902193729716213,-1.54252747900125,-1.283733833462,-1.21898967706861
"1526","3928","1","1","1","1",0,3.36205139314885,1.62958188354847,1.79583917942565,1.87115735954061,0,-1.34147440207727,0.97436922809351,-1.54252747900125,-1.283733833462,-1.21898967706861
"1529","3928","1","1","1","1",1,3.36205139314885,1.62958188354847,1.79583917942565,1.87115735954061,0,-0.447158134025757,1.1908957232254,-1.54252747900125,-1.283733833462,-1.21898967706861
"1530","3928","1","1","1","1",1,3.36205139314885,1.62958188354847,1.79583917942565,1.87115735954061,1.22459298388913,-0.447158134025757,1.2630712216027,-1.54252747900125,-1.283733833462,-1.21898967706861
"1531","3928","1","1","1","1",1,3.36205139314885,1.62958188354847,1.79583917942565,1.87115735954061,-1.22459298388913,0.447158134025757,1.33524671998,-1.54252747900125,-1.283733833462,-1.21898967706861
"1532","3928","1","1","1","1",1,3.36205139314885,1.62958188354847,1.79583917942565,1.87115735954061,0,0.447158134025757,1.40742221835729,-1.54252747900125,-1.283733833462,-1.21898967706861
"1533","3928","1","1","1","1",0,3.36205139314885,1.62958188354847,1.79583917942565,1.87115735954061,1.22459298388913,0.447158134025757,1.47959771673459,-1.54252747900125,-1.283733833462,-1.21898967706861
"1534","3928","1","1","1","1",1,3.36205139314885,1.62958188354847,1.79583917942565,1.87115735954061,-1.22459298388913,1.34147440207727,1.55177321511189,-1.54252747900125,-1.283733833462,-1.21898967706861
"1535","3928","1","1","1","1",1,3.36205139314885,1.62958188354847,1.79583917942565,1.87115735954061,0,1.34147440207727,1.62394871348918,-1.54252747900125,-1.283733833462,-1.21898967706861
"1536","3928","1","1","1","1",1,3.36205139314885,1.62958188354847,1.79583917942565,1.87115735954061,1.22459298388913,1.34147440207727,1.69612421186648,-1.54252747900125,-1.283733833462,-1.21898967706861
"1537","4164","1","0","0","1",0,-0.517830468403387,1.22691103968893,0.670210257566974,0.566041867904042,-1.22459298388913,-1.34147440207727,-1.69612421186648,-0.922415929654017,-1.283733833462,-1.21898967706861
"1538","4164","1","0","0","1",0,-0.517830468403387,1.22691103968893,0.670210257566974,0.566041867904042,0,-1.34147440207727,-1.62394871348918,-0.922415929654017,-1.283733833462,-1.21898967706861
"1539","4164","0","0","0","1",0,-0.517830468403387,1.22691103968893,0.670210257566974,0.566041867904042,1.22459298388913,-1.34147440207727,-1.55177321511189,-0.922415929654017,-1.283733833462,-1.21898967706861
"1540","4164","0","0","0","1",0,-0.517830468403387,1.22691103968893,0.670210257566974,0.566041867904042,-1.22459298388913,-0.447158134025757,-1.47959771673459,-0.922415929654017,-1.283733833462,-1.21898967706861
"1541","4164","0","0","0","1",0,-0.517830468403387,1.22691103968893,0.670210257566974,0.566041867904042,0,-0.447158134025757,-1.40742221835729,-0.922415929654017,-1.283733833462,-1.21898967706861
"1542","4164","0","0","0","1",0,-0.517830468403387,1.22691103968893,0.670210257566974,0.566041867904042,1.22459298388913,-0.447158134025757,-1.33524671998,-0.922415929654017,-1.283733833462,-1.21898967706861
"1543","4164","1","0","0","1",0,-0.517830468403387,1.22691103968893,0.670210257566974,0.566041867904042,-1.22459298388913,0.447158134025757,-1.2630712216027,-0.922415929654017,-1.283733833462,-1.21898967706861
"1544","4164","0","0","0","1",0,-0.517830468403387,1.22691103968893,0.670210257566974,0.566041867904042,0,0.447158134025757,-1.1908957232254,-0.922415929654017,-1.283733833462,-1.21898967706861
"1547","4164","1","0","0","1",0,-0.517830468403387,1.22691103968893,0.670210257566974,0.566041867904042,0,1.34147440207727,-0.97436922809351,-0.922415929654017,-1.283733833462,-1.21898967706861
"1548","4164","0","0","0","1",0,-0.517830468403387,1.22691103968893,0.670210257566974,0.566041867904042,1.22459298388913,1.34147440207727,-0.902193729716213,-0.922415929654017,-1.283733833462,-1.21898967706861
"1549","4164","1","0","0","1",1,-0.517830468403387,1.22691103968893,0.670210257566974,0.566041867904042,-1.22459298388913,-1.34147440207727,-0.830018231338916,-0.922415929654017,-1.283733833462,-1.21898967706861
"1550","4164","1","0","0","1",0,-0.517830468403387,1.22691103968893,0.670210257566974,0.566041867904042,0,-1.34147440207727,-0.757842732961619,-0.922415929654017,-1.283733833462,-1.21898967706861
"1551","4164","1","0","0","1",0,-0.517830468403387,1.22691103968893,0.670210257566974,0.566041867904042,1.22459298388913,-1.34147440207727,-0.685667234584322,-0.922415929654017,-1.283733833462,-1.21898967706861
"1552","4164","1","0","0","1",1,-0.517830468403387,1.22691103968893,0.670210257566974,0.566041867904042,-1.22459298388913,-0.447158134025757,-0.613491736207025,-0.922415929654017,-1.283733833462,-1.21898967706861
"1553","4164","1","0","0","1",0,-0.517830468403387,1.22691103968893,0.670210257566974,0.566041867904042,0,-0.447158134025757,-0.541316237829728,-0.922415929654017,-1.283733833462,-1.21898967706861
"1554","4164","1","0","0","1",0,-0.517830468403387,1.22691103968893,0.670210257566974,0.566041867904042,1.22459298388913,-0.447158134025757,-0.469140739452431,-0.922415929654017,-1.283733833462,-1.21898967706861
"1555","4164","1","0","0","1",0,-0.517830468403387,1.22691103968893,0.670210257566974,0.566041867904042,-1.22459298388913,0.447158134025757,-0.396965241075134,-0.922415929654017,-1.283733833462,-1.21898967706861
"1556","4164","1","0","0","1",0,-0.517830468403387,1.22691103968893,0.670210257566974,0.566041867904042,0,0.447158134025757,-0.324789742697837,-0.922415929654017,-1.283733833462,-1.21898967706861
"1557","4164","1","0","0","1",0,-0.517830468403387,1.22691103968893,0.670210257566974,0.566041867904042,1.22459298388913,0.447158134025757,-0.25261424432054,-0.922415929654017,-1.283733833462,-1.21898967706861
"1558","4164","1","0","0","1",1,-0.517830468403387,1.22691103968893,0.670210257566974,0.566041867904042,-1.22459298388913,1.34147440207727,-0.180438745943243,-0.922415929654017,-1.283733833462,-1.21898967706861
"1559","4164","1","0","0","1",0,-0.517830468403387,1.22691103968893,0.670210257566974,0.566041867904042,0,1.34147440207727,-0.108263247565946,-0.922415929654017,-1.283733833462,-1.21898967706861
"1560","4164","1","0","0","1",0,-0.517830468403387,1.22691103968893,0.670210257566974,0.566041867904042,1.22459298388913,1.34147440207727,-0.0360877491886485,-0.922415929654017,-1.283733833462,-1.21898967706861
"1562","4164","1","0","1","1",0,-0.517830468403387,1.22691103968893,0.670210257566974,0.566041867904042,0,-1.34147440207727,0.108263247565946,-0.922415929654017,-1.283733833462,-1.21898967706861
"1563","4164","1","0","1","1",0,-0.517830468403387,1.22691103968893,0.670210257566974,0.566041867904042,1.22459298388913,-1.34147440207727,0.180438745943243,-0.922415929654017,-1.283733833462,-1.21898967706861
"1565","4164","1","0","1","1",0,-0.517830468403387,1.22691103968893,0.670210257566974,0.566041867904042,0,-0.447158134025757,0.324789742697837,-0.922415929654017,-1.283733833462,-1.21898967706861
"1566","4164","1","0","1","1",0,-0.517830468403387,1.22691103968893,0.670210257566974,0.566041867904042,1.22459298388913,-0.447158134025757,0.396965241075134,-0.922415929654017,-1.283733833462,-1.21898967706861
"1567","4164","1","0","1","1",0,-0.517830468403387,1.22691103968893,0.670210257566974,0.566041867904042,-1.22459298388913,0.447158134025757,0.469140739452431,-0.922415929654017,-1.283733833462,-1.21898967706861
"1568","4164","1","0","1","1",0,-0.517830468403387,1.22691103968893,0.670210257566974,0.566041867904042,0,0.447158134025757,0.541316237829728,-0.922415929654017,-1.283733833462,-1.21898967706861
"1569","4164","1","0","1","1",0,-0.517830468403387,1.22691103968893,0.670210257566974,0.566041867904042,1.22459298388913,0.447158134025757,0.613491736207025,-0.922415929654017,-1.283733833462,-1.21898967706861
"1571","4164","1","0","1","1",0,-0.517830468403387,1.22691103968893,0.670210257566974,0.566041867904042,0,1.34147440207727,0.757842732961619,-0.922415929654017,-1.283733833462,-1.21898967706861
"1572","4164","1","0","1","1",0,-0.517830468403387,1.22691103968893,0.670210257566974,0.566041867904042,1.22459298388913,1.34147440207727,0.830018231338916,-0.922415929654017,-1.283733833462,-1.21898967706861
"1573","4164","1","0","1","1",0,-0.517830468403387,1.22691103968893,0.670210257566974,0.566041867904042,-1.22459298388913,-1.34147440207727,0.902193729716213,-0.922415929654017,-1.283733833462,-1.21898967706861
"1574","4164","1","0","1","1",0,-0.517830468403387,1.22691103968893,0.670210257566974,0.566041867904042,0,-1.34147440207727,0.97436922809351,-0.922415929654017,-1.283733833462,-1.21898967706861
"1575","4164","1","0","1","1",0,-0.517830468403387,1.22691103968893,0.670210257566974,0.566041867904042,1.22459298388913,-1.34147440207727,1.04654472647081,-0.922415929654017,-1.283733833462,-1.21898967706861
"1576","4164","1","0","1","1",0,-0.517830468403387,1.22691103968893,0.670210257566974,0.566041867904042,-1.22459298388913,-0.447158134025757,1.1187202248481,-0.922415929654017,-1.283733833462,-1.21898967706861
"1577","4164","1","0","1","1",0,-0.517830468403387,1.22691103968893,0.670210257566974,0.566041867904042,0,-0.447158134025757,1.1908957232254,-0.922415929654017,-1.283733833462,-1.21898967706861
"1578","4164","1","0","1","1",0,-0.517830468403387,1.22691103968893,0.670210257566974,0.566041867904042,1.22459298388913,-0.447158134025757,1.2630712216027,-0.922415929654017,-1.283733833462,-1.21898967706861
"1579","4164","1","0","1","1",0,-0.517830468403387,1.22691103968893,0.670210257566974,0.566041867904042,-1.22459298388913,0.447158134025757,1.33524671998,-0.922415929654017,-1.283733833462,-1.21898967706861
"1580","4164","1","0","1","1",0,-0.517830468403387,1.22691103968893,0.670210257566974,0.566041867904042,0,0.447158134025757,1.40742221835729,-0.922415929654017,-1.283733833462,-1.21898967706861
"1581","4164","1","0","1","1",0,-0.517830468403387,1.22691103968893,0.670210257566974,0.566041867904042,1.22459298388913,0.447158134025757,1.47959771673459,-0.922415929654017,-1.283733833462,-1.21898967706861
"1582","4164","1","0","1","1",0,-0.517830468403387,1.22691103968893,0.670210257566974,0.566041867904042,-1.22459298388913,1.34147440207727,1.55177321511189,-0.922415929654017,-1.283733833462,-1.21898967706861
"1583","4164","1","0","1","1",0,-0.517830468403387,1.22691103968893,0.670210257566974,0.566041867904042,0,1.34147440207727,1.62394871348918,-0.922415929654017,-1.283733833462,-1.21898967706861
"1584","4164","1","0","1","1",0,-0.517830468403387,1.22691103968893,0.670210257566974,0.566041867904042,1.22459298388913,1.34147440207727,1.69612421186648,-0.922415929654017,-1.283733833462,-1.21898967706861
"1585","4231","1","0","0","2",0,-0.00591867539723304,0.985540620314919,0.670210257566974,-0.737508737051909,-1.22459298388913,-1.34147440207727,-1.69612421186648,0.937918718387698,1.41886371066852,1.37001494679392
"1586","4231","1","0","0","2",0,-0.00591867539723304,0.985540620314919,0.670210257566974,-0.737508737051909,0,-1.34147440207727,-1.62394871348918,0.937918718387698,1.41886371066852,1.37001494679392
"1587","4231","1","0","0","2",0,-0.00591867539723304,0.985540620314919,0.670210257566974,-0.737508737051909,1.22459298388913,-1.34147440207727,-1.55177321511189,0.937918718387698,1.41886371066852,1.37001494679392
"1588","4231","1","0","0","2",0,-0.00591867539723304,0.985540620314919,0.670210257566974,-0.737508737051909,-1.22459298388913,-0.447158134025757,-1.47959771673459,0.937918718387698,1.41886371066852,1.37001494679392
"1589","4231","1","0","0","2",0,-0.00591867539723304,0.985540620314919,0.670210257566974,-0.737508737051909,0,-0.447158134025757,-1.40742221835729,0.937918718387698,1.41886371066852,1.37001494679392
"1590","4231","1","0","0","2",0,-0.00591867539723304,0.985540620314919,0.670210257566974,-0.737508737051909,1.22459298388913,-0.447158134025757,-1.33524671998,0.937918718387698,1.41886371066852,1.37001494679392
"1591","4231","1","0","0","2",0,-0.00591867539723304,0.985540620314919,0.670210257566974,-0.737508737051909,-1.22459298388913,0.447158134025757,-1.2630712216027,0.937918718387698,1.41886371066852,1.37001494679392
"1592","4231","1","0","0","2",0,-0.00591867539723304,0.985540620314919,0.670210257566974,-0.737508737051909,0,0.447158134025757,-1.1908957232254,0.937918718387698,1.41886371066852,1.37001494679392
"1593","4231","1","0","0","2",0,-0.00591867539723304,0.985540620314919,0.670210257566974,-0.737508737051909,1.22459298388913,0.447158134025757,-1.1187202248481,0.937918718387698,1.41886371066852,1.37001494679392
"1594","4231","1","0","0","2",0,-0.00591867539723304,0.985540620314919,0.670210257566974,-0.737508737051909,-1.22459298388913,1.34147440207727,-1.04654472647081,0.937918718387698,1.41886371066852,1.37001494679392
"1595","4231","1","0","0","2",1,-0.00591867539723304,0.985540620314919,0.670210257566974,-0.737508737051909,0,1.34147440207727,-0.97436922809351,0.937918718387698,1.41886371066852,1.37001494679392
"1596","4231","1","0","0","2",0,-0.00591867539723304,0.985540620314919,0.670210257566974,-0.737508737051909,1.22459298388913,1.34147440207727,-0.902193729716213,0.937918718387698,1.41886371066852,1.37001494679392
"1597","4231","1","0","0","2",0,-0.00591867539723304,0.985540620314919,0.670210257566974,-0.737508737051909,-1.22459298388913,-1.34147440207727,-0.830018231338916,0.937918718387698,1.41886371066852,1.37001494679392
"1598","4231","1","0","0","2",0,-0.00591867539723304,0.985540620314919,0.670210257566974,-0.737508737051909,0,-1.34147440207727,-0.757842732961619,0.937918718387698,1.41886371066852,1.37001494679392
"1599","4231","1","0","0","2",1,-0.00591867539723304,0.985540620314919,0.670210257566974,-0.737508737051909,1.22459298388913,-1.34147440207727,-0.685667234584322,0.937918718387698,1.41886371066852,1.37001494679392
"1600","4231","1","0","0","2",0,-0.00591867539723304,0.985540620314919,0.670210257566974,-0.737508737051909,-1.22459298388913,-0.447158134025757,-0.613491736207025,0.937918718387698,1.41886371066852,1.37001494679392
"1601","4231","1","0","0","2",0,-0.00591867539723304,0.985540620314919,0.670210257566974,-0.737508737051909,0,-0.447158134025757,-0.541316237829728,0.937918718387698,1.41886371066852,1.37001494679392
"1602","4231","1","0","0","2",0,-0.00591867539723304,0.985540620314919,0.670210257566974,-0.737508737051909,1.22459298388913,-0.447158134025757,-0.469140739452431,0.937918718387698,1.41886371066852,1.37001494679392
"1603","4231","1","0","0","2",0,-0.00591867539723304,0.985540620314919,0.670210257566974,-0.737508737051909,-1.22459298388913,0.447158134025757,-0.396965241075134,0.937918718387698,1.41886371066852,1.37001494679392
"1604","4231","1","0","0","2",1,-0.00591867539723304,0.985540620314919,0.670210257566974,-0.737508737051909,0,0.447158134025757,-0.324789742697837,0.937918718387698,1.41886371066852,1.37001494679392
"1605","4231","1","0","0","2",0,-0.00591867539723304,0.985540620314919,0.670210257566974,-0.737508737051909,1.22459298388913,0.447158134025757,-0.25261424432054,0.937918718387698,1.41886371066852,1.37001494679392
"1606","4231","1","0","0","2",1,-0.00591867539723304,0.985540620314919,0.670210257566974,-0.737508737051909,-1.22459298388913,1.34147440207727,-0.180438745943243,0.937918718387698,1.41886371066852,1.37001494679392
"1607","4231","1","0","0","2",0,-0.00591867539723304,0.985540620314919,0.670210257566974,-0.737508737051909,0,1.34147440207727,-0.108263247565946,0.937918718387698,1.41886371066852,1.37001494679392
"1608","4231","1","0","0","2",0,-0.00591867539723304,0.985540620314919,0.670210257566974,-0.737508737051909,1.22459298388913,1.34147440207727,-0.0360877491886485,0.937918718387698,1.41886371066852,1.37001494679392
"1609","4231","1","0","1","2",0,-0.00591867539723304,0.985540620314919,0.670210257566974,-0.737508737051909,-1.22459298388913,-1.34147440207727,0.0360877491886485,0.937918718387698,1.41886371066852,1.37001494679392
"1610","4231","1","0","1","2",0,-0.00591867539723304,0.985540620314919,0.670210257566974,-0.737508737051909,0,-1.34147440207727,0.108263247565946,0.937918718387698,1.41886371066852,1.37001494679392
"1612","4231","1","0","1","2",0,-0.00591867539723304,0.985540620314919,0.670210257566974,-0.737508737051909,-1.22459298388913,-0.447158134025757,0.25261424432054,0.937918718387698,1.41886371066852,1.37001494679392
"1613","4231","1","0","1","2",0,-0.00591867539723304,0.985540620314919,0.670210257566974,-0.737508737051909,0,-0.447158134025757,0.324789742697837,0.937918718387698,1.41886371066852,1.37001494679392
"1614","4231","0","0","1","2",0,-0.00591867539723304,0.985540620314919,0.670210257566974,-0.737508737051909,1.22459298388913,-0.447158134025757,0.396965241075134,0.937918718387698,1.41886371066852,1.37001494679392
"1615","4231","1","0","1","2",0,-0.00591867539723304,0.985540620314919,0.670210257566974,-0.737508737051909,-1.22459298388913,0.447158134025757,0.469140739452431,0.937918718387698,1.41886371066852,1.37001494679392
"1617","4231","1","0","1","2",0,-0.00591867539723304,0.985540620314919,0.670210257566974,-0.737508737051909,1.22459298388913,0.447158134025757,0.613491736207025,0.937918718387698,1.41886371066852,1.37001494679392
"1619","4231","1","0","1","2",1,-0.00591867539723304,0.985540620314919,0.670210257566974,-0.737508737051909,0,1.34147440207727,0.757842732961619,0.937918718387698,1.41886371066852,1.37001494679392
"1620","4231","1","0","1","2",0,-0.00591867539723304,0.985540620314919,0.670210257566974,-0.737508737051909,1.22459298388913,1.34147440207727,0.830018231338916,0.937918718387698,1.41886371066852,1.37001494679392
"1621","4231","0","0","1","2",0,-0.00591867539723304,0.985540620314919,0.670210257566974,-0.737508737051909,-1.22459298388913,-1.34147440207727,0.902193729716213,0.937918718387698,1.41886371066852,1.37001494679392
"1622","4231","1","0","1","2",0,-0.00591867539723304,0.985540620314919,0.670210257566974,-0.737508737051909,0,-1.34147440207727,0.97436922809351,0.937918718387698,1.41886371066852,1.37001494679392
"1623","4231","1","0","1","2",0,-0.00591867539723304,0.985540620314919,0.670210257566974,-0.737508737051909,1.22459298388913,-1.34147440207727,1.04654472647081,0.937918718387698,1.41886371066852,1.37001494679392
"1624","4231","1","0","1","2",0,-0.00591867539723304,0.985540620314919,0.670210257566974,-0.737508737051909,-1.22459298388913,-0.447158134025757,1.1187202248481,0.937918718387698,1.41886371066852,1.37001494679392
"1625","4231","1","0","1","2",0,-0.00591867539723304,0.985540620314919,0.670210257566974,-0.737508737051909,0,-0.447158134025757,1.1908957232254,0.937918718387698,1.41886371066852,1.37001494679392
"1626","4231","1","0","1","2",0,-0.00591867539723304,0.985540620314919,0.670210257566974,-0.737508737051909,1.22459298388913,-0.447158134025757,1.2630712216027,0.937918718387698,1.41886371066852,1.37001494679392
"1627","4231","1","0","1","2",0,-0.00591867539723304,0.985540620314919,0.670210257566974,-0.737508737051909,-1.22459298388913,0.447158134025757,1.33524671998,0.937918718387698,1.41886371066852,1.37001494679392
"1628","4231","0","0","1","2",0,-0.00591867539723304,0.985540620314919,0.670210257566974,-0.737508737051909,0,0.447158134025757,1.40742221835729,0.937918718387698,1.41886371066852,1.37001494679392
"1629","4231","0","0","1","2",0,-0.00591867539723304,0.985540620314919,0.670210257566974,-0.737508737051909,1.22459298388913,0.447158134025757,1.47959771673459,0.937918718387698,1.41886371066852,1.37001494679392
"1630","4231","1","0","1","2",0,-0.00591867539723304,0.985540620314919,0.670210257566974,-0.737508737051909,-1.22459298388913,1.34147440207727,1.55177321511189,0.937918718387698,1.41886371066852,1.37001494679392
"1631","4231","1","0","1","2",0,-0.00591867539723304,0.985540620314919,0.670210257566974,-0.737508737051909,0,1.34147440207727,1.62394871348918,0.937918718387698,1.41886371066852,1.37001494679392
"1632","4231","0","0","1","2",0,-0.00591867539723304,0.985540620314919,0.670210257566974,-0.737508737051909,1.22459298388913,1.34147440207727,1.69612421186648,0.937918718387698,1.41886371066852,1.37001494679392
"1633","4241","1","1","0","1",0,2.06875743929811,0.791748023990589,1.79583917942565,1.21859961372233,-1.22459298388913,-1.34147440207727,-1.69612421186648,-0.922415929654017,-1.283733833462,-1.21898967706861
"1634","4241","1","1","0","1",0,2.06875743929811,0.791748023990589,1.79583917942565,1.21859961372233,0,-1.34147440207727,-1.62394871348918,-0.922415929654017,-1.283733833462,-1.21898967706861
"1635","4241","1","1","0","1",0,2.06875743929811,0.791748023990589,1.79583917942565,1.21859961372233,1.22459298388913,-1.34147440207727,-1.55177321511189,-0.922415929654017,-1.283733833462,-1.21898967706861
"1636","4241","1","1","0","1",0,2.06875743929811,0.791748023990589,1.79583917942565,1.21859961372233,-1.22459298388913,-0.447158134025757,-1.47959771673459,-0.922415929654017,-1.283733833462,-1.21898967706861
"1637","4241","0","1","0","1",0,2.06875743929811,0.791748023990589,1.79583917942565,1.21859961372233,0,-0.447158134025757,-1.40742221835729,-0.922415929654017,-1.283733833462,-1.21898967706861
"1638","4241","1","1","0","1",0,2.06875743929811,0.791748023990589,1.79583917942565,1.21859961372233,1.22459298388913,-0.447158134025757,-1.33524671998,-0.922415929654017,-1.283733833462,-1.21898967706861
"1639","4241","1","1","0","1",0,2.06875743929811,0.791748023990589,1.79583917942565,1.21859961372233,-1.22459298388913,0.447158134025757,-1.2630712216027,-0.922415929654017,-1.283733833462,-1.21898967706861
"1640","4241","1","1","0","1",0,2.06875743929811,0.791748023990589,1.79583917942565,1.21859961372233,0,0.447158134025757,-1.1908957232254,-0.922415929654017,-1.283733833462,-1.21898967706861
"1641","4241","1","1","0","1",0,2.06875743929811,0.791748023990589,1.79583917942565,1.21859961372233,1.22459298388913,0.447158134025757,-1.1187202248481,-0.922415929654017,-1.283733833462,-1.21898967706861
"1642","4241","1","1","0","1",1,2.06875743929811,0.791748023990589,1.79583917942565,1.21859961372233,-1.22459298388913,1.34147440207727,-1.04654472647081,-0.922415929654017,-1.283733833462,-1.21898967706861
"1643","4241","1","1","0","1",0,2.06875743929811,0.791748023990589,1.79583917942565,1.21859961372233,0,1.34147440207727,-0.97436922809351,-0.922415929654017,-1.283733833462,-1.21898967706861
"1644","4241","1","1","0","1",1,2.06875743929811,0.791748023990589,1.79583917942565,1.21859961372233,1.22459298388913,1.34147440207727,-0.902193729716213,-0.922415929654017,-1.283733833462,-1.21898967706861
"1645","4241","1","1","0","1",0,2.06875743929811,0.791748023990589,1.79583917942565,1.21859961372233,-1.22459298388913,-1.34147440207727,-0.830018231338916,-0.922415929654017,-1.283733833462,-1.21898967706861
"1646","4241","1","1","0","1",0,2.06875743929811,0.791748023990589,1.79583917942565,1.21859961372233,0,-1.34147440207727,-0.757842732961619,-0.922415929654017,-1.283733833462,-1.21898967706861
"1647","4241","1","1","0","1",0,2.06875743929811,0.791748023990589,1.79583917942565,1.21859961372233,1.22459298388913,-1.34147440207727,-0.685667234584322,-0.922415929654017,-1.283733833462,-1.21898967706861
"1648","4241","1","1","0","1",0,2.06875743929811,0.791748023990589,1.79583917942565,1.21859961372233,-1.22459298388913,-0.447158134025757,-0.613491736207025,-0.922415929654017,-1.283733833462,-1.21898967706861
"1649","4241","1","1","0","1",0,2.06875743929811,0.791748023990589,1.79583917942565,1.21859961372233,0,-0.447158134025757,-0.541316237829728,-0.922415929654017,-1.283733833462,-1.21898967706861
"1651","4241","1","1","0","1",0,2.06875743929811,0.791748023990589,1.79583917942565,1.21859961372233,-1.22459298388913,0.447158134025757,-0.396965241075134,-0.922415929654017,-1.283733833462,-1.21898967706861
"1654","4241","1","1","0","1",0,2.06875743929811,0.791748023990589,1.79583917942565,1.21859961372233,-1.22459298388913,1.34147440207727,-0.180438745943243,-0.922415929654017,-1.283733833462,-1.21898967706861
"1655","4241","1","1","0","1",1,2.06875743929811,0.791748023990589,1.79583917942565,1.21859961372233,0,1.34147440207727,-0.108263247565946,-0.922415929654017,-1.283733833462,-1.21898967706861
"1656","4241","1","1","0","1",0,2.06875743929811,0.791748023990589,1.79583917942565,1.21859961372233,1.22459298388913,1.34147440207727,-0.0360877491886485,-0.922415929654017,-1.283733833462,-1.21898967706861
"1657","4241","1","1","1","1",0,2.06875743929811,0.791748023990589,1.79583917942565,1.21859961372233,-1.22459298388913,-1.34147440207727,0.0360877491886485,-0.922415929654017,-1.283733833462,-1.21898967706861
"1658","4241","1","1","1","1",0,2.06875743929811,0.791748023990589,1.79583917942565,1.21859961372233,0,-1.34147440207727,0.108263247565946,-0.922415929654017,-1.283733833462,-1.21898967706861
"1659","4241","1","1","1","1",0,2.06875743929811,0.791748023990589,1.79583917942565,1.21859961372233,1.22459298388913,-1.34147440207727,0.180438745943243,-0.922415929654017,-1.283733833462,-1.21898967706861
"1660","4241","1","1","1","1",0,2.06875743929811,0.791748023990589,1.79583917942565,1.21859961372233,-1.22459298388913,-0.447158134025757,0.25261424432054,-0.922415929654017,-1.283733833462,-1.21898967706861
"1661","4241","1","1","1","1",0,2.06875743929811,0.791748023990589,1.79583917942565,1.21859961372233,0,-0.447158134025757,0.324789742697837,-0.922415929654017,-1.283733833462,-1.21898967706861
"1662","4241","1","1","1","1",1,2.06875743929811,0.791748023990589,1.79583917942565,1.21859961372233,1.22459298388913,-0.447158134025757,0.396965241075134,-0.922415929654017,-1.283733833462,-1.21898967706861
"1663","4241","1","1","1","1",0,2.06875743929811,0.791748023990589,1.79583917942565,1.21859961372233,-1.22459298388913,0.447158134025757,0.469140739452431,-0.922415929654017,-1.283733833462,-1.21898967706861
"1664","4241","1","1","1","1",1,2.06875743929811,0.791748023990589,1.79583917942565,1.21859961372233,0,0.447158134025757,0.541316237829728,-0.922415929654017,-1.283733833462,-1.21898967706861
"1665","4241","1","1","1","1",1,2.06875743929811,0.791748023990589,1.79583917942565,1.21859961372233,1.22459298388913,0.447158134025757,0.613491736207025,-0.922415929654017,-1.283733833462,-1.21898967706861
"1666","4241","1","1","1","1",0,2.06875743929811,0.791748023990589,1.79583917942565,1.21859961372233,-1.22459298388913,1.34147440207727,0.685667234584322,-0.922415929654017,-1.283733833462,-1.21898967706861
"1668","4241","1","1","1","1",0,2.06875743929811,0.791748023990589,1.79583917942565,1.21859961372233,1.22459298388913,1.34147440207727,0.830018231338916,-0.922415929654017,-1.283733833462,-1.21898967706861
"1670","4241","1","1","1","1",0,2.06875743929811,0.791748023990589,1.79583917942565,1.21859961372233,0,-1.34147440207727,0.97436922809351,-0.922415929654017,-1.283733833462,-1.21898967706861
"1672","4241","1","1","1","1",0,2.06875743929811,0.791748023990589,1.79583917942565,1.21859961372233,-1.22459298388913,-0.447158134025757,1.1187202248481,-0.922415929654017,-1.283733833462,-1.21898967706861
"1673","4241","1","1","1","1",0,2.06875743929811,0.791748023990589,1.79583917942565,1.21859961372233,0,-0.447158134025757,1.1908957232254,-0.922415929654017,-1.283733833462,-1.21898967706861
"1674","4241","1","1","1","1",1,2.06875743929811,0.791748023990589,1.79583917942565,1.21859961372233,1.22459298388913,-0.447158134025757,1.2630712216027,-0.922415929654017,-1.283733833462,-1.21898967706861
"1675","4241","1","1","1","1",0,2.06875743929811,0.791748023990589,1.79583917942565,1.21859961372233,-1.22459298388913,0.447158134025757,1.33524671998,-0.922415929654017,-1.283733833462,-1.21898967706861
"1676","4241","1","1","1","1",0,2.06875743929811,0.791748023990589,1.79583917942565,1.21859961372233,0,0.447158134025757,1.40742221835729,-0.922415929654017,-1.283733833462,-1.21898967706861
"1679","4241","1","1","1","1",1,2.06875743929811,0.791748023990589,1.79583917942565,1.21859961372233,0,1.34147440207727,1.62394871348918,-0.922415929654017,-1.283733833462,-1.21898967706861
"1680","4241","1","1","1","1",1,2.06875743929811,0.791748023990589,1.79583917942565,1.21859961372233,1.22459298388913,1.34147440207727,1.69612421186648,-0.922415929654017,-1.283733833462,-1.21898967706861
"1681","4625","1","1","0","1",0,-0.517830468403387,1.62958188354847,1.79583917942565,-0.737508737051909,-1.22459298388913,-1.34147440207727,-1.69612421186648,-0.302304380306779,0.0675649386032631,-0.355988135781098
"1682","4625","0","1","0","1",0,-0.517830468403387,1.62958188354847,1.79583917942565,-0.737508737051909,0,-1.34147440207727,-1.62394871348918,-0.302304380306779,0.0675649386032631,-0.355988135781098
"1683","4625","1","1","0","1",0,-0.517830468403387,1.62958188354847,1.79583917942565,-0.737508737051909,1.22459298388913,-1.34147440207727,-1.55177321511189,-0.302304380306779,0.0675649386032631,-0.355988135781098
"1684","4625","0","1","0","1",0,-0.517830468403387,1.62958188354847,1.79583917942565,-0.737508737051909,-1.22459298388913,-0.447158134025757,-1.47959771673459,-0.302304380306779,0.0675649386032631,-0.355988135781098
"1685","4625","1","1","0","1",0,-0.517830468403387,1.62958188354847,1.79583917942565,-0.737508737051909,0,-0.447158134025757,-1.40742221835729,-0.302304380306779,0.0675649386032631,-0.355988135781098
"1686","4625","0","1","0","1",0,-0.517830468403387,1.62958188354847,1.79583917942565,-0.737508737051909,1.22459298388913,-0.447158134025757,-1.33524671998,-0.302304380306779,0.0675649386032631,-0.355988135781098
"1687","4625","0","1","0","1",0,-0.517830468403387,1.62958188354847,1.79583917942565,-0.737508737051909,-1.22459298388913,0.447158134025757,-1.2630712216027,-0.302304380306779,0.0675649386032631,-0.355988135781098
"1688","4625","1","1","0","1",0,-0.517830468403387,1.62958188354847,1.79583917942565,-0.737508737051909,0,0.447158134025757,-1.1908957232254,-0.302304380306779,0.0675649386032631,-0.355988135781098
"1689","4625","0","1","0","1",0,-0.517830468403387,1.62958188354847,1.79583917942565,-0.737508737051909,1.22459298388913,0.447158134025757,-1.1187202248481,-0.302304380306779,0.0675649386032631,-0.355988135781098
"1690","4625","1","1","0","1",0,-0.517830468403387,1.62958188354847,1.79583917942565,-0.737508737051909,-1.22459298388913,1.34147440207727,-1.04654472647081,-0.302304380306779,0.0675649386032631,-0.355988135781098
"1691","4625","1","1","0","1",0,-0.517830468403387,1.62958188354847,1.79583917942565,-0.737508737051909,0,1.34147440207727,-0.97436922809351,-0.302304380306779,0.0675649386032631,-0.355988135781098
"1692","4625","0","1","0","1",0,-0.517830468403387,1.62958188354847,1.79583917942565,-0.737508737051909,1.22459298388913,1.34147440207727,-0.902193729716213,-0.302304380306779,0.0675649386032631,-0.355988135781098
"1693","4625","1","1","0","1",1,-0.517830468403387,1.62958188354847,1.79583917942565,-0.737508737051909,-1.22459298388913,-1.34147440207727,-0.830018231338916,-0.302304380306779,0.0675649386032631,-0.355988135781098
"1694","4625","1","1","0","1",1,-0.517830468403387,1.62958188354847,1.79583917942565,-0.737508737051909,0,-1.34147440207727,-0.757842732961619,-0.302304380306779,0.0675649386032631,-0.355988135781098
"1695","4625","0","1","0","1",0,-0.517830468403387,1.62958188354847,1.79583917942565,-0.737508737051909,1.22459298388913,-1.34147440207727,-0.685667234584322,-0.302304380306779,0.0675649386032631,-0.355988135781098
"1696","4625","0","1","0","1",0,-0.517830468403387,1.62958188354847,1.79583917942565,-0.737508737051909,-1.22459298388913,-0.447158134025757,-0.613491736207025,-0.302304380306779,0.0675649386032631,-0.355988135781098
"1697","4625","0","1","0","1",0,-0.517830468403387,1.62958188354847,1.79583917942565,-0.737508737051909,0,-0.447158134025757,-0.541316237829728,-0.302304380306779,0.0675649386032631,-0.355988135781098
"1698","4625","0","1","0","1",0,-0.517830468403387,1.62958188354847,1.79583917942565,-0.737508737051909,1.22459298388913,-0.447158134025757,-0.469140739452431,-0.302304380306779,0.0675649386032631,-0.355988135781098
"1699","4625","0","1","0","1",0,-0.517830468403387,1.62958188354847,1.79583917942565,-0.737508737051909,-1.22459298388913,0.447158134025757,-0.396965241075134,-0.302304380306779,0.0675649386032631,-0.355988135781098
"1700","4625","0","1","0","1",0,-0.517830468403387,1.62958188354847,1.79583917942565,-0.737508737051909,0,0.447158134025757,-0.324789742697837,-0.302304380306779,0.0675649386032631,-0.355988135781098
"1701","4625","1","1","0","1",0,-0.517830468403387,1.62958188354847,1.79583917942565,-0.737508737051909,1.22459298388913,0.447158134025757,-0.25261424432054,-0.302304380306779,0.0675649386032631,-0.355988135781098
"1702","4625","0","1","0","1",0,-0.517830468403387,1.62958188354847,1.79583917942565,-0.737508737051909,-1.22459298388913,1.34147440207727,-0.180438745943243,-0.302304380306779,0.0675649386032631,-0.355988135781098
"1703","4625","0","1","0","1",0,-0.517830468403387,1.62958188354847,1.79583917942565,-0.737508737051909,0,1.34147440207727,-0.108263247565946,-0.302304380306779,0.0675649386032631,-0.355988135781098
"1704","4625","0","1","0","1",0,-0.517830468403387,1.62958188354847,1.79583917942565,-0.737508737051909,1.22459298388913,1.34147440207727,-0.0360877491886485,-0.302304380306779,0.0675649386032631,-0.355988135781098
"1707","4625","0","1","1","1",0,-0.517830468403387,1.62958188354847,1.79583917942565,-0.737508737051909,1.22459298388913,-1.34147440207727,0.180438745943243,-0.302304380306779,0.0675649386032631,-0.355988135781098
"1710","4625","0","1","1","1",0,-0.517830468403387,1.62958188354847,1.79583917942565,-0.737508737051909,1.22459298388913,-0.447158134025757,0.396965241075134,-0.302304380306779,0.0675649386032631,-0.355988135781098
"1711","4625","1","1","1","1",0,-0.517830468403387,1.62958188354847,1.79583917942565,-0.737508737051909,-1.22459298388913,0.447158134025757,0.469140739452431,-0.302304380306779,0.0675649386032631,-0.355988135781098
"1712","4625","1","1","1","1",0,-0.517830468403387,1.62958188354847,1.79583917942565,-0.737508737051909,0,0.447158134025757,0.541316237829728,-0.302304380306779,0.0675649386032631,-0.355988135781098
"1713","4625","1","1","1","1",0,-0.517830468403387,1.62958188354847,1.79583917942565,-0.737508737051909,1.22459298388913,0.447158134025757,0.613491736207025,-0.302304380306779,0.0675649386032631,-0.355988135781098
"1714","4625","0","1","1","1",0,-0.517830468403387,1.62958188354847,1.79583917942565,-0.737508737051909,-1.22459298388913,1.34147440207727,0.685667234584322,-0.302304380306779,0.0675649386032631,-0.355988135781098
"1715","4625","0","1","1","1",0,-0.517830468403387,1.62958188354847,1.79583917942565,-0.737508737051909,0,1.34147440207727,0.757842732961619,-0.302304380306779,0.0675649386032631,-0.355988135781098
"1716","4625","1","1","1","1",0,-0.517830468403387,1.62958188354847,1.79583917942565,-0.737508737051909,1.22459298388913,1.34147440207727,0.830018231338916,-0.302304380306779,0.0675649386032631,-0.355988135781098
"1717","4625","0","1","1","1",0,-0.517830468403387,1.62958188354847,1.79583917942565,-0.737508737051909,-1.22459298388913,-1.34147440207727,0.902193729716213,-0.302304380306779,0.0675649386032631,-0.355988135781098
"1718","4625","1","1","1","1",0,-0.517830468403387,1.62958188354847,1.79583917942565,-0.737508737051909,0,-1.34147440207727,0.97436922809351,-0.302304380306779,0.0675649386032631,-0.355988135781098
"1719","4625","1","1","1","1",0,-0.517830468403387,1.62958188354847,1.79583917942565,-0.737508737051909,1.22459298388913,-1.34147440207727,1.04654472647081,-0.302304380306779,0.0675649386032631,-0.355988135781098
"1720","4625","0","1","1","1",0,-0.517830468403387,1.62958188354847,1.79583917942565,-0.737508737051909,-1.22459298388913,-0.447158134025757,1.1187202248481,-0.302304380306779,0.0675649386032631,-0.355988135781098
"1721","4625","0","1","1","1",0,-0.517830468403387,1.62958188354847,1.79583917942565,-0.737508737051909,0,-0.447158134025757,1.1908957232254,-0.302304380306779,0.0675649386032631,-0.355988135781098
"1722","4625","1","1","1","1",0,-0.517830468403387,1.62958188354847,1.79583917942565,-0.737508737051909,1.22459298388913,-0.447158134025757,1.2630712216027,-0.302304380306779,0.0675649386032631,-0.355988135781098
"1724","4625","0","1","1","1",0,-0.517830468403387,1.62958188354847,1.79583917942565,-0.737508737051909,0,0.447158134025757,1.40742221835729,-0.302304380306779,0.0675649386032631,-0.355988135781098
"1725","4625","0","1","1","1",0,-0.517830468403387,1.62958188354847,1.79583917942565,-0.737508737051909,1.22459298388913,0.447158134025757,1.47959771673459,-0.302304380306779,0.0675649386032631,-0.355988135781098
"1726","4625","1","1","1","1",0,-0.517830468403387,1.62958188354847,1.79583917942565,-0.737508737051909,-1.22459298388913,1.34147440207727,1.55177321511189,-0.302304380306779,0.0675649386032631,-0.355988135781098
"1727","4625","1","1","1","1",0,-0.517830468403387,1.62958188354847,1.79583917942565,-0.737508737051909,0,1.34147440207727,1.62394871348918,-0.302304380306779,0.0675649386032631,-0.355988135781098
"1728","4625","0","1","1","1",0,-0.517830468403387,1.62958188354847,1.79583917942565,-0.737508737051909,1.22459298388913,1.34147440207727,1.69612421186648,-0.302304380306779,0.0675649386032631,-0.355988135781098
"1729","4920","1","0","0","1",0,-0.161539860471104,0.0606741576173693,-0.455418664291706,-0.0849509912336239,-1.22459298388913,-1.34147440207727,-1.69612421186648,-0.922415929654017,-1.283733833462,-1.21898967706861
"1730","4920","1","0","0","1",0,-0.161539860471104,0.0606741576173693,-0.455418664291706,-0.0849509912336239,0,-1.34147440207727,-1.62394871348918,-0.922415929654017,-1.283733833462,-1.21898967706861
"1731","4920","1","0","0","1",0,-0.161539860471104,0.0606741576173693,-0.455418664291706,-0.0849509912336239,1.22459298388913,-1.34147440207727,-1.55177321511189,-0.922415929654017,-1.283733833462,-1.21898967706861
"1732","4920","1","0","0","1",0,-0.161539860471104,0.0606741576173693,-0.455418664291706,-0.0849509912336239,-1.22459298388913,-0.447158134025757,-1.47959771673459,-0.922415929654017,-1.283733833462,-1.21898967706861
"1733","4920","1","0","0","1",0,-0.161539860471104,0.0606741576173693,-0.455418664291706,-0.0849509912336239,0,-0.447158134025757,-1.40742221835729,-0.922415929654017,-1.283733833462,-1.21898967706861
"1734","4920","1","0","0","1",0,-0.161539860471104,0.0606741576173693,-0.455418664291706,-0.0849509912336239,1.22459298388913,-0.447158134025757,-1.33524671998,-0.922415929654017,-1.283733833462,-1.21898967706861
"1735","4920","1","0","0","1",0,-0.161539860471104,0.0606741576173693,-0.455418664291706,-0.0849509912336239,-1.22459298388913,0.447158134025757,-1.2630712216027,-0.922415929654017,-1.283733833462,-1.21898967706861
"1736","4920","1","0","0","1",0,-0.161539860471104,0.0606741576173693,-0.455418664291706,-0.0849509912336239,0,0.447158134025757,-1.1908957232254,-0.922415929654017,-1.283733833462,-1.21898967706861
"1737","4920","1","0","0","1",0,-0.161539860471104,0.0606741576173693,-0.455418664291706,-0.0849509912336239,1.22459298388913,0.447158134025757,-1.1187202248481,-0.922415929654017,-1.283733833462,-1.21898967706861
"1738","4920","1","0","0","1",0,-0.161539860471104,0.0606741576173693,-0.455418664291706,-0.0849509912336239,-1.22459298388913,1.34147440207727,-1.04654472647081,-0.922415929654017,-1.283733833462,-1.21898967706861
"1739","4920","1","0","0","1",0,-0.161539860471104,0.0606741576173693,-0.455418664291706,-0.0849509912336239,0,1.34147440207727,-0.97436922809351,-0.922415929654017,-1.283733833462,-1.21898967706861
"1740","4920","1","0","0","1",0,-0.161539860471104,0.0606741576173693,-0.455418664291706,-0.0849509912336239,1.22459298388913,1.34147440207727,-0.902193729716213,-0.922415929654017,-1.283733833462,-1.21898967706861
"1741","4920","1","0","0","1",0,-0.161539860471104,0.0606741576173693,-0.455418664291706,-0.0849509912336239,-1.22459298388913,-1.34147440207727,-0.830018231338916,-0.922415929654017,-1.283733833462,-1.21898967706861
"1742","4920","1","0","0","1",0,-0.161539860471104,0.0606741576173693,-0.455418664291706,-0.0849509912336239,0,-1.34147440207727,-0.757842732961619,-0.922415929654017,-1.283733833462,-1.21898967706861
"1743","4920","1","0","0","1",1,-0.161539860471104,0.0606741576173693,-0.455418664291706,-0.0849509912336239,1.22459298388913,-1.34147440207727,-0.685667234584322,-0.922415929654017,-1.283733833462,-1.21898967706861
"1744","4920","1","0","0","1",0,-0.161539860471104,0.0606741576173693,-0.455418664291706,-0.0849509912336239,-1.22459298388913,-0.447158134025757,-0.613491736207025,-0.922415929654017,-1.283733833462,-1.21898967706861
"1745","4920","1","0","0","1",0,-0.161539860471104,0.0606741576173693,-0.455418664291706,-0.0849509912336239,0,-0.447158134025757,-0.541316237829728,-0.922415929654017,-1.283733833462,-1.21898967706861
"1747","4920","1","0","0","1",0,-0.161539860471104,0.0606741576173693,-0.455418664291706,-0.0849509912336239,-1.22459298388913,0.447158134025757,-0.396965241075134,-0.922415929654017,-1.283733833462,-1.21898967706861
"1748","4920","1","0","0","1",0,-0.161539860471104,0.0606741576173693,-0.455418664291706,-0.0849509912336239,0,0.447158134025757,-0.324789742697837,-0.922415929654017,-1.283733833462,-1.21898967706861
"1749","4920","1","0","0","1",0,-0.161539860471104,0.0606741576173693,-0.455418664291706,-0.0849509912336239,1.22459298388913,0.447158134025757,-0.25261424432054,-0.922415929654017,-1.283733833462,-1.21898967706861
"1750","4920","1","0","0","1",0,-0.161539860471104,0.0606741576173693,-0.455418664291706,-0.0849509912336239,-1.22459298388913,1.34147440207727,-0.180438745943243,-0.922415929654017,-1.283733833462,-1.21898967706861
"1751","4920","1","0","0","1",0,-0.161539860471104,0.0606741576173693,-0.455418664291706,-0.0849509912336239,0,1.34147440207727,-0.108263247565946,-0.922415929654017,-1.283733833462,-1.21898967706861
"1752","4920","1","0","0","1",1,-0.161539860471104,0.0606741576173693,-0.455418664291706,-0.0849509912336239,1.22459298388913,1.34147440207727,-0.0360877491886485,-0.922415929654017,-1.283733833462,-1.21898967706861
"1753","4920","1","0","1","1",0,-0.161539860471104,0.0606741576173693,-0.455418664291706,-0.0849509912336239,-1.22459298388913,-1.34147440207727,0.0360877491886485,-0.922415929654017,-1.283733833462,-1.21898967706861
"1754","4920","1","0","1","1",0,-0.161539860471104,0.0606741576173693,-0.455418664291706,-0.0849509912336239,0,-1.34147440207727,0.108263247565946,-0.922415929654017,-1.283733833462,-1.21898967706861
"1756","4920","1","0","1","1",0,-0.161539860471104,0.0606741576173693,-0.455418664291706,-0.0849509912336239,-1.22459298388913,-0.447158134025757,0.25261424432054,-0.922415929654017,-1.283733833462,-1.21898967706861
"1757","4920","1","0","1","1",0,-0.161539860471104,0.0606741576173693,-0.455418664291706,-0.0849509912336239,0,-0.447158134025757,0.324789742697837,-0.922415929654017,-1.283733833462,-1.21898967706861
"1758","4920","1","0","1","1",1,-0.161539860471104,0.0606741576173693,-0.455418664291706,-0.0849509912336239,1.22459298388913,-0.447158134025757,0.396965241075134,-0.922415929654017,-1.283733833462,-1.21898967706861
"1759","4920","1","0","1","1",0,-0.161539860471104,0.0606741576173693,-0.455418664291706,-0.0849509912336239,-1.22459298388913,0.447158134025757,0.469140739452431,-0.922415929654017,-1.283733833462,-1.21898967706861
"1760","4920","1","0","1","1",0,-0.161539860471104,0.0606741576173693,-0.455418664291706,-0.0849509912336239,0,0.447158134025757,0.541316237829728,-0.922415929654017,-1.283733833462,-1.21898967706861
"1761","4920","1","0","1","1",0,-0.161539860471104,0.0606741576173693,-0.455418664291706,-0.0849509912336239,1.22459298388913,0.447158134025757,0.613491736207025,-0.922415929654017,-1.283733833462,-1.21898967706861
"1762","4920","1","0","1","1",0,-0.161539860471104,0.0606741576173693,-0.455418664291706,-0.0849509912336239,-1.22459298388913,1.34147440207727,0.685667234584322,-0.922415929654017,-1.283733833462,-1.21898967706861
"1763","4920","1","0","1","1",0,-0.161539860471104,0.0606741576173693,-0.455418664291706,-0.0849509912336239,0,1.34147440207727,0.757842732961619,-0.922415929654017,-1.283733833462,-1.21898967706861
"1764","4920","1","0","1","1",0,-0.161539860471104,0.0606741576173693,-0.455418664291706,-0.0849509912336239,1.22459298388913,1.34147440207727,0.830018231338916,-0.922415929654017,-1.283733833462,-1.21898967706861
"1765","4920","1","0","1","1",0,-0.161539860471104,0.0606741576173693,-0.455418664291706,-0.0849509912336239,-1.22459298388913,-1.34147440207727,0.902193729716213,-0.922415929654017,-1.283733833462,-1.21898967706861
"1766","4920","1","0","1","1",0,-0.161539860471104,0.0606741576173693,-0.455418664291706,-0.0849509912336239,0,-1.34147440207727,0.97436922809351,-0.922415929654017,-1.283733833462,-1.21898967706861
"1767","4920","1","0","1","1",0,-0.161539860471104,0.0606741576173693,-0.455418664291706,-0.0849509912336239,1.22459298388913,-1.34147440207727,1.04654472647081,-0.922415929654017,-1.283733833462,-1.21898967706861
"1768","4920","1","0","1","1",0,-0.161539860471104,0.0606741576173693,-0.455418664291706,-0.0849509912336239,-1.22459298388913,-0.447158134025757,1.1187202248481,-0.922415929654017,-1.283733833462,-1.21898967706861
"1769","4920","1","0","1","1",0,-0.161539860471104,0.0606741576173693,-0.455418664291706,-0.0849509912336239,0,-0.447158134025757,1.1908957232254,-0.922415929654017,-1.283733833462,-1.21898967706861
"1770","4920","1","0","1","1",0,-0.161539860471104,0.0606741576173693,-0.455418664291706,-0.0849509912336239,1.22459298388913,-0.447158134025757,1.2630712216027,-0.922415929654017,-1.283733833462,-1.21898967706861
"1771","4920","1","0","1","1",0,-0.161539860471104,0.0606741576173693,-0.455418664291706,-0.0849509912336239,-1.22459298388913,0.447158134025757,1.33524671998,-0.922415929654017,-1.283733833462,-1.21898967706861
"1772","4920","1","0","1","1",0,-0.161539860471104,0.0606741576173693,-0.455418664291706,-0.0849509912336239,0,0.447158134025757,1.40742221835729,-0.922415929654017,-1.283733833462,-1.21898967706861
"1773","4920","1","0","1","1",0,-0.161539860471104,0.0606741576173693,-0.455418664291706,-0.0849509912336239,1.22459298388913,0.447158134025757,1.47959771673459,-0.922415929654017,-1.283733833462,-1.21898967706861
"1774","4920","1","0","1","1",0,-0.161539860471104,0.0606741576173693,-0.455418664291706,-0.0849509912336239,-1.22459298388913,1.34147440207727,1.55177321511189,-0.922415929654017,-1.283733833462,-1.21898967706861
"1775","4920","1","0","1","1",0,-0.161539860471104,0.0606741576173693,-0.455418664291706,-0.0849509912336239,0,1.34147440207727,1.62394871348918,-0.922415929654017,-1.283733833462,-1.21898967706861
"1776","4920","1","0","1","1",0,-0.161539860471104,0.0606741576173693,-0.455418664291706,-0.0849509912336239,1.22459298388913,1.34147440207727,1.69612421186648,-0.922415929654017,-1.283733833462,-1.21898967706861
"1777","4961","1","1","0","1",0,1.89102166476637,1.37196537825505,1.79583917942565,1.87115735954061,-1.22459298388913,-1.34147440207727,-1.69612421186648,-0.302304380306779,0.0675649386032631,-0.355988135781098
"1778","4961","1","1","0","1",0,1.89102166476637,1.37196537825505,1.79583917942565,1.87115735954061,0,-1.34147440207727,-1.62394871348918,-0.302304380306779,0.0675649386032631,-0.355988135781098
"1779","4961","1","1","0","1",0,1.89102166476637,1.37196537825505,1.79583917942565,1.87115735954061,1.22459298388913,-1.34147440207727,-1.55177321511189,-0.302304380306779,0.0675649386032631,-0.355988135781098
"1780","4961","1","1","0","1",0,1.89102166476637,1.37196537825505,1.79583917942565,1.87115735954061,-1.22459298388913,-0.447158134025757,-1.47959771673459,-0.302304380306779,0.0675649386032631,-0.355988135781098
"1781","4961","1","1","0","1",0,1.89102166476637,1.37196537825505,1.79583917942565,1.87115735954061,0,-0.447158134025757,-1.40742221835729,-0.302304380306779,0.0675649386032631,-0.355988135781098
"1782","4961","1","1","0","1",0,1.89102166476637,1.37196537825505,1.79583917942565,1.87115735954061,1.22459298388913,-0.447158134025757,-1.33524671998,-0.302304380306779,0.0675649386032631,-0.355988135781098
"1783","4961","1","1","0","1",0,1.89102166476637,1.37196537825505,1.79583917942565,1.87115735954061,-1.22459298388913,0.447158134025757,-1.2630712216027,-0.302304380306779,0.0675649386032631,-0.355988135781098
"1784","4961","1","1","0","1",0,1.89102166476637,1.37196537825505,1.79583917942565,1.87115735954061,0,0.447158134025757,-1.1908957232254,-0.302304380306779,0.0675649386032631,-0.355988135781098
"1785","4961","1","1","0","1",0,1.89102166476637,1.37196537825505,1.79583917942565,1.87115735954061,1.22459298388913,0.447158134025757,-1.1187202248481,-0.302304380306779,0.0675649386032631,-0.355988135781098
"1786","4961","1","1","0","1",0,1.89102166476637,1.37196537825505,1.79583917942565,1.87115735954061,-1.22459298388913,1.34147440207727,-1.04654472647081,-0.302304380306779,0.0675649386032631,-0.355988135781098
"1787","4961","1","1","0","1",0,1.89102166476637,1.37196537825505,1.79583917942565,1.87115735954061,0,1.34147440207727,-0.97436922809351,-0.302304380306779,0.0675649386032631,-0.355988135781098
"1788","4961","1","1","0","1",1,1.89102166476637,1.37196537825505,1.79583917942565,1.87115735954061,1.22459298388913,1.34147440207727,-0.902193729716213,-0.302304380306779,0.0675649386032631,-0.355988135781098
"1789","4961","1","1","0","1",1,1.89102166476637,1.37196537825505,1.79583917942565,1.87115735954061,-1.22459298388913,-1.34147440207727,-0.830018231338916,-0.302304380306779,0.0675649386032631,-0.355988135781098
"1791","4961","1","1","0","1",0,1.89102166476637,1.37196537825505,1.79583917942565,1.87115735954061,1.22459298388913,-1.34147440207727,-0.685667234584322,-0.302304380306779,0.0675649386032631,-0.355988135781098
"1792","4961","1","1","0","1",0,1.89102166476637,1.37196537825505,1.79583917942565,1.87115735954061,-1.22459298388913,-0.447158134025757,-0.613491736207025,-0.302304380306779,0.0675649386032631,-0.355988135781098
"1794","4961","1","1","0","1",0,1.89102166476637,1.37196537825505,1.79583917942565,1.87115735954061,1.22459298388913,-0.447158134025757,-0.469140739452431,-0.302304380306779,0.0675649386032631,-0.355988135781098
"1795","4961","1","1","0","1",0,1.89102166476637,1.37196537825505,1.79583917942565,1.87115735954061,-1.22459298388913,0.447158134025757,-0.396965241075134,-0.302304380306779,0.0675649386032631,-0.355988135781098
"1796","4961","1","1","0","1",1,1.89102166476637,1.37196537825505,1.79583917942565,1.87115735954061,0,0.447158134025757,-0.324789742697837,-0.302304380306779,0.0675649386032631,-0.355988135781098
"1797","4961","1","1","0","1",1,1.89102166476637,1.37196537825505,1.79583917942565,1.87115735954061,1.22459298388913,0.447158134025757,-0.25261424432054,-0.302304380306779,0.0675649386032631,-0.355988135781098
"1799","4961","1","1","0","1",0,1.89102166476637,1.37196537825505,1.79583917942565,1.87115735954061,0,1.34147440207727,-0.108263247565946,-0.302304380306779,0.0675649386032631,-0.355988135781098
"1802","4961","1","1","1","1",1,1.89102166476637,1.37196537825505,1.79583917942565,1.87115735954061,0,-1.34147440207727,0.108263247565946,-0.302304380306779,0.0675649386032631,-0.355988135781098
"1803","4961","1","1","1","1",0,1.89102166476637,1.37196537825505,1.79583917942565,1.87115735954061,1.22459298388913,-1.34147440207727,0.180438745943243,-0.302304380306779,0.0675649386032631,-0.355988135781098
"1804","4961","1","1","1","1",0,1.89102166476637,1.37196537825505,1.79583917942565,1.87115735954061,-1.22459298388913,-0.447158134025757,0.25261424432054,-0.302304380306779,0.0675649386032631,-0.355988135781098
"1805","4961","1","1","1","1",1,1.89102166476637,1.37196537825505,1.79583917942565,1.87115735954061,0,-0.447158134025757,0.324789742697837,-0.302304380306779,0.0675649386032631,-0.355988135781098
"1806","4961","0","1","1","1",0,1.89102166476637,1.37196537825505,1.79583917942565,1.87115735954061,1.22459298388913,-0.447158134025757,0.396965241075134,-0.302304380306779,0.0675649386032631,-0.355988135781098
"1807","4961","1","1","1","1",0,1.89102166476637,1.37196537825505,1.79583917942565,1.87115735954061,-1.22459298388913,0.447158134025757,0.469140739452431,-0.302304380306779,0.0675649386032631,-0.355988135781098
"1810","4961","1","1","1","1",1,1.89102166476637,1.37196537825505,1.79583917942565,1.87115735954061,-1.22459298388913,1.34147440207727,0.685667234584322,-0.302304380306779,0.0675649386032631,-0.355988135781098
"1811","4961","1","1","1","1",1,1.89102166476637,1.37196537825505,1.79583917942565,1.87115735954061,0,1.34147440207727,0.757842732961619,-0.302304380306779,0.0675649386032631,-0.355988135781098
"1812","4961","1","1","1","1",1,1.89102166476637,1.37196537825505,1.79583917942565,1.87115735954061,1.22459298388913,1.34147440207727,0.830018231338916,-0.302304380306779,0.0675649386032631,-0.355988135781098
"1813","4961","1","1","1","1",0,1.89102166476637,1.37196537825505,1.79583917942565,1.87115735954061,-1.22459298388913,-1.34147440207727,0.902193729716213,-0.302304380306779,0.0675649386032631,-0.355988135781098
"1814","4961","1","1","1","1",0,1.89102166476637,1.37196537825505,1.79583917942565,1.87115735954061,0,-1.34147440207727,0.97436922809351,-0.302304380306779,0.0675649386032631,-0.355988135781098
"1817","4961","1","1","1","1",0,1.89102166476637,1.37196537825505,1.79583917942565,1.87115735954061,0,-0.447158134025757,1.1908957232254,-0.302304380306779,0.0675649386032631,-0.355988135781098
"1818","4961","1","1","1","1",0,1.89102166476637,1.37196537825505,1.79583917942565,1.87115735954061,1.22459298388913,-0.447158134025757,1.2630712216027,-0.302304380306779,0.0675649386032631,-0.355988135781098
"1819","4961","1","1","1","1",0,1.89102166476637,1.37196537825505,1.79583917942565,1.87115735954061,-1.22459298388913,0.447158134025757,1.33524671998,-0.302304380306779,0.0675649386032631,-0.355988135781098
"1820","4961","1","1","1","1",0,1.89102166476637,1.37196537825505,1.79583917942565,1.87115735954061,0,0.447158134025757,1.40742221835729,-0.302304380306779,0.0675649386032631,-0.355988135781098
"1821","4961","1","1","1","1",0,1.89102166476637,1.37196537825505,1.79583917942565,1.87115735954061,1.22459298388913,0.447158134025757,1.47959771673459,-0.302304380306779,0.0675649386032631,-0.355988135781098
"1822","4961","0","1","1","1",0,1.89102166476637,1.37196537825505,1.79583917942565,1.87115735954061,-1.22459298388913,1.34147440207727,1.55177321511189,-0.302304380306779,0.0675649386032631,-0.355988135781098
"1823","4961","1","1","1","1",0,1.89102166476637,1.37196537825505,1.79583917942565,1.87115735954061,0,1.34147440207727,1.62394871348918,-0.302304380306779,0.0675649386032631,-0.355988135781098
"1824","4961","1","1","1","1",0,1.89102166476637,1.37196537825505,1.79583917942565,1.87115735954061,1.22459298388913,1.34147440207727,1.69612421186648,-0.302304380306779,0.0675649386032631,-0.355988135781098
"1825","5096","1","1","0","1",0,-0.517830468403387,-0.948904038802791,-1.01890877283321,-0.737508737051909,-1.22459298388913,-1.34147440207727,-1.69612421186648,-0.302304380306779,0.0675649386032631,-0.355988135781098
"1826","5096","1","1","0","1",0,-0.517830468403387,-0.948904038802791,-1.01890877283321,-0.737508737051909,0,-1.34147440207727,-1.62394871348918,-0.302304380306779,0.0675649386032631,-0.355988135781098
"1827","5096","1","1","0","1",0,-0.517830468403387,-0.948904038802791,-1.01890877283321,-0.737508737051909,1.22459298388913,-1.34147440207727,-1.55177321511189,-0.302304380306779,0.0675649386032631,-0.355988135781098
"1828","5096","1","1","0","1",0,-0.517830468403387,-0.948904038802791,-1.01890877283321,-0.737508737051909,-1.22459298388913,-0.447158134025757,-1.47959771673459,-0.302304380306779,0.0675649386032631,-0.355988135781098
"1829","5096","1","1","0","1",0,-0.517830468403387,-0.948904038802791,-1.01890877283321,-0.737508737051909,0,-0.447158134025757,-1.40742221835729,-0.302304380306779,0.0675649386032631,-0.355988135781098
"1830","5096","1","1","0","1",0,-0.517830468403387,-0.948904038802791,-1.01890877283321,-0.737508737051909,1.22459298388913,-0.447158134025757,-1.33524671998,-0.302304380306779,0.0675649386032631,-0.355988135781098
"1831","5096","1","1","0","1",0,-0.517830468403387,-0.948904038802791,-1.01890877283321,-0.737508737051909,-1.22459298388913,0.447158134025757,-1.2630712216027,-0.302304380306779,0.0675649386032631,-0.355988135781098
"1832","5096","1","1","0","1",0,-0.517830468403387,-0.948904038802791,-1.01890877283321,-0.737508737051909,0,0.447158134025757,-1.1908957232254,-0.302304380306779,0.0675649386032631,-0.355988135781098
"1833","5096","1","1","0","1",0,-0.517830468403387,-0.948904038802791,-1.01890877283321,-0.737508737051909,1.22459298388913,0.447158134025757,-1.1187202248481,-0.302304380306779,0.0675649386032631,-0.355988135781098
"1834","5096","1","1","0","1",0,-0.517830468403387,-0.948904038802791,-1.01890877283321,-0.737508737051909,-1.22459298388913,1.34147440207727,-1.04654472647081,-0.302304380306779,0.0675649386032631,-0.355988135781098
"1835","5096","1","1","0","1",0,-0.517830468403387,-0.948904038802791,-1.01890877283321,-0.737508737051909,0,1.34147440207727,-0.97436922809351,-0.302304380306779,0.0675649386032631,-0.355988135781098
"1836","5096","1","1","0","1",0,-0.517830468403387,-0.948904038802791,-1.01890877283321,-0.737508737051909,1.22459298388913,1.34147440207727,-0.902193729716213,-0.302304380306779,0.0675649386032631,-0.355988135781098
"1837","5096","1","1","0","1",0,-0.517830468403387,-0.948904038802791,-1.01890877283321,-0.737508737051909,-1.22459298388913,-1.34147440207727,-0.830018231338916,-0.302304380306779,0.0675649386032631,-0.355988135781098
"1838","5096","1","1","0","1",0,-0.517830468403387,-0.948904038802791,-1.01890877283321,-0.737508737051909,0,-1.34147440207727,-0.757842732961619,-0.302304380306779,0.0675649386032631,-0.355988135781098
"1839","5096","1","1","0","1",0,-0.517830468403387,-0.948904038802791,-1.01890877283321,-0.737508737051909,1.22459298388913,-1.34147440207727,-0.685667234584322,-0.302304380306779,0.0675649386032631,-0.355988135781098
"1840","5096","1","1","0","1",0,-0.517830468403387,-0.948904038802791,-1.01890877283321,-0.737508737051909,-1.22459298388913,-0.447158134025757,-0.613491736207025,-0.302304380306779,0.0675649386032631,-0.355988135781098
"1841","5096","1","1","0","1",0,-0.517830468403387,-0.948904038802791,-1.01890877283321,-0.737508737051909,0,-0.447158134025757,-0.541316237829728,-0.302304380306779,0.0675649386032631,-0.355988135781098
"1842","5096","1","1","0","1",0,-0.517830468403387,-0.948904038802791,-1.01890877283321,-0.737508737051909,1.22459298388913,-0.447158134025757,-0.469140739452431,-0.302304380306779,0.0675649386032631,-0.355988135781098
"1843","5096","1","1","0","1",0,-0.517830468403387,-0.948904038802791,-1.01890877283321,-0.737508737051909,-1.22459298388913,0.447158134025757,-0.396965241075134,-0.302304380306779,0.0675649386032631,-0.355988135781098
"1844","5096","1","1","0","1",0,-0.517830468403387,-0.948904038802791,-1.01890877283321,-0.737508737051909,0,0.447158134025757,-0.324789742697837,-0.302304380306779,0.0675649386032631,-0.355988135781098
"1845","5096","1","1","0","1",0,-0.517830468403387,-0.948904038802791,-1.01890877283321,-0.737508737051909,1.22459298388913,0.447158134025757,-0.25261424432054,-0.302304380306779,0.0675649386032631,-0.355988135781098
"1846","5096","1","1","0","1",0,-0.517830468403387,-0.948904038802791,-1.01890877283321,-0.737508737051909,-1.22459298388913,1.34147440207727,-0.180438745943243,-0.302304380306779,0.0675649386032631,-0.355988135781098
"1847","5096","1","1","0","1",0,-0.517830468403387,-0.948904038802791,-1.01890877283321,-0.737508737051909,0,1.34147440207727,-0.108263247565946,-0.302304380306779,0.0675649386032631,-0.355988135781098
"1848","5096","1","1","0","1",0,-0.517830468403387,-0.948904038802791,-1.01890877283321,-0.737508737051909,1.22459298388913,1.34147440207727,-0.0360877491886485,-0.302304380306779,0.0675649386032631,-0.355988135781098
"1849","5096","1","1","1","1",0,-0.517830468403387,-0.948904038802791,-1.01890877283321,-0.737508737051909,-1.22459298388913,-1.34147440207727,0.0360877491886485,-0.302304380306779,0.0675649386032631,-0.355988135781098
"1850","5096","1","1","1","1",0,-0.517830468403387,-0.948904038802791,-1.01890877283321,-0.737508737051909,0,-1.34147440207727,0.108263247565946,-0.302304380306779,0.0675649386032631,-0.355988135781098
"1851","5096","1","1","1","1",0,-0.517830468403387,-0.948904038802791,-1.01890877283321,-0.737508737051909,1.22459298388913,-1.34147440207727,0.180438745943243,-0.302304380306779,0.0675649386032631,-0.355988135781098
"1852","5096","1","1","1","1",0,-0.517830468403387,-0.948904038802791,-1.01890877283321,-0.737508737051909,-1.22459298388913,-0.447158134025757,0.25261424432054,-0.302304380306779,0.0675649386032631,-0.355988135781098
"1853","5096","1","1","1","1",0,-0.517830468403387,-0.948904038802791,-1.01890877283321,-0.737508737051909,0,-0.447158134025757,0.324789742697837,-0.302304380306779,0.0675649386032631,-0.355988135781098
"1854","5096","1","1","1","1",0,-0.517830468403387,-0.948904038802791,-1.01890877283321,-0.737508737051909,1.22459298388913,-0.447158134025757,0.396965241075134,-0.302304380306779,0.0675649386032631,-0.355988135781098
"1855","5096","1","1","1","1",0,-0.517830468403387,-0.948904038802791,-1.01890877283321,-0.737508737051909,-1.22459298388913,0.447158134025757,0.469140739452431,-0.302304380306779,0.0675649386032631,-0.355988135781098
"1856","5096","1","1","1","1",0,-0.517830468403387,-0.948904038802791,-1.01890877283321,-0.737508737051909,0,0.447158134025757,0.541316237829728,-0.302304380306779,0.0675649386032631,-0.355988135781098
"1857","5096","1","1","1","1",0,-0.517830468403387,-0.948904038802791,-1.01890877283321,-0.737508737051909,1.22459298388913,0.447158134025757,0.613491736207025,-0.302304380306779,0.0675649386032631,-0.355988135781098
"1858","5096","1","1","1","1",0,-0.517830468403387,-0.948904038802791,-1.01890877283321,-0.737508737051909,-1.22459298388913,1.34147440207727,0.685667234584322,-0.302304380306779,0.0675649386032631,-0.355988135781098
"1859","5096","1","1","1","1",0,-0.517830468403387,-0.948904038802791,-1.01890877283321,-0.737508737051909,0,1.34147440207727,0.757842732961619,-0.302304380306779,0.0675649386032631,-0.355988135781098
"1860","5096","1","1","1","1",0,-0.517830468403387,-0.948904038802791,-1.01890877283321,-0.737508737051909,1.22459298388913,1.34147440207727,0.830018231338916,-0.302304380306779,0.0675649386032631,-0.355988135781098
"1861","5096","1","1","1","1",0,-0.517830468403387,-0.948904038802791,-1.01890877283321,-0.737508737051909,-1.22459298388913,-1.34147440207727,0.902193729716213,-0.302304380306779,0.0675649386032631,-0.355988135781098
"1862","5096","1","1","1","1",0,-0.517830468403387,-0.948904038802791,-1.01890877283321,-0.737508737051909,0,-1.34147440207727,0.97436922809351,-0.302304380306779,0.0675649386032631,-0.355988135781098
"1863","5096","1","1","1","1",0,-0.517830468403387,-0.948904038802791,-1.01890877283321,-0.737508737051909,1.22459298388913,-1.34147440207727,1.04654472647081,-0.302304380306779,0.0675649386032631,-0.355988135781098
"1864","5096","1","1","1","1",0,-0.517830468403387,-0.948904038802791,-1.01890877283321,-0.737508737051909,-1.22459298388913,-0.447158134025757,1.1187202248481,-0.302304380306779,0.0675649386032631,-0.355988135781098
"1865","5096","1","1","1","1",0,-0.517830468403387,-0.948904038802791,-1.01890877283321,-0.737508737051909,0,-0.447158134025757,1.1908957232254,-0.302304380306779,0.0675649386032631,-0.355988135781098
"1866","5096","1","1","1","1",0,-0.517830468403387,-0.948904038802791,-1.01890877283321,-0.737508737051909,1.22459298388913,-0.447158134025757,1.2630712216027,-0.302304380306779,0.0675649386032631,-0.355988135781098
"1867","5096","1","1","1","1",0,-0.517830468403387,-0.948904038802791,-1.01890877283321,-0.737508737051909,-1.22459298388913,0.447158134025757,1.33524671998,-0.302304380306779,0.0675649386032631,-0.355988135781098
"1868","5096","1","1","1","1",0,-0.517830468403387,-0.948904038802791,-1.01890877283321,-0.737508737051909,0,0.447158134025757,1.40742221835729,-0.302304380306779,0.0675649386032631,-0.355988135781098
"1869","5096","1","1","1","1",0,-0.517830468403387,-0.948904038802791,-1.01890877283321,-0.737508737051909,1.22459298388913,0.447158134025757,1.47959771673459,-0.302304380306779,0.0675649386032631,-0.355988135781098
"1870","5096","1","1","1","1",0,-0.517830468403387,-0.948904038802791,-1.01890877283321,-0.737508737051909,-1.22459298388913,1.34147440207727,1.55177321511189,-0.302304380306779,0.0675649386032631,-0.355988135781098
"1871","5096","1","1","1","1",0,-0.517830468403387,-0.948904038802791,-1.01890877283321,-0.737508737051909,0,1.34147440207727,1.62394871348918,-0.302304380306779,0.0675649386032631,-0.355988135781098
"1872","5096","1","1","1","1",0,-0.517830468403387,-0.948904038802791,-1.01890877283321,-0.737508737051909,1.22459298388913,1.34147440207727,1.69612421186648,-0.302304380306779,0.0675649386032631,-0.355988135781098
"1873","5113","1","0","0","2",0,-0.517830468403387,-0.465002765346231,-0.455418664291706,-0.737508737051909,-1.22459298388913,-1.34147440207727,-1.69612421186648,0.31780716904046,0.0675649386032631,0.507013405506412
"1874","5113","1","0","0","2",0,-0.517830468403387,-0.465002765346231,-0.455418664291706,-0.737508737051909,0,-1.34147440207727,-1.62394871348918,0.31780716904046,0.0675649386032631,0.507013405506412
"1875","5113","1","0","0","2",0,-0.517830468403387,-0.465002765346231,-0.455418664291706,-0.737508737051909,1.22459298388913,-1.34147440207727,-1.55177321511189,0.31780716904046,0.0675649386032631,0.507013405506412
"1876","5113","1","0","0","2",0,-0.517830468403387,-0.465002765346231,-0.455418664291706,-0.737508737051909,-1.22459298388913,-0.447158134025757,-1.47959771673459,0.31780716904046,0.0675649386032631,0.507013405506412
"1877","5113","1","0","0","2",0,-0.517830468403387,-0.465002765346231,-0.455418664291706,-0.737508737051909,0,-0.447158134025757,-1.40742221835729,0.31780716904046,0.0675649386032631,0.507013405506412
"1878","5113","1","0","0","2",0,-0.517830468403387,-0.465002765346231,-0.455418664291706,-0.737508737051909,1.22459298388913,-0.447158134025757,-1.33524671998,0.31780716904046,0.0675649386032631,0.507013405506412
"1879","5113","1","0","0","2",0,-0.517830468403387,-0.465002765346231,-0.455418664291706,-0.737508737051909,-1.22459298388913,0.447158134025757,-1.2630712216027,0.31780716904046,0.0675649386032631,0.507013405506412
"1880","5113","1","0","0","2",0,-0.517830468403387,-0.465002765346231,-0.455418664291706,-0.737508737051909,0,0.447158134025757,-1.1908957232254,0.31780716904046,0.0675649386032631,0.507013405506412
"1881","5113","1","0","0","2",0,-0.517830468403387,-0.465002765346231,-0.455418664291706,-0.737508737051909,1.22459298388913,0.447158134025757,-1.1187202248481,0.31780716904046,0.0675649386032631,0.507013405506412
"1882","5113","1","0","0","2",0,-0.517830468403387,-0.465002765346231,-0.455418664291706,-0.737508737051909,-1.22459298388913,1.34147440207727,-1.04654472647081,0.31780716904046,0.0675649386032631,0.507013405506412
"1883","5113","1","0","0","2",0,-0.517830468403387,-0.465002765346231,-0.455418664291706,-0.737508737051909,0,1.34147440207727,-0.97436922809351,0.31780716904046,0.0675649386032631,0.507013405506412
"1884","5113","1","0","0","2",0,-0.517830468403387,-0.465002765346231,-0.455418664291706,-0.737508737051909,1.22459298388913,1.34147440207727,-0.902193729716213,0.31780716904046,0.0675649386032631,0.507013405506412
"1885","5113","1","0","0","2",0,-0.517830468403387,-0.465002765346231,-0.455418664291706,-0.737508737051909,-1.22459298388913,-1.34147440207727,-0.830018231338916,0.31780716904046,0.0675649386032631,0.507013405506412
"1886","5113","1","0","0","2",0,-0.517830468403387,-0.465002765346231,-0.455418664291706,-0.737508737051909,0,-1.34147440207727,-0.757842732961619,0.31780716904046,0.0675649386032631,0.507013405506412
"1887","5113","1","0","0","2",0,-0.517830468403387,-0.465002765346231,-0.455418664291706,-0.737508737051909,1.22459298388913,-1.34147440207727,-0.685667234584322,0.31780716904046,0.0675649386032631,0.507013405506412
"1888","5113","1","0","0","2",1,-0.517830468403387,-0.465002765346231,-0.455418664291706,-0.737508737051909,-1.22459298388913,-0.447158134025757,-0.613491736207025,0.31780716904046,0.0675649386032631,0.507013405506412
"1889","5113","1","0","0","2",0,-0.517830468403387,-0.465002765346231,-0.455418664291706,-0.737508737051909,0,-0.447158134025757,-0.541316237829728,0.31780716904046,0.0675649386032631,0.507013405506412
"1890","5113","1","0","0","2",0,-0.517830468403387,-0.465002765346231,-0.455418664291706,-0.737508737051909,1.22459298388913,-0.447158134025757,-0.469140739452431,0.31780716904046,0.0675649386032631,0.507013405506412
"1891","5113","1","0","0","2",0,-0.517830468403387,-0.465002765346231,-0.455418664291706,-0.737508737051909,-1.22459298388913,0.447158134025757,-0.396965241075134,0.31780716904046,0.0675649386032631,0.507013405506412
"1892","5113","1","0","0","2",0,-0.517830468403387,-0.465002765346231,-0.455418664291706,-0.737508737051909,0,0.447158134025757,-0.324789742697837,0.31780716904046,0.0675649386032631,0.507013405506412
"1893","5113","1","0","0","2",0,-0.517830468403387,-0.465002765346231,-0.455418664291706,-0.737508737051909,1.22459298388913,0.447158134025757,-0.25261424432054,0.31780716904046,0.0675649386032631,0.507013405506412
"1894","5113","1","0","0","2",0,-0.517830468403387,-0.465002765346231,-0.455418664291706,-0.737508737051909,-1.22459298388913,1.34147440207727,-0.180438745943243,0.31780716904046,0.0675649386032631,0.507013405506412
"1895","5113","1","0","0","2",0,-0.517830468403387,-0.465002765346231,-0.455418664291706,-0.737508737051909,0,1.34147440207727,-0.108263247565946,0.31780716904046,0.0675649386032631,0.507013405506412
"1896","5113","1","0","0","2",0,-0.517830468403387,-0.465002765346231,-0.455418664291706,-0.737508737051909,1.22459298388913,1.34147440207727,-0.0360877491886485,0.31780716904046,0.0675649386032631,0.507013405506412
"1897","5113","0","0","1","2",0,-0.517830468403387,-0.465002765346231,-0.455418664291706,-0.737508737051909,-1.22459298388913,-1.34147440207727,0.0360877491886485,0.31780716904046,0.0675649386032631,0.507013405506412
"1898","5113","0","0","1","2",0,-0.517830468403387,-0.465002765346231,-0.455418664291706,-0.737508737051909,0,-1.34147440207727,0.108263247565946,0.31780716904046,0.0675649386032631,0.507013405506412
"1899","5113","1","0","1","2",0,-0.517830468403387,-0.465002765346231,-0.455418664291706,-0.737508737051909,1.22459298388913,-1.34147440207727,0.180438745943243,0.31780716904046,0.0675649386032631,0.507013405506412
"1901","5113","0","0","1","2",0,-0.517830468403387,-0.465002765346231,-0.455418664291706,-0.737508737051909,0,-0.447158134025757,0.324789742697837,0.31780716904046,0.0675649386032631,0.507013405506412
"1902","5113","0","0","1","2",0,-0.517830468403387,-0.465002765346231,-0.455418664291706,-0.737508737051909,1.22459298388913,-0.447158134025757,0.396965241075134,0.31780716904046,0.0675649386032631,0.507013405506412
"1903","5113","0","0","1","2",0,-0.517830468403387,-0.465002765346231,-0.455418664291706,-0.737508737051909,-1.22459298388913,0.447158134025757,0.469140739452431,0.31780716904046,0.0675649386032631,0.507013405506412
"1904","5113","0","0","1","2",0,-0.517830468403387,-0.465002765346231,-0.455418664291706,-0.737508737051909,0,0.447158134025757,0.541316237829728,0.31780716904046,0.0675649386032631,0.507013405506412
"1905","5113","0","0","1","2",0,-0.517830468403387,-0.465002765346231,-0.455418664291706,-0.737508737051909,1.22459298388913,0.447158134025757,0.613491736207025,0.31780716904046,0.0675649386032631,0.507013405506412
"1906","5113","0","0","1","2",0,-0.517830468403387,-0.465002765346231,-0.455418664291706,-0.737508737051909,-1.22459298388913,1.34147440207727,0.685667234584322,0.31780716904046,0.0675649386032631,0.507013405506412
"1907","5113","0","0","1","2",0,-0.517830468403387,-0.465002765346231,-0.455418664291706,-0.737508737051909,0,1.34147440207727,0.757842732961619,0.31780716904046,0.0675649386032631,0.507013405506412
"1908","5113","0","0","1","2",0,-0.517830468403387,-0.465002765346231,-0.455418664291706,-0.737508737051909,1.22459298388913,1.34147440207727,0.830018231338916,0.31780716904046,0.0675649386032631,0.507013405506412
"1909","5113","0","0","1","2",0,-0.517830468403387,-0.465002765346231,-0.455418664291706,-0.737508737051909,-1.22459298388913,-1.34147440207727,0.902193729716213,0.31780716904046,0.0675649386032631,0.507013405506412
"1910","5113","0","0","1","2",0,-0.517830468403387,-0.465002765346231,-0.455418664291706,-0.737508737051909,0,-1.34147440207727,0.97436922809351,0.31780716904046,0.0675649386032631,0.507013405506412
"1911","5113","0","0","1","2",0,-0.517830468403387,-0.465002765346231,-0.455418664291706,-0.737508737051909,1.22459298388913,-1.34147440207727,1.04654472647081,0.31780716904046,0.0675649386032631,0.507013405506412
"1912","5113","0","0","1","2",0,-0.517830468403387,-0.465002765346231,-0.455418664291706,-0.737508737051909,-1.22459298388913,-0.447158134025757,1.1187202248481,0.31780716904046,0.0675649386032631,0.507013405506412
"1913","5113","0","0","1","2",0,-0.517830468403387,-0.465002765346231,-0.455418664291706,-0.737508737051909,0,-0.447158134025757,1.1908957232254,0.31780716904046,0.0675649386032631,0.507013405506412
"1914","5113","0","0","1","2",0,-0.517830468403387,-0.465002765346231,-0.455418664291706,-0.737508737051909,1.22459298388913,-0.447158134025757,1.2630712216027,0.31780716904046,0.0675649386032631,0.507013405506412
"1915","5113","0","0","1","2",0,-0.517830468403387,-0.465002765346231,-0.455418664291706,-0.737508737051909,-1.22459298388913,0.447158134025757,1.33524671998,0.31780716904046,0.0675649386032631,0.507013405506412
"1916","5113","0","0","1","2",0,-0.517830468403387,-0.465002765346231,-0.455418664291706,-0.737508737051909,0,0.447158134025757,1.40742221835729,0.31780716904046,0.0675649386032631,0.507013405506412
"1917","5113","0","0","1","2",0,-0.517830468403387,-0.465002765346231,-0.455418664291706,-0.737508737051909,1.22459298388913,0.447158134025757,1.47959771673459,0.31780716904046,0.0675649386032631,0.507013405506412
"1918","5113","0","0","1","2",0,-0.517830468403387,-0.465002765346231,-0.455418664291706,-0.737508737051909,-1.22459298388913,1.34147440207727,1.55177321511189,0.31780716904046,0.0675649386032631,0.507013405506412
"1919","5113","0","0","1","2",0,-0.517830468403387,-0.465002765346231,-0.455418664291706,-0.737508737051909,0,1.34147440207727,1.62394871348918,0.31780716904046,0.0675649386032631,0.507013405506412
"1920","5113","0","0","1","2",0,-0.517830468403387,-0.465002765346231,-0.455418664291706,-0.737508737051909,1.22459298388913,1.34147440207727,1.69612421186648,0.31780716904046,0.0675649386032631,0.507013405506412
"1921","5156","1","0","0","2",0,-0.517830468403387,-0.465002765346231,-0.455418664291706,-0.737508737051909,-1.22459298388913,-1.34147440207727,-1.69612421186648,0.31780716904046,0.0675649386032631,0.507013405506412
"1922","5156","1","0","0","2",0,-0.517830468403387,-0.465002765346231,-0.455418664291706,-0.737508737051909,0,-1.34147440207727,-1.62394871348918,0.31780716904046,0.0675649386032631,0.507013405506412
"1923","5156","1","0","0","2",0,-0.517830468403387,-0.465002765346231,-0.455418664291706,-0.737508737051909,1.22459298388913,-1.34147440207727,-1.55177321511189,0.31780716904046,0.0675649386032631,0.507013405506412
"1924","5156","1","0","0","2",0,-0.517830468403387,-0.465002765346231,-0.455418664291706,-0.737508737051909,-1.22459298388913,-0.447158134025757,-1.47959771673459,0.31780716904046,0.0675649386032631,0.507013405506412
"1925","5156","1","0","0","2",0,-0.517830468403387,-0.465002765346231,-0.455418664291706,-0.737508737051909,0,-0.447158134025757,-1.40742221835729,0.31780716904046,0.0675649386032631,0.507013405506412
"1926","5156","1","0","0","2",0,-0.517830468403387,-0.465002765346231,-0.455418664291706,-0.737508737051909,1.22459298388913,-0.447158134025757,-1.33524671998,0.31780716904046,0.0675649386032631,0.507013405506412
"1927","5156","1","0","0","2",0,-0.517830468403387,-0.465002765346231,-0.455418664291706,-0.737508737051909,-1.22459298388913,0.447158134025757,-1.2630712216027,0.31780716904046,0.0675649386032631,0.507013405506412
"1928","5156","1","0","0","2",0,-0.517830468403387,-0.465002765346231,-0.455418664291706,-0.737508737051909,0,0.447158134025757,-1.1908957232254,0.31780716904046,0.0675649386032631,0.507013405506412
"1929","5156","1","0","0","2",0,-0.517830468403387,-0.465002765346231,-0.455418664291706,-0.737508737051909,1.22459298388913,0.447158134025757,-1.1187202248481,0.31780716904046,0.0675649386032631,0.507013405506412
"1930","5156","1","0","0","2",0,-0.517830468403387,-0.465002765346231,-0.455418664291706,-0.737508737051909,-1.22459298388913,1.34147440207727,-1.04654472647081,0.31780716904046,0.0675649386032631,0.507013405506412
"1931","5156","1","0","0","2",0,-0.517830468403387,-0.465002765346231,-0.455418664291706,-0.737508737051909,0,1.34147440207727,-0.97436922809351,0.31780716904046,0.0675649386032631,0.507013405506412
"1932","5156","1","0","0","2",0,-0.517830468403387,-0.465002765346231,-0.455418664291706,-0.737508737051909,1.22459298388913,1.34147440207727,-0.902193729716213,0.31780716904046,0.0675649386032631,0.507013405506412
"1933","5156","1","0","0","2",0,-0.517830468403387,-0.465002765346231,-0.455418664291706,-0.737508737051909,-1.22459298388913,-1.34147440207727,-0.830018231338916,0.31780716904046,0.0675649386032631,0.507013405506412
"1934","5156","1","0","0","2",0,-0.517830468403387,-0.465002765346231,-0.455418664291706,-0.737508737051909,0,-1.34147440207727,-0.757842732961619,0.31780716904046,0.0675649386032631,0.507013405506412
"1935","5156","1","0","0","2",0,-0.517830468403387,-0.465002765346231,-0.455418664291706,-0.737508737051909,1.22459298388913,-1.34147440207727,-0.685667234584322,0.31780716904046,0.0675649386032631,0.507013405506412
"1936","5156","1","0","0","2",0,-0.517830468403387,-0.465002765346231,-0.455418664291706,-0.737508737051909,-1.22459298388913,-0.447158134025757,-0.613491736207025,0.31780716904046,0.0675649386032631,0.507013405506412
"1937","5156","1","0","0","2",0,-0.517830468403387,-0.465002765346231,-0.455418664291706,-0.737508737051909,0,-0.447158134025757,-0.541316237829728,0.31780716904046,0.0675649386032631,0.507013405506412
"1938","5156","1","0","0","2",0,-0.517830468403387,-0.465002765346231,-0.455418664291706,-0.737508737051909,1.22459298388913,-0.447158134025757,-0.469140739452431,0.31780716904046,0.0675649386032631,0.507013405506412
"1939","5156","1","0","0","2",0,-0.517830468403387,-0.465002765346231,-0.455418664291706,-0.737508737051909,-1.22459298388913,0.447158134025757,-0.396965241075134,0.31780716904046,0.0675649386032631,0.507013405506412
"1940","5156","1","0","0","2",0,-0.517830468403387,-0.465002765346231,-0.455418664291706,-0.737508737051909,0,0.447158134025757,-0.324789742697837,0.31780716904046,0.0675649386032631,0.507013405506412
"1941","5156","1","0","0","2",0,-0.517830468403387,-0.465002765346231,-0.455418664291706,-0.737508737051909,1.22459298388913,0.447158134025757,-0.25261424432054,0.31780716904046,0.0675649386032631,0.507013405506412
"1942","5156","1","0","0","2",1,-0.517830468403387,-0.465002765346231,-0.455418664291706,-0.737508737051909,-1.22459298388913,1.34147440207727,-0.180438745943243,0.31780716904046,0.0675649386032631,0.507013405506412
"1943","5156","1","0","0","2",0,-0.517830468403387,-0.465002765346231,-0.455418664291706,-0.737508737051909,0,1.34147440207727,-0.108263247565946,0.31780716904046,0.0675649386032631,0.507013405506412
"1944","5156","1","0","0","2",0,-0.517830468403387,-0.465002765346231,-0.455418664291706,-0.737508737051909,1.22459298388913,1.34147440207727,-0.0360877491886485,0.31780716904046,0.0675649386032631,0.507013405506412
"1945","5156","1","0","1","2",0,-0.517830468403387,-0.465002765346231,-0.455418664291706,-0.737508737051909,-1.22459298388913,-1.34147440207727,0.0360877491886485,0.31780716904046,0.0675649386032631,0.507013405506412
"1946","5156","1","0","1","2",0,-0.517830468403387,-0.465002765346231,-0.455418664291706,-0.737508737051909,0,-1.34147440207727,0.108263247565946,0.31780716904046,0.0675649386032631,0.507013405506412
"1947","5156","1","0","1","2",0,-0.517830468403387,-0.465002765346231,-0.455418664291706,-0.737508737051909,1.22459298388913,-1.34147440207727,0.180438745943243,0.31780716904046,0.0675649386032631,0.507013405506412
"1948","5156","1","0","1","2",0,-0.517830468403387,-0.465002765346231,-0.455418664291706,-0.737508737051909,-1.22459298388913,-0.447158134025757,0.25261424432054,0.31780716904046,0.0675649386032631,0.507013405506412
"1949","5156","1","0","1","2",0,-0.517830468403387,-0.465002765346231,-0.455418664291706,-0.737508737051909,0,-0.447158134025757,0.324789742697837,0.31780716904046,0.0675649386032631,0.507013405506412
"1950","5156","0","0","1","2",0,-0.517830468403387,-0.465002765346231,-0.455418664291706,-0.737508737051909,1.22459298388913,-0.447158134025757,0.396965241075134,0.31780716904046,0.0675649386032631,0.507013405506412
"1951","5156","1","0","1","2",0,-0.517830468403387,-0.465002765346231,-0.455418664291706,-0.737508737051909,-1.22459298388913,0.447158134025757,0.469140739452431,0.31780716904046,0.0675649386032631,0.507013405506412
"1952","5156","1","0","1","2",0,-0.517830468403387,-0.465002765346231,-0.455418664291706,-0.737508737051909,0,0.447158134025757,0.541316237829728,0.31780716904046,0.0675649386032631,0.507013405506412
"1953","5156","1","0","1","2",0,-0.517830468403387,-0.465002765346231,-0.455418664291706,-0.737508737051909,1.22459298388913,0.447158134025757,0.613491736207025,0.31780716904046,0.0675649386032631,0.507013405506412
"1955","5156","1","0","1","2",0,-0.517830468403387,-0.465002765346231,-0.455418664291706,-0.737508737051909,0,1.34147440207727,0.757842732961619,0.31780716904046,0.0675649386032631,0.507013405506412
"1956","5156","1","0","1","2",0,-0.517830468403387,-0.465002765346231,-0.455418664291706,-0.737508737051909,1.22459298388913,1.34147440207727,0.830018231338916,0.31780716904046,0.0675649386032631,0.507013405506412
"1957","5156","1","0","1","2",0,-0.517830468403387,-0.465002765346231,-0.455418664291706,-0.737508737051909,-1.22459298388913,-1.34147440207727,0.902193729716213,0.31780716904046,0.0675649386032631,0.507013405506412
"1958","5156","1","0","1","2",0,-0.517830468403387,-0.465002765346231,-0.455418664291706,-0.737508737051909,0,-1.34147440207727,0.97436922809351,0.31780716904046,0.0675649386032631,0.507013405506412
"1959","5156","1","0","1","2",0,-0.517830468403387,-0.465002765346231,-0.455418664291706,-0.737508737051909,1.22459298388913,-1.34147440207727,1.04654472647081,0.31780716904046,0.0675649386032631,0.507013405506412
"1960","5156","1","0","1","2",0,-0.517830468403387,-0.465002765346231,-0.455418664291706,-0.737508737051909,-1.22459298388913,-0.447158134025757,1.1187202248481,0.31780716904046,0.0675649386032631,0.507013405506412
"1961","5156","1","0","1","2",0,-0.517830468403387,-0.465002765346231,-0.455418664291706,-0.737508737051909,0,-0.447158134025757,1.1908957232254,0.31780716904046,0.0675649386032631,0.507013405506412
"1962","5156","1","0","1","2",0,-0.517830468403387,-0.465002765346231,-0.455418664291706,-0.737508737051909,1.22459298388913,-0.447158134025757,1.2630712216027,0.31780716904046,0.0675649386032631,0.507013405506412
"1963","5156","0","0","1","2",0,-0.517830468403387,-0.465002765346231,-0.455418664291706,-0.737508737051909,-1.22459298388913,0.447158134025757,1.33524671998,0.31780716904046,0.0675649386032631,0.507013405506412
"1964","5156","1","0","1","2",0,-0.517830468403387,-0.465002765346231,-0.455418664291706,-0.737508737051909,0,0.447158134025757,1.40742221835729,0.31780716904046,0.0675649386032631,0.507013405506412
"1965","5156","1","0","1","2",0,-0.517830468403387,-0.465002765346231,-0.455418664291706,-0.737508737051909,1.22459298388913,0.447158134025757,1.47959771673459,0.31780716904046,0.0675649386032631,0.507013405506412
"1966","5156","0","0","1","2",0,-0.517830468403387,-0.465002765346231,-0.455418664291706,-0.737508737051909,-1.22459298388913,1.34147440207727,1.55177321511189,0.31780716904046,0.0675649386032631,0.507013405506412
"1967","5156","1","0","1","2",0,-0.517830468403387,-0.465002765346231,-0.455418664291706,-0.737508737051909,0,1.34147440207727,1.62394871348918,0.31780716904046,0.0675649386032631,0.507013405506412
"1968","5156","1","0","1","2",0,-0.517830468403387,-0.465002765346231,-0.455418664291706,-0.737508737051909,1.22459298388913,1.34147440207727,1.69612421186648,0.31780716904046,0.0675649386032631,0.507013405506412
"1969","5273","1","1","0","1",0,-0.517830468403387,0.155829803716741,-0.455418664291706,-0.0849509912336239,-1.22459298388913,-1.34147440207727,-1.69612421186648,-0.922415929654017,-1.283733833462,-1.21898967706861
"1970","5273","1","1","0","1",0,-0.517830468403387,0.155829803716741,-0.455418664291706,-0.0849509912336239,0,-1.34147440207727,-1.62394871348918,-0.922415929654017,-1.283733833462,-1.21898967706861
"1971","5273","1","1","0","1",0,-0.517830468403387,0.155829803716741,-0.455418664291706,-0.0849509912336239,1.22459298388913,-1.34147440207727,-1.55177321511189,-0.922415929654017,-1.283733833462,-1.21898967706861
"1972","5273","1","1","0","1",0,-0.517830468403387,0.155829803716741,-0.455418664291706,-0.0849509912336239,-1.22459298388913,-0.447158134025757,-1.47959771673459,-0.922415929654017,-1.283733833462,-1.21898967706861
"1973","5273","0","1","0","1",0,-0.517830468403387,0.155829803716741,-0.455418664291706,-0.0849509912336239,0,-0.447158134025757,-1.40742221835729,-0.922415929654017,-1.283733833462,-1.21898967706861
"1974","5273","1","1","0","1",0,-0.517830468403387,0.155829803716741,-0.455418664291706,-0.0849509912336239,1.22459298388913,-0.447158134025757,-1.33524671998,-0.922415929654017,-1.283733833462,-1.21898967706861
"1976","5273","1","1","0","1",0,-0.517830468403387,0.155829803716741,-0.455418664291706,-0.0849509912336239,0,0.447158134025757,-1.1908957232254,-0.922415929654017,-1.283733833462,-1.21898967706861
"1977","5273","1","1","0","1",0,-0.517830468403387,0.155829803716741,-0.455418664291706,-0.0849509912336239,1.22459298388913,0.447158134025757,-1.1187202248481,-0.922415929654017,-1.283733833462,-1.21898967706861
"1978","5273","1","1","0","1",0,-0.517830468403387,0.155829803716741,-0.455418664291706,-0.0849509912336239,-1.22459298388913,1.34147440207727,-1.04654472647081,-0.922415929654017,-1.283733833462,-1.21898967706861
"1979","5273","1","1","0","1",0,-0.517830468403387,0.155829803716741,-0.455418664291706,-0.0849509912336239,0,1.34147440207727,-0.97436922809351,-0.922415929654017,-1.283733833462,-1.21898967706861
"1980","5273","1","1","0","1",0,-0.517830468403387,0.155829803716741,-0.455418664291706,-0.0849509912336239,1.22459298388913,1.34147440207727,-0.902193729716213,-0.922415929654017,-1.283733833462,-1.21898967706861
"1981","5273","1","1","0","1",0,-0.517830468403387,0.155829803716741,-0.455418664291706,-0.0849509912336239,-1.22459298388913,-1.34147440207727,-0.830018231338916,-0.922415929654017,-1.283733833462,-1.21898967706861
"1982","5273","1","1","0","1",0,-0.517830468403387,0.155829803716741,-0.455418664291706,-0.0849509912336239,0,-1.34147440207727,-0.757842732961619,-0.922415929654017,-1.283733833462,-1.21898967706861
"1983","5273","1","1","0","1",0,-0.517830468403387,0.155829803716741,-0.455418664291706,-0.0849509912336239,1.22459298388913,-1.34147440207727,-0.685667234584322,-0.922415929654017,-1.283733833462,-1.21898967706861
"1984","5273","1","1","0","1",0,-0.517830468403387,0.155829803716741,-0.455418664291706,-0.0849509912336239,-1.22459298388913,-0.447158134025757,-0.613491736207025,-0.922415929654017,-1.283733833462,-1.21898967706861
"1985","5273","1","1","0","1",0,-0.517830468403387,0.155829803716741,-0.455418664291706,-0.0849509912336239,0,-0.447158134025757,-0.541316237829728,-0.922415929654017,-1.283733833462,-1.21898967706861
"1986","5273","1","1","0","1",0,-0.517830468403387,0.155829803716741,-0.455418664291706,-0.0849509912336239,1.22459298388913,-0.447158134025757,-0.469140739452431,-0.922415929654017,-1.283733833462,-1.21898967706861
"1987","5273","0","1","0","1",0,-0.517830468403387,0.155829803716741,-0.455418664291706,-0.0849509912336239,-1.22459298388913,0.447158134025757,-0.396965241075134,-0.922415929654017,-1.283733833462,-1.21898967706861
"1988","5273","1","1","0","1",0,-0.517830468403387,0.155829803716741,-0.455418664291706,-0.0849509912336239,0,0.447158134025757,-0.324789742697837,-0.922415929654017,-1.283733833462,-1.21898967706861
"1989","5273","1","1","0","1",1,-0.517830468403387,0.155829803716741,-0.455418664291706,-0.0849509912336239,1.22459298388913,0.447158134025757,-0.25261424432054,-0.922415929654017,-1.283733833462,-1.21898967706861
"1990","5273","1","1","0","1",0,-0.517830468403387,0.155829803716741,-0.455418664291706,-0.0849509912336239,-1.22459298388913,1.34147440207727,-0.180438745943243,-0.922415929654017,-1.283733833462,-1.21898967706861
"1991","5273","1","1","0","1",0,-0.517830468403387,0.155829803716741,-0.455418664291706,-0.0849509912336239,0,1.34147440207727,-0.108263247565946,-0.922415929654017,-1.283733833462,-1.21898967706861
"1992","5273","1","1","0","1",1,-0.517830468403387,0.155829803716741,-0.455418664291706,-0.0849509912336239,1.22459298388913,1.34147440207727,-0.0360877491886485,-0.922415929654017,-1.283733833462,-1.21898967706861
"1993","5273","1","1","1","1",0,-0.517830468403387,0.155829803716741,-0.455418664291706,-0.0849509912336239,-1.22459298388913,-1.34147440207727,0.0360877491886485,-0.922415929654017,-1.283733833462,-1.21898967706861
"1994","5273","1","1","1","1",0,-0.517830468403387,0.155829803716741,-0.455418664291706,-0.0849509912336239,0,-1.34147440207727,0.108263247565946,-0.922415929654017,-1.283733833462,-1.21898967706861
"1995","5273","1","1","1","1",0,-0.517830468403387,0.155829803716741,-0.455418664291706,-0.0849509912336239,1.22459298388913,-1.34147440207727,0.180438745943243,-0.922415929654017,-1.283733833462,-1.21898967706861
"1996","5273","0","1","1","1",0,-0.517830468403387,0.155829803716741,-0.455418664291706,-0.0849509912336239,-1.22459298388913,-0.447158134025757,0.25261424432054,-0.922415929654017,-1.283733833462,-1.21898967706861
"1997","5273","1","1","1","1",0,-0.517830468403387,0.155829803716741,-0.455418664291706,-0.0849509912336239,0,-0.447158134025757,0.324789742697837,-0.922415929654017,-1.283733833462,-1.21898967706861
"1998","5273","1","1","1","1",0,-0.517830468403387,0.155829803716741,-0.455418664291706,-0.0849509912336239,1.22459298388913,-0.447158134025757,0.396965241075134,-0.922415929654017,-1.283733833462,-1.21898967706861
"1999","5273","1","1","1","1",0,-0.517830468403387,0.155829803716741,-0.455418664291706,-0.0849509912336239,-1.22459298388913,0.447158134025757,0.469140739452431,-0.922415929654017,-1.283733833462,-1.21898967706861
"2000","5273","1","1","1","1",0,-0.517830468403387,0.155829803716741,-0.455418664291706,-0.0849509912336239,0,0.447158134025757,0.541316237829728,-0.922415929654017,-1.283733833462,-1.21898967706861
"2002","5273","1","1","1","1",0,-0.517830468403387,0.155829803716741,-0.455418664291706,-0.0849509912336239,-1.22459298388913,1.34147440207727,0.685667234584322,-0.922415929654017,-1.283733833462,-1.21898967706861
"2003","5273","1","1","1","1",0,-0.517830468403387,0.155829803716741,-0.455418664291706,-0.0849509912336239,0,1.34147440207727,0.757842732961619,-0.922415929654017,-1.283733833462,-1.21898967706861
"2004","5273","1","1","1","1",0,-0.517830468403387,0.155829803716741,-0.455418664291706,-0.0849509912336239,1.22459298388913,1.34147440207727,0.830018231338916,-0.922415929654017,-1.283733833462,-1.21898967706861
"2005","5273","1","1","1","1",0,-0.517830468403387,0.155829803716741,-0.455418664291706,-0.0849509912336239,-1.22459298388913,-1.34147440207727,0.902193729716213,-0.922415929654017,-1.283733833462,-1.21898967706861
"2006","5273","1","1","1","1",0,-0.517830468403387,0.155829803716741,-0.455418664291706,-0.0849509912336239,0,-1.34147440207727,0.97436922809351,-0.922415929654017,-1.283733833462,-1.21898967706861
"2007","5273","1","1","1","1",0,-0.517830468403387,0.155829803716741,-0.455418664291706,-0.0849509912336239,1.22459298388913,-1.34147440207727,1.04654472647081,-0.922415929654017,-1.283733833462,-1.21898967706861
"2008","5273","1","1","1","1",0,-0.517830468403387,0.155829803716741,-0.455418664291706,-0.0849509912336239,-1.22459298388913,-0.447158134025757,1.1187202248481,-0.922415929654017,-1.283733833462,-1.21898967706861
"2009","5273","1","1","1","1",0,-0.517830468403387,0.155829803716741,-0.455418664291706,-0.0849509912336239,0,-0.447158134025757,1.1908957232254,-0.922415929654017,-1.283733833462,-1.21898967706861
"2010","5273","1","1","1","1",0,-0.517830468403387,0.155829803716741,-0.455418664291706,-0.0849509912336239,1.22459298388913,-0.447158134025757,1.2630712216027,-0.922415929654017,-1.283733833462,-1.21898967706861
"2011","5273","1","1","1","1",0,-0.517830468403387,0.155829803716741,-0.455418664291706,-0.0849509912336239,-1.22459298388913,0.447158134025757,1.33524671998,-0.922415929654017,-1.283733833462,-1.21898967706861
"2012","5273","1","1","1","1",0,-0.517830468403387,0.155829803716741,-0.455418664291706,-0.0849509912336239,0,0.447158134025757,1.40742221835729,-0.922415929654017,-1.283733833462,-1.21898967706861
"2013","5273","1","1","1","1",0,-0.517830468403387,0.155829803716741,-0.455418664291706,-0.0849509912336239,1.22459298388913,0.447158134025757,1.47959771673459,-0.922415929654017,-1.283733833462,-1.21898967706861
"2014","5273","1","1","1","1",0,-0.517830468403387,0.155829803716741,-0.455418664291706,-0.0849509912336239,-1.22459298388913,1.34147440207727,1.55177321511189,-0.922415929654017,-1.283733833462,-1.21898967706861
"2015","5273","0","1","1","1",0,-0.517830468403387,0.155829803716741,-0.455418664291706,-0.0849509912336239,0,1.34147440207727,1.62394871348918,-0.922415929654017,-1.283733833462,-1.21898967706861
"2016","5273","1","1","1","1",0,-0.517830468403387,0.155829803716741,-0.455418664291706,-0.0849509912336239,1.22459298388913,1.34147440207727,1.69612421186648,-0.922415929654017,-1.283733833462,-1.21898967706861
"2017","5495","1","0","0","2",0,0.164445569315215,-0.948904038802791,0.670210257566974,-0.0849509912336239,-1.22459298388913,-1.34147440207727,-1.69612421186648,0.937918718387698,1.41886371066852,1.37001494679392
"2018","5495","1","0","0","2",0,0.164445569315215,-0.948904038802791,0.670210257566974,-0.0849509912336239,0,-1.34147440207727,-1.62394871348918,0.937918718387698,1.41886371066852,1.37001494679392
"2019","5495","1","0","0","2",0,0.164445569315215,-0.948904038802791,0.670210257566974,-0.0849509912336239,1.22459298388913,-1.34147440207727,-1.55177321511189,0.937918718387698,1.41886371066852,1.37001494679392
"2020","5495","1","0","0","2",0,0.164445569315215,-0.948904038802791,0.670210257566974,-0.0849509912336239,-1.22459298388913,-0.447158134025757,-1.47959771673459,0.937918718387698,1.41886371066852,1.37001494679392
"2021","5495","1","0","0","2",0,0.164445569315215,-0.948904038802791,0.670210257566974,-0.0849509912336239,0,-0.447158134025757,-1.40742221835729,0.937918718387698,1.41886371066852,1.37001494679392
"2022","5495","1","0","0","2",0,0.164445569315215,-0.948904038802791,0.670210257566974,-0.0849509912336239,1.22459298388913,-0.447158134025757,-1.33524671998,0.937918718387698,1.41886371066852,1.37001494679392
"2023","5495","1","0","0","2",0,0.164445569315215,-0.948904038802791,0.670210257566974,-0.0849509912336239,-1.22459298388913,0.447158134025757,-1.2630712216027,0.937918718387698,1.41886371066852,1.37001494679392
"2024","5495","1","0","0","2",0,0.164445569315215,-0.948904038802791,0.670210257566974,-0.0849509912336239,0,0.447158134025757,-1.1908957232254,0.937918718387698,1.41886371066852,1.37001494679392
"2025","5495","1","0","0","2",0,0.164445569315215,-0.948904038802791,0.670210257566974,-0.0849509912336239,1.22459298388913,0.447158134025757,-1.1187202248481,0.937918718387698,1.41886371066852,1.37001494679392
"2026","5495","1","0","0","2",0,0.164445569315215,-0.948904038802791,0.670210257566974,-0.0849509912336239,-1.22459298388913,1.34147440207727,-1.04654472647081,0.937918718387698,1.41886371066852,1.37001494679392
"2027","5495","1","0","0","2",0,0.164445569315215,-0.948904038802791,0.670210257566974,-0.0849509912336239,0,1.34147440207727,-0.97436922809351,0.937918718387698,1.41886371066852,1.37001494679392
"2028","5495","1","0","0","2",0,0.164445569315215,-0.948904038802791,0.670210257566974,-0.0849509912336239,1.22459298388913,1.34147440207727,-0.902193729716213,0.937918718387698,1.41886371066852,1.37001494679392
"2029","5495","1","0","0","2",0,0.164445569315215,-0.948904038802791,0.670210257566974,-0.0849509912336239,-1.22459298388913,-1.34147440207727,-0.830018231338916,0.937918718387698,1.41886371066852,1.37001494679392
"2030","5495","1","0","0","2",0,0.164445569315215,-0.948904038802791,0.670210257566974,-0.0849509912336239,0,-1.34147440207727,-0.757842732961619,0.937918718387698,1.41886371066852,1.37001494679392
"2031","5495","1","0","0","2",0,0.164445569315215,-0.948904038802791,0.670210257566974,-0.0849509912336239,1.22459298388913,-1.34147440207727,-0.685667234584322,0.937918718387698,1.41886371066852,1.37001494679392
"2032","5495","1","0","0","2",0,0.164445569315215,-0.948904038802791,0.670210257566974,-0.0849509912336239,-1.22459298388913,-0.447158134025757,-0.613491736207025,0.937918718387698,1.41886371066852,1.37001494679392
"2033","5495","1","0","0","2",0,0.164445569315215,-0.948904038802791,0.670210257566974,-0.0849509912336239,0,-0.447158134025757,-0.541316237829728,0.937918718387698,1.41886371066852,1.37001494679392
"2034","5495","1","0","0","2",0,0.164445569315215,-0.948904038802791,0.670210257566974,-0.0849509912336239,1.22459298388913,-0.447158134025757,-0.469140739452431,0.937918718387698,1.41886371066852,1.37001494679392
"2035","5495","1","0","0","2",0,0.164445569315215,-0.948904038802791,0.670210257566974,-0.0849509912336239,-1.22459298388913,0.447158134025757,-0.396965241075134,0.937918718387698,1.41886371066852,1.37001494679392
"2036","5495","1","0","0","2",0,0.164445569315215,-0.948904038802791,0.670210257566974,-0.0849509912336239,0,0.447158134025757,-0.324789742697837,0.937918718387698,1.41886371066852,1.37001494679392
"2038","5495","1","0","0","2",0,0.164445569315215,-0.948904038802791,0.670210257566974,-0.0849509912336239,-1.22459298388913,1.34147440207727,-0.180438745943243,0.937918718387698,1.41886371066852,1.37001494679392
"2039","5495","1","0","0","2",0,0.164445569315215,-0.948904038802791,0.670210257566974,-0.0849509912336239,0,1.34147440207727,-0.108263247565946,0.937918718387698,1.41886371066852,1.37001494679392
"2040","5495","1","0","0","2",0,0.164445569315215,-0.948904038802791,0.670210257566974,-0.0849509912336239,1.22459298388913,1.34147440207727,-0.0360877491886485,0.937918718387698,1.41886371066852,1.37001494679392
"2041","5495","1","0","1","2",0,0.164445569315215,-0.948904038802791,0.670210257566974,-0.0849509912336239,-1.22459298388913,-1.34147440207727,0.0360877491886485,0.937918718387698,1.41886371066852,1.37001494679392
"2042","5495","1","0","1","2",0,0.164445569315215,-0.948904038802791,0.670210257566974,-0.0849509912336239,0,-1.34147440207727,0.108263247565946,0.937918718387698,1.41886371066852,1.37001494679392
"2043","5495","1","0","1","2",0,0.164445569315215,-0.948904038802791,0.670210257566974,-0.0849509912336239,1.22459298388913,-1.34147440207727,0.180438745943243,0.937918718387698,1.41886371066852,1.37001494679392
"2044","5495","1","0","1","2",0,0.164445569315215,-0.948904038802791,0.670210257566974,-0.0849509912336239,-1.22459298388913,-0.447158134025757,0.25261424432054,0.937918718387698,1.41886371066852,1.37001494679392
"2045","5495","1","0","1","2",0,0.164445569315215,-0.948904038802791,0.670210257566974,-0.0849509912336239,0,-0.447158134025757,0.324789742697837,0.937918718387698,1.41886371066852,1.37001494679392
"2046","5495","1","0","1","2",0,0.164445569315215,-0.948904038802791,0.670210257566974,-0.0849509912336239,1.22459298388913,-0.447158134025757,0.396965241075134,0.937918718387698,1.41886371066852,1.37001494679392
"2047","5495","0","0","1","2",0,0.164445569315215,-0.948904038802791,0.670210257566974,-0.0849509912336239,-1.22459298388913,0.447158134025757,0.469140739452431,0.937918718387698,1.41886371066852,1.37001494679392
"2048","5495","1","0","1","2",0,0.164445569315215,-0.948904038802791,0.670210257566974,-0.0849509912336239,0,0.447158134025757,0.541316237829728,0.937918718387698,1.41886371066852,1.37001494679392
"2049","5495","1","0","1","2",1,0.164445569315215,-0.948904038802791,0.670210257566974,-0.0849509912336239,1.22459298388913,0.447158134025757,0.613491736207025,0.937918718387698,1.41886371066852,1.37001494679392
"2050","5495","1","0","1","2",0,0.164445569315215,-0.948904038802791,0.670210257566974,-0.0849509912336239,-1.22459298388913,1.34147440207727,0.685667234584322,0.937918718387698,1.41886371066852,1.37001494679392
"2051","5495","1","0","1","2",0,0.164445569315215,-0.948904038802791,0.670210257566974,-0.0849509912336239,0,1.34147440207727,0.757842732961619,0.937918718387698,1.41886371066852,1.37001494679392
"2052","5495","1","0","1","2",0,0.164445569315215,-0.948904038802791,0.670210257566974,-0.0849509912336239,1.22459298388913,1.34147440207727,0.830018231338916,0.937918718387698,1.41886371066852,1.37001494679392
"2053","5495","0","0","1","2",0,0.164445569315215,-0.948904038802791,0.670210257566974,-0.0849509912336239,-1.22459298388913,-1.34147440207727,0.902193729716213,0.937918718387698,1.41886371066852,1.37001494679392
"2054","5495","0","0","1","2",0,0.164445569315215,-0.948904038802791,0.670210257566974,-0.0849509912336239,0,-1.34147440207727,0.97436922809351,0.937918718387698,1.41886371066852,1.37001494679392
"2055","5495","0","0","1","2",0,0.164445569315215,-0.948904038802791,0.670210257566974,-0.0849509912336239,1.22459298388913,-1.34147440207727,1.04654472647081,0.937918718387698,1.41886371066852,1.37001494679392
"2056","5495","0","0","1","2",0,0.164445569315215,-0.948904038802791,0.670210257566974,-0.0849509912336239,-1.22459298388913,-0.447158134025757,1.1187202248481,0.937918718387698,1.41886371066852,1.37001494679392
"2057","5495","0","0","1","2",0,0.164445569315215,-0.948904038802791,0.670210257566974,-0.0849509912336239,0,-0.447158134025757,1.1908957232254,0.937918718387698,1.41886371066852,1.37001494679392
"2058","5495","1","0","1","2",0,0.164445569315215,-0.948904038802791,0.670210257566974,-0.0849509912336239,1.22459298388913,-0.447158134025757,1.2630712216027,0.937918718387698,1.41886371066852,1.37001494679392
"2062","5495","0","0","1","2",0,0.164445569315215,-0.948904038802791,0.670210257566974,-0.0849509912336239,-1.22459298388913,1.34147440207727,1.55177321511189,0.937918718387698,1.41886371066852,1.37001494679392
"2063","5495","0","0","1","2",0,0.164445569315215,-0.948904038802791,0.670210257566974,-0.0849509912336239,0,1.34147440207727,1.62394871348918,0.937918718387698,1.41886371066852,1.37001494679392
"2064","5495","0","0","1","2",0,0.164445569315215,-0.948904038802791,0.670210257566974,-0.0849509912336239,1.22459298388913,1.34147440207727,1.69612421186648,0.937918718387698,1.41886371066852,1.37001494679392
"2065","5654","1","0","0","2",0,0.505993117608921,0.0177380734017993,0.670210257566974,-0.737508737051909,-1.22459298388913,-1.34147440207727,-1.69612421186648,0.31780716904046,0.0675649386032631,0.507013405506412
"2066","5654","1","0","0","2",0,0.505993117608921,0.0177380734017993,0.670210257566974,-0.737508737051909,0,-1.34147440207727,-1.62394871348918,0.31780716904046,0.0675649386032631,0.507013405506412
"2067","5654","1","0","0","2",0,0.505993117608921,0.0177380734017993,0.670210257566974,-0.737508737051909,1.22459298388913,-1.34147440207727,-1.55177321511189,0.31780716904046,0.0675649386032631,0.507013405506412
"2068","5654","1","0","0","2",0,0.505993117608921,0.0177380734017993,0.670210257566974,-0.737508737051909,-1.22459298388913,-0.447158134025757,-1.47959771673459,0.31780716904046,0.0675649386032631,0.507013405506412
"2069","5654","1","0","0","2",0,0.505993117608921,0.0177380734017993,0.670210257566974,-0.737508737051909,0,-0.447158134025757,-1.40742221835729,0.31780716904046,0.0675649386032631,0.507013405506412
"2070","5654","1","0","0","2",0,0.505993117608921,0.0177380734017993,0.670210257566974,-0.737508737051909,1.22459298388913,-0.447158134025757,-1.33524671998,0.31780716904046,0.0675649386032631,0.507013405506412
"2071","5654","1","0","0","2",0,0.505993117608921,0.0177380734017993,0.670210257566974,-0.737508737051909,-1.22459298388913,0.447158134025757,-1.2630712216027,0.31780716904046,0.0675649386032631,0.507013405506412
"2072","5654","1","0","0","2",0,0.505993117608921,0.0177380734017993,0.670210257566974,-0.737508737051909,0,0.447158134025757,-1.1908957232254,0.31780716904046,0.0675649386032631,0.507013405506412
"2073","5654","1","0","0","2",0,0.505993117608921,0.0177380734017993,0.670210257566974,-0.737508737051909,1.22459298388913,0.447158134025757,-1.1187202248481,0.31780716904046,0.0675649386032631,0.507013405506412
"2074","5654","1","0","0","2",0,0.505993117608921,0.0177380734017993,0.670210257566974,-0.737508737051909,-1.22459298388913,1.34147440207727,-1.04654472647081,0.31780716904046,0.0675649386032631,0.507013405506412
"2075","5654","1","0","0","2",0,0.505993117608921,0.0177380734017993,0.670210257566974,-0.737508737051909,0,1.34147440207727,-0.97436922809351,0.31780716904046,0.0675649386032631,0.507013405506412
"2076","5654","1","0","0","2",0,0.505993117608921,0.0177380734017993,0.670210257566974,-0.737508737051909,1.22459298388913,1.34147440207727,-0.902193729716213,0.31780716904046,0.0675649386032631,0.507013405506412
"2077","5654","1","0","0","2",0,0.505993117608921,0.0177380734017993,0.670210257566974,-0.737508737051909,-1.22459298388913,-1.34147440207727,-0.830018231338916,0.31780716904046,0.0675649386032631,0.507013405506412
"2078","5654","1","0","0","2",0,0.505993117608921,0.0177380734017993,0.670210257566974,-0.737508737051909,0,-1.34147440207727,-0.757842732961619,0.31780716904046,0.0675649386032631,0.507013405506412
"2079","5654","1","0","0","2",0,0.505993117608921,0.0177380734017993,0.670210257566974,-0.737508737051909,1.22459298388913,-1.34147440207727,-0.685667234584322,0.31780716904046,0.0675649386032631,0.507013405506412
"2080","5654","1","0","0","2",0,0.505993117608921,0.0177380734017993,0.670210257566974,-0.737508737051909,-1.22459298388913,-0.447158134025757,-0.613491736207025,0.31780716904046,0.0675649386032631,0.507013405506412
"2081","5654","1","0","0","2",0,0.505993117608921,0.0177380734017993,0.670210257566974,-0.737508737051909,0,-0.447158134025757,-0.541316237829728,0.31780716904046,0.0675649386032631,0.507013405506412
"2082","5654","1","0","0","2",0,0.505993117608921,0.0177380734017993,0.670210257566974,-0.737508737051909,1.22459298388913,-0.447158134025757,-0.469140739452431,0.31780716904046,0.0675649386032631,0.507013405506412
"2083","5654","1","0","0","2",0,0.505993117608921,0.0177380734017993,0.670210257566974,-0.737508737051909,-1.22459298388913,0.447158134025757,-0.396965241075134,0.31780716904046,0.0675649386032631,0.507013405506412
"2084","5654","1","0","0","2",1,0.505993117608921,0.0177380734017993,0.670210257566974,-0.737508737051909,0,0.447158134025757,-0.324789742697837,0.31780716904046,0.0675649386032631,0.507013405506412
"2085","5654","1","0","0","2",0,0.505993117608921,0.0177380734017993,0.670210257566974,-0.737508737051909,1.22459298388913,0.447158134025757,-0.25261424432054,0.31780716904046,0.0675649386032631,0.507013405506412
"2086","5654","1","0","0","2",0,0.505993117608921,0.0177380734017993,0.670210257566974,-0.737508737051909,-1.22459298388913,1.34147440207727,-0.180438745943243,0.31780716904046,0.0675649386032631,0.507013405506412
"2087","5654","1","0","0","2",0,0.505993117608921,0.0177380734017993,0.670210257566974,-0.737508737051909,0,1.34147440207727,-0.108263247565946,0.31780716904046,0.0675649386032631,0.507013405506412
"2088","5654","1","0","0","2",1,0.505993117608921,0.0177380734017993,0.670210257566974,-0.737508737051909,1.22459298388913,1.34147440207727,-0.0360877491886485,0.31780716904046,0.0675649386032631,0.507013405506412
"2089","5654","1","0","1","2",0,0.505993117608921,0.0177380734017993,0.670210257566974,-0.737508737051909,-1.22459298388913,-1.34147440207727,0.0360877491886485,0.31780716904046,0.0675649386032631,0.507013405506412
"2090","5654","1","0","1","2",0,0.505993117608921,0.0177380734017993,0.670210257566974,-0.737508737051909,0,-1.34147440207727,0.108263247565946,0.31780716904046,0.0675649386032631,0.507013405506412
"2091","5654","1","0","1","2",0,0.505993117608921,0.0177380734017993,0.670210257566974,-0.737508737051909,1.22459298388913,-1.34147440207727,0.180438745943243,0.31780716904046,0.0675649386032631,0.507013405506412
"2092","5654","0","0","1","2",0,0.505993117608921,0.0177380734017993,0.670210257566974,-0.737508737051909,-1.22459298388913,-0.447158134025757,0.25261424432054,0.31780716904046,0.0675649386032631,0.507013405506412
"2093","5654","0","0","1","2",0,0.505993117608921,0.0177380734017993,0.670210257566974,-0.737508737051909,0,-0.447158134025757,0.324789742697837,0.31780716904046,0.0675649386032631,0.507013405506412
"2094","5654","0","0","1","2",0,0.505993117608921,0.0177380734017993,0.670210257566974,-0.737508737051909,1.22459298388913,-0.447158134025757,0.396965241075134,0.31780716904046,0.0675649386032631,0.507013405506412
"2095","5654","0","0","1","2",0,0.505993117608921,0.0177380734017993,0.670210257566974,-0.737508737051909,-1.22459298388913,0.447158134025757,0.469140739452431,0.31780716904046,0.0675649386032631,0.507013405506412
"2097","5654","0","0","1","2",0,0.505993117608921,0.0177380734017993,0.670210257566974,-0.737508737051909,1.22459298388913,0.447158134025757,0.613491736207025,0.31780716904046,0.0675649386032631,0.507013405506412
"2098","5654","0","0","1","2",0,0.505993117608921,0.0177380734017993,0.670210257566974,-0.737508737051909,-1.22459298388913,1.34147440207727,0.685667234584322,0.31780716904046,0.0675649386032631,0.507013405506412
"2099","5654","1","0","1","2",1,0.505993117608921,0.0177380734017993,0.670210257566974,-0.737508737051909,0,1.34147440207727,0.757842732961619,0.31780716904046,0.0675649386032631,0.507013405506412
"2101","5654","1","0","1","2",0,0.505993117608921,0.0177380734017993,0.670210257566974,-0.737508737051909,-1.22459298388913,-1.34147440207727,0.902193729716213,0.31780716904046,0.0675649386032631,0.507013405506412
"2102","5654","1","0","1","2",0,0.505993117608921,0.0177380734017993,0.670210257566974,-0.737508737051909,0,-1.34147440207727,0.97436922809351,0.31780716904046,0.0675649386032631,0.507013405506412
"2103","5654","1","0","1","2",0,0.505993117608921,0.0177380734017993,0.670210257566974,-0.737508737051909,1.22459298388913,-1.34147440207727,1.04654472647081,0.31780716904046,0.0675649386032631,0.507013405506412
"2104","5654","0","0","1","2",0,0.505993117608921,0.0177380734017993,0.670210257566974,-0.737508737051909,-1.22459298388913,-0.447158134025757,1.1187202248481,0.31780716904046,0.0675649386032631,0.507013405506412
"2105","5654","1","0","1","2",0,0.505993117608921,0.0177380734017993,0.670210257566974,-0.737508737051909,0,-0.447158134025757,1.1908957232254,0.31780716904046,0.0675649386032631,0.507013405506412
"2106","5654","0","0","1","2",0,0.505993117608921,0.0177380734017993,0.670210257566974,-0.737508737051909,1.22459298388913,-0.447158134025757,1.2630712216027,0.31780716904046,0.0675649386032631,0.507013405506412
"2107","5654","0","0","1","2",0,0.505993117608921,0.0177380734017993,0.670210257566974,-0.737508737051909,-1.22459298388913,0.447158134025757,1.33524671998,0.31780716904046,0.0675649386032631,0.507013405506412
"2108","5654","0","0","1","2",0,0.505993117608921,0.0177380734017993,0.670210257566974,-0.737508737051909,0,0.447158134025757,1.40742221835729,0.31780716904046,0.0675649386032631,0.507013405506412
"2110","5654","0","0","1","2",0,0.505993117608921,0.0177380734017993,0.670210257566974,-0.737508737051909,-1.22459298388913,1.34147440207727,1.55177321511189,0.31780716904046,0.0675649386032631,0.507013405506412
"2111","5654","0","0","1","2",0,0.505993117608921,0.0177380734017993,0.670210257566974,-0.737508737051909,0,1.34147440207727,1.62394871348918,0.31780716904046,0.0675649386032631,0.507013405506412
"2112","5654","0","0","1","2",0,0.505993117608921,0.0177380734017993,0.670210257566974,-0.737508737051909,1.22459298388913,1.34147440207727,1.69612421186648,0.31780716904046,0.0675649386032631,0.507013405506412
"2113","5822","1","1","0","1",0,-0.517830468403387,-0.948904038802791,-1.01890877283321,-0.737508737051909,-1.22459298388913,-1.34147440207727,-1.69612421186648,-0.922415929654017,-1.283733833462,-1.21898967706861
"2114","5822","1","1","0","1",0,-0.517830468403387,-0.948904038802791,-1.01890877283321,-0.737508737051909,0,-1.34147440207727,-1.62394871348918,-0.922415929654017,-1.283733833462,-1.21898967706861
"2115","5822","1","1","0","1",0,-0.517830468403387,-0.948904038802791,-1.01890877283321,-0.737508737051909,1.22459298388913,-1.34147440207727,-1.55177321511189,-0.922415929654017,-1.283733833462,-1.21898967706861
"2116","5822","1","1","0","1",0,-0.517830468403387,-0.948904038802791,-1.01890877283321,-0.737508737051909,-1.22459298388913,-0.447158134025757,-1.47959771673459,-0.922415929654017,-1.283733833462,-1.21898967706861
"2117","5822","1","1","0","1",0,-0.517830468403387,-0.948904038802791,-1.01890877283321,-0.737508737051909,0,-0.447158134025757,-1.40742221835729,-0.922415929654017,-1.283733833462,-1.21898967706861
"2118","5822","1","1","0","1",0,-0.517830468403387,-0.948904038802791,-1.01890877283321,-0.737508737051909,1.22459298388913,-0.447158134025757,-1.33524671998,-0.922415929654017,-1.283733833462,-1.21898967706861
"2119","5822","1","1","0","1",0,-0.517830468403387,-0.948904038802791,-1.01890877283321,-0.737508737051909,-1.22459298388913,0.447158134025757,-1.2630712216027,-0.922415929654017,-1.283733833462,-1.21898967706861
"2120","5822","1","1","0","1",0,-0.517830468403387,-0.948904038802791,-1.01890877283321,-0.737508737051909,0,0.447158134025757,-1.1908957232254,-0.922415929654017,-1.283733833462,-1.21898967706861
"2121","5822","1","1","0","1",0,-0.517830468403387,-0.948904038802791,-1.01890877283321,-0.737508737051909,1.22459298388913,0.447158134025757,-1.1187202248481,-0.922415929654017,-1.283733833462,-1.21898967706861
"2122","5822","1","1","0","1",0,-0.517830468403387,-0.948904038802791,-1.01890877283321,-0.737508737051909,-1.22459298388913,1.34147440207727,-1.04654472647081,-0.922415929654017,-1.283733833462,-1.21898967706861
"2123","5822","1","1","0","1",0,-0.517830468403387,-0.948904038802791,-1.01890877283321,-0.737508737051909,0,1.34147440207727,-0.97436922809351,-0.922415929654017,-1.283733833462,-1.21898967706861
"2124","5822","1","1","0","1",0,-0.517830468403387,-0.948904038802791,-1.01890877283321,-0.737508737051909,1.22459298388913,1.34147440207727,-0.902193729716213,-0.922415929654017,-1.283733833462,-1.21898967706861
"2125","5822","1","1","0","1",0,-0.517830468403387,-0.948904038802791,-1.01890877283321,-0.737508737051909,-1.22459298388913,-1.34147440207727,-0.830018231338916,-0.922415929654017,-1.283733833462,-1.21898967706861
"2126","5822","1","1","0","1",0,-0.517830468403387,-0.948904038802791,-1.01890877283321,-0.737508737051909,0,-1.34147440207727,-0.757842732961619,-0.922415929654017,-1.283733833462,-1.21898967706861
"2127","5822","1","1","0","1",0,-0.517830468403387,-0.948904038802791,-1.01890877283321,-0.737508737051909,1.22459298388913,-1.34147440207727,-0.685667234584322,-0.922415929654017,-1.283733833462,-1.21898967706861
"2128","5822","1","1","0","1",0,-0.517830468403387,-0.948904038802791,-1.01890877283321,-0.737508737051909,-1.22459298388913,-0.447158134025757,-0.613491736207025,-0.922415929654017,-1.283733833462,-1.21898967706861
"2129","5822","1","1","0","1",0,-0.517830468403387,-0.948904038802791,-1.01890877283321,-0.737508737051909,0,-0.447158134025757,-0.541316237829728,-0.922415929654017,-1.283733833462,-1.21898967706861
"2130","5822","1","1","0","1",0,-0.517830468403387,-0.948904038802791,-1.01890877283321,-0.737508737051909,1.22459298388913,-0.447158134025757,-0.469140739452431,-0.922415929654017,-1.283733833462,-1.21898967706861
"2131","5822","1","1","0","1",0,-0.517830468403387,-0.948904038802791,-1.01890877283321,-0.737508737051909,-1.22459298388913,0.447158134025757,-0.396965241075134,-0.922415929654017,-1.283733833462,-1.21898967706861
"2132","5822","1","1","0","1",0,-0.517830468403387,-0.948904038802791,-1.01890877283321,-0.737508737051909,0,0.447158134025757,-0.324789742697837,-0.922415929654017,-1.283733833462,-1.21898967706861
"2133","5822","1","1","0","1",0,-0.517830468403387,-0.948904038802791,-1.01890877283321,-0.737508737051909,1.22459298388913,0.447158134025757,-0.25261424432054,-0.922415929654017,-1.283733833462,-1.21898967706861
"2134","5822","1","1","0","1",0,-0.517830468403387,-0.948904038802791,-1.01890877283321,-0.737508737051909,-1.22459298388913,1.34147440207727,-0.180438745943243,-0.922415929654017,-1.283733833462,-1.21898967706861
"2135","5822","1","1","0","1",0,-0.517830468403387,-0.948904038802791,-1.01890877283321,-0.737508737051909,0,1.34147440207727,-0.108263247565946,-0.922415929654017,-1.283733833462,-1.21898967706861
"2136","5822","1","1","0","1",0,-0.517830468403387,-0.948904038802791,-1.01890877283321,-0.737508737051909,1.22459298388913,1.34147440207727,-0.0360877491886485,-0.922415929654017,-1.283733833462,-1.21898967706861
"2137","5822","1","1","1","1",0,-0.517830468403387,-0.948904038802791,-1.01890877283321,-0.737508737051909,-1.22459298388913,-1.34147440207727,0.0360877491886485,-0.922415929654017,-1.283733833462,-1.21898967706861
"2138","5822","1","1","1","1",0,-0.517830468403387,-0.948904038802791,-1.01890877283321,-0.737508737051909,0,-1.34147440207727,0.108263247565946,-0.922415929654017,-1.283733833462,-1.21898967706861
"2139","5822","1","1","1","1",0,-0.517830468403387,-0.948904038802791,-1.01890877283321,-0.737508737051909,1.22459298388913,-1.34147440207727,0.180438745943243,-0.922415929654017,-1.283733833462,-1.21898967706861
"2140","5822","1","1","1","1",0,-0.517830468403387,-0.948904038802791,-1.01890877283321,-0.737508737051909,-1.22459298388913,-0.447158134025757,0.25261424432054,-0.922415929654017,-1.283733833462,-1.21898967706861
"2141","5822","1","1","1","1",0,-0.517830468403387,-0.948904038802791,-1.01890877283321,-0.737508737051909,0,-0.447158134025757,0.324789742697837,-0.922415929654017,-1.283733833462,-1.21898967706861
"2142","5822","1","1","1","1",0,-0.517830468403387,-0.948904038802791,-1.01890877283321,-0.737508737051909,1.22459298388913,-0.447158134025757,0.396965241075134,-0.922415929654017,-1.283733833462,-1.21898967706861
"2143","5822","1","1","1","1",0,-0.517830468403387,-0.948904038802791,-1.01890877283321,-0.737508737051909,-1.22459298388913,0.447158134025757,0.469140739452431,-0.922415929654017,-1.283733833462,-1.21898967706861
"2144","5822","1","1","1","1",0,-0.517830468403387,-0.948904038802791,-1.01890877283321,-0.737508737051909,0,0.447158134025757,0.541316237829728,-0.922415929654017,-1.283733833462,-1.21898967706861
"2145","5822","1","1","1","1",0,-0.517830468403387,-0.948904038802791,-1.01890877283321,-0.737508737051909,1.22459298388913,0.447158134025757,0.613491736207025,-0.922415929654017,-1.283733833462,-1.21898967706861
"2146","5822","1","1","1","1",0,-0.517830468403387,-0.948904038802791,-1.01890877283321,-0.737508737051909,-1.22459298388913,1.34147440207727,0.685667234584322,-0.922415929654017,-1.283733833462,-1.21898967706861
"2147","5822","1","1","1","1",0,-0.517830468403387,-0.948904038802791,-1.01890877283321,-0.737508737051909,0,1.34147440207727,0.757842732961619,-0.922415929654017,-1.283733833462,-1.21898967706861
"2148","5822","1","1","1","1",0,-0.517830468403387,-0.948904038802791,-1.01890877283321,-0.737508737051909,1.22459298388913,1.34147440207727,0.830018231338916,-0.922415929654017,-1.283733833462,-1.21898967706861
"2149","5822","1","1","1","1",0,-0.517830468403387,-0.948904038802791,-1.01890877283321,-0.737508737051909,-1.22459298388913,-1.34147440207727,0.902193729716213,-0.922415929654017,-1.283733833462,-1.21898967706861
"2150","5822","1","1","1","1",0,-0.517830468403387,-0.948904038802791,-1.01890877283321,-0.737508737051909,0,-1.34147440207727,0.97436922809351,-0.922415929654017,-1.283733833462,-1.21898967706861
"2151","5822","1","1","1","1",0,-0.517830468403387,-0.948904038802791,-1.01890877283321,-0.737508737051909,1.22459298388913,-1.34147440207727,1.04654472647081,-0.922415929654017,-1.283733833462,-1.21898967706861
"2152","5822","1","1","1","1",0,-0.517830468403387,-0.948904038802791,-1.01890877283321,-0.737508737051909,-1.22459298388913,-0.447158134025757,1.1187202248481,-0.922415929654017,-1.283733833462,-1.21898967706861
"2153","5822","1","1","1","1",0,-0.517830468403387,-0.948904038802791,-1.01890877283321,-0.737508737051909,0,-0.447158134025757,1.1908957232254,-0.922415929654017,-1.283733833462,-1.21898967706861
"2154","5822","1","1","1","1",0,-0.517830468403387,-0.948904038802791,-1.01890877283321,-0.737508737051909,1.22459298388913,-0.447158134025757,1.2630712216027,-0.922415929654017,-1.283733833462,-1.21898967706861
"2155","5822","1","1","1","1",0,-0.517830468403387,-0.948904038802791,-1.01890877283321,-0.737508737051909,-1.22459298388913,0.447158134025757,1.33524671998,-0.922415929654017,-1.283733833462,-1.21898967706861
"2156","5822","1","1","1","1",0,-0.517830468403387,-0.948904038802791,-1.01890877283321,-0.737508737051909,0,0.447158134025757,1.40742221835729,-0.922415929654017,-1.283733833462,-1.21898967706861
"2157","5822","1","1","1","1",0,-0.517830468403387,-0.948904038802791,-1.01890877283321,-0.737508737051909,1.22459298388913,0.447158134025757,1.47959771673459,-0.922415929654017,-1.283733833462,-1.21898967706861
"2158","5822","1","1","1","1",0,-0.517830468403387,-0.948904038802791,-1.01890877283321,-0.737508737051909,-1.22459298388913,1.34147440207727,1.55177321511189,-0.922415929654017,-1.283733833462,-1.21898967706861
"2159","5822","1","1","1","1",0,-0.517830468403387,-0.948904038802791,-1.01890877283321,-0.737508737051909,0,1.34147440207727,1.62394871348918,-0.922415929654017,-1.283733833462,-1.21898967706861
"2160","5822","1","1","1","1",0,-0.517830468403387,-0.948904038802791,-1.01890877283321,-0.737508737051909,1.22459298388913,1.34147440207727,1.69612421186648,-0.922415929654017,-1.283733833462,-1.21898967706861
"2161","5835","1","1","0","1",0,-0.00591867539723304,-0.338515382116579,2.35932928796715,2.52215021867828,-1.22459298388913,-1.34147440207727,-1.69612421186648,-1.54252747900125,-1.283733833462,-1.21898967706861
"2162","5835","1","1","0","1",0,-0.00591867539723304,-0.338515382116579,2.35932928796715,2.52215021867828,0,-1.34147440207727,-1.62394871348918,-1.54252747900125,-1.283733833462,-1.21898967706861
"2163","5835","1","1","0","1",0,-0.00591867539723304,-0.338515382116579,2.35932928796715,2.52215021867828,1.22459298388913,-1.34147440207727,-1.55177321511189,-1.54252747900125,-1.283733833462,-1.21898967706861
"2164","5835","1","1","0","1",0,-0.00591867539723304,-0.338515382116579,2.35932928796715,2.52215021867828,-1.22459298388913,-0.447158134025757,-1.47959771673459,-1.54252747900125,-1.283733833462,-1.21898967706861
"2166","5835","1","1","0","1",0,-0.00591867539723304,-0.338515382116579,2.35932928796715,2.52215021867828,1.22459298388913,-0.447158134025757,-1.33524671998,-1.54252747900125,-1.283733833462,-1.21898967706861
"2168","5835","1","1","0","1",0,-0.00591867539723304,-0.338515382116579,2.35932928796715,2.52215021867828,0,0.447158134025757,-1.1908957232254,-1.54252747900125,-1.283733833462,-1.21898967706861
"2169","5835","1","1","0","1",0,-0.00591867539723304,-0.338515382116579,2.35932928796715,2.52215021867828,1.22459298388913,0.447158134025757,-1.1187202248481,-1.54252747900125,-1.283733833462,-1.21898967706861
"2171","5835","1","1","0","1",0,-0.00591867539723304,-0.338515382116579,2.35932928796715,2.52215021867828,0,1.34147440207727,-0.97436922809351,-1.54252747900125,-1.283733833462,-1.21898967706861
"2172","5835","1","1","0","1",0,-0.00591867539723304,-0.338515382116579,2.35932928796715,2.52215021867828,1.22459298388913,1.34147440207727,-0.902193729716213,-1.54252747900125,-1.283733833462,-1.21898967706861
"2173","5835","1","1","0","1",0,-0.00591867539723304,-0.338515382116579,2.35932928796715,2.52215021867828,-1.22459298388913,-1.34147440207727,-0.830018231338916,-1.54252747900125,-1.283733833462,-1.21898967706861
"2174","5835","1","1","0","1",1,-0.00591867539723304,-0.338515382116579,2.35932928796715,2.52215021867828,0,-1.34147440207727,-0.757842732961619,-1.54252747900125,-1.283733833462,-1.21898967706861
"2175","5835","1","1","0","1",0,-0.00591867539723304,-0.338515382116579,2.35932928796715,2.52215021867828,1.22459298388913,-1.34147440207727,-0.685667234584322,-1.54252747900125,-1.283733833462,-1.21898967706861
"2176","5835","1","1","0","1",0,-0.00591867539723304,-0.338515382116579,2.35932928796715,2.52215021867828,-1.22459298388913,-0.447158134025757,-0.613491736207025,-1.54252747900125,-1.283733833462,-1.21898967706861
"2178","5835","1","1","0","1",0,-0.00591867539723304,-0.338515382116579,2.35932928796715,2.52215021867828,1.22459298388913,-0.447158134025757,-0.469140739452431,-1.54252747900125,-1.283733833462,-1.21898967706861
"2180","5835","1","1","0","1",0,-0.00591867539723304,-0.338515382116579,2.35932928796715,2.52215021867828,0,0.447158134025757,-0.324789742697837,-1.54252747900125,-1.283733833462,-1.21898967706861
"2181","5835","1","1","0","1",0,-0.00591867539723304,-0.338515382116579,2.35932928796715,2.52215021867828,1.22459298388913,0.447158134025757,-0.25261424432054,-1.54252747900125,-1.283733833462,-1.21898967706861
"2182","5835","1","1","0","1",0,-0.00591867539723304,-0.338515382116579,2.35932928796715,2.52215021867828,-1.22459298388913,1.34147440207727,-0.180438745943243,-1.54252747900125,-1.283733833462,-1.21898967706861
"2183","5835","1","1","0","1",0,-0.00591867539723304,-0.338515382116579,2.35932928796715,2.52215021867828,0,1.34147440207727,-0.108263247565946,-1.54252747900125,-1.283733833462,-1.21898967706861
"2184","5835","1","1","0","1",0,-0.00591867539723304,-0.338515382116579,2.35932928796715,2.52215021867828,1.22459298388913,1.34147440207727,-0.0360877491886485,-1.54252747900125,-1.283733833462,-1.21898967706861
"2185","5835","1","1","1","1",0,-0.00591867539723304,-0.338515382116579,2.35932928796715,2.52215021867828,-1.22459298388913,-1.34147440207727,0.0360877491886485,-1.54252747900125,-1.283733833462,-1.21898967706861
"2187","5835","1","1","1","1",0,-0.00591867539723304,-0.338515382116579,2.35932928796715,2.52215021867828,1.22459298388913,-1.34147440207727,0.180438745943243,-1.54252747900125,-1.283733833462,-1.21898967706861
"2188","5835","0","1","1","1",0,-0.00591867539723304,-0.338515382116579,2.35932928796715,2.52215021867828,-1.22459298388913,-0.447158134025757,0.25261424432054,-1.54252747900125,-1.283733833462,-1.21898967706861
"2190","5835","1","1","1","1",0,-0.00591867539723304,-0.338515382116579,2.35932928796715,2.52215021867828,1.22459298388913,-0.447158134025757,0.396965241075134,-1.54252747900125,-1.283733833462,-1.21898967706861
"2191","5835","1","1","1","1",1,-0.00591867539723304,-0.338515382116579,2.35932928796715,2.52215021867828,-1.22459298388913,0.447158134025757,0.469140739452431,-1.54252747900125,-1.283733833462,-1.21898967706861
"2192","5835","1","1","1","1",0,-0.00591867539723304,-0.338515382116579,2.35932928796715,2.52215021867828,0,0.447158134025757,0.541316237829728,-1.54252747900125,-1.283733833462,-1.21898967706861
"2193","5835","1","1","1","1",0,-0.00591867539723304,-0.338515382116579,2.35932928796715,2.52215021867828,1.22459298388913,0.447158134025757,0.613491736207025,-1.54252747900125,-1.283733833462,-1.21898967706861
"2194","5835","0","1","1","1",0,-0.00591867539723304,-0.338515382116579,2.35932928796715,2.52215021867828,-1.22459298388913,1.34147440207727,0.685667234584322,-1.54252747900125,-1.283733833462,-1.21898967706861
"2195","5835","1","1","1","1",0,-0.00591867539723304,-0.338515382116579,2.35932928796715,2.52215021867828,0,1.34147440207727,0.757842732961619,-1.54252747900125,-1.283733833462,-1.21898967706861
"2196","5835","1","1","1","1",0,-0.00591867539723304,-0.338515382116579,2.35932928796715,2.52215021867828,1.22459298388913,1.34147440207727,0.830018231338916,-1.54252747900125,-1.283733833462,-1.21898967706861
"2199","5835","1","1","1","1",0,-0.00591867539723304,-0.338515382116579,2.35932928796715,2.52215021867828,1.22459298388913,-1.34147440207727,1.04654472647081,-1.54252747900125,-1.283733833462,-1.21898967706861
"2200","5835","1","1","1","1",0,-0.00591867539723304,-0.338515382116579,2.35932928796715,2.52215021867828,-1.22459298388913,-0.447158134025757,1.1187202248481,-1.54252747900125,-1.283733833462,-1.21898967706861
"2201","5835","1","1","1","1",0,-0.00591867539723304,-0.338515382116579,2.35932928796715,2.52215021867828,0,-0.447158134025757,1.1908957232254,-1.54252747900125,-1.283733833462,-1.21898967706861
"2203","5835","1","1","1","1",0,-0.00591867539723304,-0.338515382116579,2.35932928796715,2.52215021867828,-1.22459298388913,0.447158134025757,1.33524671998,-1.54252747900125,-1.283733833462,-1.21898967706861
"2204","5835","1","1","1","1",0,-0.00591867539723304,-0.338515382116579,2.35932928796715,2.52215021867828,0,0.447158134025757,1.40742221835729,-1.54252747900125,-1.283733833462,-1.21898967706861
"2205","5835","1","1","1","1",0,-0.00591867539723304,-0.338515382116579,2.35932928796715,2.52215021867828,1.22459298388913,0.447158134025757,1.47959771673459,-1.54252747900125,-1.283733833462,-1.21898967706861
"2207","5835","1","1","1","1",0,-0.00591867539723304,-0.338515382116579,2.35932928796715,2.52215021867828,0,1.34147440207727,1.62394871348918,-1.54252747900125,-1.283733833462,-1.21898967706861
"2208","5835","1","1","1","1",0,-0.00591867539723304,-0.338515382116579,2.35932928796715,2.52215021867828,1.22459298388913,1.34147440207727,1.69612421186648,-1.54252747900125,-1.283733833462,-1.21898967706861
"2209","5918","1","0","0","2",0,-0.517830468403387,-0.174894088214001,-1.01890877283321,-0.737508737051909,-1.22459298388913,-1.34147440207727,-1.69612421186648,0.937918718387698,1.41886371066852,1.37001494679392
"2210","5918","1","0","0","2",0,-0.517830468403387,-0.174894088214001,-1.01890877283321,-0.737508737051909,0,-1.34147440207727,-1.62394871348918,0.937918718387698,1.41886371066852,1.37001494679392
"2211","5918","1","0","0","2",0,-0.517830468403387,-0.174894088214001,-1.01890877283321,-0.737508737051909,1.22459298388913,-1.34147440207727,-1.55177321511189,0.937918718387698,1.41886371066852,1.37001494679392
"2212","5918","1","0","0","2",0,-0.517830468403387,-0.174894088214001,-1.01890877283321,-0.737508737051909,-1.22459298388913,-0.447158134025757,-1.47959771673459,0.937918718387698,1.41886371066852,1.37001494679392
"2213","5918","1","0","0","2",0,-0.517830468403387,-0.174894088214001,-1.01890877283321,-0.737508737051909,0,-0.447158134025757,-1.40742221835729,0.937918718387698,1.41886371066852,1.37001494679392
"2214","5918","1","0","0","2",0,-0.517830468403387,-0.174894088214001,-1.01890877283321,-0.737508737051909,1.22459298388913,-0.447158134025757,-1.33524671998,0.937918718387698,1.41886371066852,1.37001494679392
"2215","5918","0","0","0","2",0,-0.517830468403387,-0.174894088214001,-1.01890877283321,-0.737508737051909,-1.22459298388913,0.447158134025757,-1.2630712216027,0.937918718387698,1.41886371066852,1.37001494679392
"2216","5918","1","0","0","2",0,-0.517830468403387,-0.174894088214001,-1.01890877283321,-0.737508737051909,0,0.447158134025757,-1.1908957232254,0.937918718387698,1.41886371066852,1.37001494679392
"2217","5918","0","0","0","2",0,-0.517830468403387,-0.174894088214001,-1.01890877283321,-0.737508737051909,1.22459298388913,0.447158134025757,-1.1187202248481,0.937918718387698,1.41886371066852,1.37001494679392
"2218","5918","0","0","0","2",0,-0.517830468403387,-0.174894088214001,-1.01890877283321,-0.737508737051909,-1.22459298388913,1.34147440207727,-1.04654472647081,0.937918718387698,1.41886371066852,1.37001494679392
"2219","5918","1","0","0","2",1,-0.517830468403387,-0.174894088214001,-1.01890877283321,-0.737508737051909,0,1.34147440207727,-0.97436922809351,0.937918718387698,1.41886371066852,1.37001494679392
"2220","5918","0","0","0","2",0,-0.517830468403387,-0.174894088214001,-1.01890877283321,-0.737508737051909,1.22459298388913,1.34147440207727,-0.902193729716213,0.937918718387698,1.41886371066852,1.37001494679392
"2221","5918","1","0","0","2",0,-0.517830468403387,-0.174894088214001,-1.01890877283321,-0.737508737051909,-1.22459298388913,-1.34147440207727,-0.830018231338916,0.937918718387698,1.41886371066852,1.37001494679392
"2222","5918","1","0","0","2",0,-0.517830468403387,-0.174894088214001,-1.01890877283321,-0.737508737051909,0,-1.34147440207727,-0.757842732961619,0.937918718387698,1.41886371066852,1.37001494679392
"2223","5918","1","0","0","2",0,-0.517830468403387,-0.174894088214001,-1.01890877283321,-0.737508737051909,1.22459298388913,-1.34147440207727,-0.685667234584322,0.937918718387698,1.41886371066852,1.37001494679392
"2224","5918","0","0","0","2",0,-0.517830468403387,-0.174894088214001,-1.01890877283321,-0.737508737051909,-1.22459298388913,-0.447158134025757,-0.613491736207025,0.937918718387698,1.41886371066852,1.37001494679392
"2225","5918","1","0","0","2",0,-0.517830468403387,-0.174894088214001,-1.01890877283321,-0.737508737051909,0,-0.447158134025757,-0.541316237829728,0.937918718387698,1.41886371066852,1.37001494679392
"2226","5918","1","0","0","2",0,-0.517830468403387,-0.174894088214001,-1.01890877283321,-0.737508737051909,1.22459298388913,-0.447158134025757,-0.469140739452431,0.937918718387698,1.41886371066852,1.37001494679392
"2227","5918","0","0","0","2",0,-0.517830468403387,-0.174894088214001,-1.01890877283321,-0.737508737051909,-1.22459298388913,0.447158134025757,-0.396965241075134,0.937918718387698,1.41886371066852,1.37001494679392
"2228","5918","0","0","0","2",0,-0.517830468403387,-0.174894088214001,-1.01890877283321,-0.737508737051909,0,0.447158134025757,-0.324789742697837,0.937918718387698,1.41886371066852,1.37001494679392
"2229","5918","1","0","0","2",0,-0.517830468403387,-0.174894088214001,-1.01890877283321,-0.737508737051909,1.22459298388913,0.447158134025757,-0.25261424432054,0.937918718387698,1.41886371066852,1.37001494679392
"2230","5918","0","0","0","2",0,-0.517830468403387,-0.174894088214001,-1.01890877283321,-0.737508737051909,-1.22459298388913,1.34147440207727,-0.180438745943243,0.937918718387698,1.41886371066852,1.37001494679392
"2231","5918","0","0","0","2",0,-0.517830468403387,-0.174894088214001,-1.01890877283321,-0.737508737051909,0,1.34147440207727,-0.108263247565946,0.937918718387698,1.41886371066852,1.37001494679392
"2232","5918","1","0","0","2",0,-0.517830468403387,-0.174894088214001,-1.01890877283321,-0.737508737051909,1.22459298388913,1.34147440207727,-0.0360877491886485,0.937918718387698,1.41886371066852,1.37001494679392
"2233","5918","1","0","1","2",0,-0.517830468403387,-0.174894088214001,-1.01890877283321,-0.737508737051909,-1.22459298388913,-1.34147440207727,0.0360877491886485,0.937918718387698,1.41886371066852,1.37001494679392
"2234","5918","0","0","1","2",0,-0.517830468403387,-0.174894088214001,-1.01890877283321,-0.737508737051909,0,-1.34147440207727,0.108263247565946,0.937918718387698,1.41886371066852,1.37001494679392
"2235","5918","1","0","1","2",0,-0.517830468403387,-0.174894088214001,-1.01890877283321,-0.737508737051909,1.22459298388913,-1.34147440207727,0.180438745943243,0.937918718387698,1.41886371066852,1.37001494679392
"2236","5918","0","0","1","2",0,-0.517830468403387,-0.174894088214001,-1.01890877283321,-0.737508737051909,-1.22459298388913,-0.447158134025757,0.25261424432054,0.937918718387698,1.41886371066852,1.37001494679392
"2237","5918","0","0","1","2",0,-0.517830468403387,-0.174894088214001,-1.01890877283321,-0.737508737051909,0,-0.447158134025757,0.324789742697837,0.937918718387698,1.41886371066852,1.37001494679392
"2238","5918","0","0","1","2",0,-0.517830468403387,-0.174894088214001,-1.01890877283321,-0.737508737051909,1.22459298388913,-0.447158134025757,0.396965241075134,0.937918718387698,1.41886371066852,1.37001494679392
"2239","5918","0","0","1","2",0,-0.517830468403387,-0.174894088214001,-1.01890877283321,-0.737508737051909,-1.22459298388913,0.447158134025757,0.469140739452431,0.937918718387698,1.41886371066852,1.37001494679392
"2240","5918","0","0","1","2",0,-0.517830468403387,-0.174894088214001,-1.01890877283321,-0.737508737051909,0,0.447158134025757,0.541316237829728,0.937918718387698,1.41886371066852,1.37001494679392
"2241","5918","0","0","1","2",0,-0.517830468403387,-0.174894088214001,-1.01890877283321,-0.737508737051909,1.22459298388913,0.447158134025757,0.613491736207025,0.937918718387698,1.41886371066852,1.37001494679392
"2242","5918","0","0","1","2",0,-0.517830468403387,-0.174894088214001,-1.01890877283321,-0.737508737051909,-1.22459298388913,1.34147440207727,0.685667234584322,0.937918718387698,1.41886371066852,1.37001494679392
"2243","5918","0","0","1","2",0,-0.517830468403387,-0.174894088214001,-1.01890877283321,-0.737508737051909,0,1.34147440207727,0.757842732961619,0.937918718387698,1.41886371066852,1.37001494679392
"2244","5918","0","0","1","2",0,-0.517830468403387,-0.174894088214001,-1.01890877283321,-0.737508737051909,1.22459298388913,1.34147440207727,0.830018231338916,0.937918718387698,1.41886371066852,1.37001494679392
"2245","5918","0","0","1","2",0,-0.517830468403387,-0.174894088214001,-1.01890877283321,-0.737508737051909,-1.22459298388913,-1.34147440207727,0.902193729716213,0.937918718387698,1.41886371066852,1.37001494679392
"2246","5918","1","0","1","2",0,-0.517830468403387,-0.174894088214001,-1.01890877283321,-0.737508737051909,0,-1.34147440207727,0.97436922809351,0.937918718387698,1.41886371066852,1.37001494679392
"2247","5918","1","0","1","2",0,-0.517830468403387,-0.174894088214001,-1.01890877283321,-0.737508737051909,1.22459298388913,-1.34147440207727,1.04654472647081,0.937918718387698,1.41886371066852,1.37001494679392
"2248","5918","0","0","1","2",0,-0.517830468403387,-0.174894088214001,-1.01890877283321,-0.737508737051909,-1.22459298388913,-0.447158134025757,1.1187202248481,0.937918718387698,1.41886371066852,1.37001494679392
"2249","5918","1","0","1","2",0,-0.517830468403387,-0.174894088214001,-1.01890877283321,-0.737508737051909,0,-0.447158134025757,1.1908957232254,0.937918718387698,1.41886371066852,1.37001494679392
"2250","5918","0","0","1","2",0,-0.517830468403387,-0.174894088214001,-1.01890877283321,-0.737508737051909,1.22459298388913,-0.447158134025757,1.2630712216027,0.937918718387698,1.41886371066852,1.37001494679392
"2251","5918","0","0","1","2",0,-0.517830468403387,-0.174894088214001,-1.01890877283321,-0.737508737051909,-1.22459298388913,0.447158134025757,1.33524671998,0.937918718387698,1.41886371066852,1.37001494679392
"2252","5918","0","0","1","2",0,-0.517830468403387,-0.174894088214001,-1.01890877283321,-0.737508737051909,0,0.447158134025757,1.40742221835729,0.937918718387698,1.41886371066852,1.37001494679392
"2253","5918","0","0","1","2",0,-0.517830468403387,-0.174894088214001,-1.01890877283321,-0.737508737051909,1.22459298388913,0.447158134025757,1.47959771673459,0.937918718387698,1.41886371066852,1.37001494679392
"2254","5918","0","0","1","2",0,-0.517830468403387,-0.174894088214001,-1.01890877283321,-0.737508737051909,-1.22459298388913,1.34147440207727,1.55177321511189,0.937918718387698,1.41886371066852,1.37001494679392
"2255","5918","0","0","1","2",0,-0.517830468403387,-0.174894088214001,-1.01890877283321,-0.737508737051909,0,1.34147440207727,1.62394871348918,0.937918718387698,1.41886371066852,1.37001494679392
"2256","5918","0","0","1","2",0,-0.517830468403387,-0.174894088214001,-1.01890877283321,-0.737508737051909,1.22459298388913,1.34147440207727,1.69612421186648,0.937918718387698,1.41886371066852,1.37001494679392
"2257","6055","1","0","0","2",0,-0.517830468403387,-0.444114940592711,-0.455418664291706,-0.737508737051909,-1.22459298388913,-1.34147440207727,-1.69612421186648,1.55803026773494,1.41886371066852,1.37001494679392
"2258","6055","1","0","0","2",0,-0.517830468403387,-0.444114940592711,-0.455418664291706,-0.737508737051909,0,-1.34147440207727,-1.62394871348918,1.55803026773494,1.41886371066852,1.37001494679392
"2259","6055","1","0","0","2",0,-0.517830468403387,-0.444114940592711,-0.455418664291706,-0.737508737051909,1.22459298388913,-1.34147440207727,-1.55177321511189,1.55803026773494,1.41886371066852,1.37001494679392
"2260","6055","1","0","0","2",0,-0.517830468403387,-0.444114940592711,-0.455418664291706,-0.737508737051909,-1.22459298388913,-0.447158134025757,-1.47959771673459,1.55803026773494,1.41886371066852,1.37001494679392
"2261","6055","1","0","0","2",0,-0.517830468403387,-0.444114940592711,-0.455418664291706,-0.737508737051909,0,-0.447158134025757,-1.40742221835729,1.55803026773494,1.41886371066852,1.37001494679392
"2262","6055","1","0","0","2",0,-0.517830468403387,-0.444114940592711,-0.455418664291706,-0.737508737051909,1.22459298388913,-0.447158134025757,-1.33524671998,1.55803026773494,1.41886371066852,1.37001494679392
"2263","6055","1","0","0","2",0,-0.517830468403387,-0.444114940592711,-0.455418664291706,-0.737508737051909,-1.22459298388913,0.447158134025757,-1.2630712216027,1.55803026773494,1.41886371066852,1.37001494679392
"2264","6055","1","0","0","2",0,-0.517830468403387,-0.444114940592711,-0.455418664291706,-0.737508737051909,0,0.447158134025757,-1.1908957232254,1.55803026773494,1.41886371066852,1.37001494679392
"2265","6055","1","0","0","2",0,-0.517830468403387,-0.444114940592711,-0.455418664291706,-0.737508737051909,1.22459298388913,0.447158134025757,-1.1187202248481,1.55803026773494,1.41886371066852,1.37001494679392
"2266","6055","1","0","0","2",0,-0.517830468403387,-0.444114940592711,-0.455418664291706,-0.737508737051909,-1.22459298388913,1.34147440207727,-1.04654472647081,1.55803026773494,1.41886371066852,1.37001494679392
"2267","6055","0","0","0","2",0,-0.517830468403387,-0.444114940592711,-0.455418664291706,-0.737508737051909,0,1.34147440207727,-0.97436922809351,1.55803026773494,1.41886371066852,1.37001494679392
"2268","6055","1","0","0","2",0,-0.517830468403387,-0.444114940592711,-0.455418664291706,-0.737508737051909,1.22459298388913,1.34147440207727,-0.902193729716213,1.55803026773494,1.41886371066852,1.37001494679392
"2269","6055","1","0","0","2",0,-0.517830468403387,-0.444114940592711,-0.455418664291706,-0.737508737051909,-1.22459298388913,-1.34147440207727,-0.830018231338916,1.55803026773494,1.41886371066852,1.37001494679392
"2270","6055","1","0","0","2",0,-0.517830468403387,-0.444114940592711,-0.455418664291706,-0.737508737051909,0,-1.34147440207727,-0.757842732961619,1.55803026773494,1.41886371066852,1.37001494679392
"2271","6055","1","0","0","2",0,-0.517830468403387,-0.444114940592711,-0.455418664291706,-0.737508737051909,1.22459298388913,-1.34147440207727,-0.685667234584322,1.55803026773494,1.41886371066852,1.37001494679392
"2272","6055","1","0","0","2",1,-0.517830468403387,-0.444114940592711,-0.455418664291706,-0.737508737051909,-1.22459298388913,-0.447158134025757,-0.613491736207025,1.55803026773494,1.41886371066852,1.37001494679392
"2273","6055","1","0","0","2",0,-0.517830468403387,-0.444114940592711,-0.455418664291706,-0.737508737051909,0,-0.447158134025757,-0.541316237829728,1.55803026773494,1.41886371066852,1.37001494679392
"2274","6055","1","0","0","2",0,-0.517830468403387,-0.444114940592711,-0.455418664291706,-0.737508737051909,1.22459298388913,-0.447158134025757,-0.469140739452431,1.55803026773494,1.41886371066852,1.37001494679392
"2275","6055","1","0","0","2",0,-0.517830468403387,-0.444114940592711,-0.455418664291706,-0.737508737051909,-1.22459298388913,0.447158134025757,-0.396965241075134,1.55803026773494,1.41886371066852,1.37001494679392
"2276","6055","1","0","0","2",0,-0.517830468403387,-0.444114940592711,-0.455418664291706,-0.737508737051909,0,0.447158134025757,-0.324789742697837,1.55803026773494,1.41886371066852,1.37001494679392
"2277","6055","1","0","0","2",0,-0.517830468403387,-0.444114940592711,-0.455418664291706,-0.737508737051909,1.22459298388913,0.447158134025757,-0.25261424432054,1.55803026773494,1.41886371066852,1.37001494679392
"2278","6055","1","0","0","2",0,-0.517830468403387,-0.444114940592711,-0.455418664291706,-0.737508737051909,-1.22459298388913,1.34147440207727,-0.180438745943243,1.55803026773494,1.41886371066852,1.37001494679392
"2279","6055","1","0","0","2",0,-0.517830468403387,-0.444114940592711,-0.455418664291706,-0.737508737051909,0,1.34147440207727,-0.108263247565946,1.55803026773494,1.41886371066852,1.37001494679392
"2280","6055","1","0","0","2",0,-0.517830468403387,-0.444114940592711,-0.455418664291706,-0.737508737051909,1.22459298388913,1.34147440207727,-0.0360877491886485,1.55803026773494,1.41886371066852,1.37001494679392
"2281","6055","1","0","1","2",0,-0.517830468403387,-0.444114940592711,-0.455418664291706,-0.737508737051909,-1.22459298388913,-1.34147440207727,0.0360877491886485,1.55803026773494,1.41886371066852,1.37001494679392
"2282","6055","1","0","1","2",0,-0.517830468403387,-0.444114940592711,-0.455418664291706,-0.737508737051909,0,-1.34147440207727,0.108263247565946,1.55803026773494,1.41886371066852,1.37001494679392
"2283","6055","1","0","1","2",0,-0.517830468403387,-0.444114940592711,-0.455418664291706,-0.737508737051909,1.22459298388913,-1.34147440207727,0.180438745943243,1.55803026773494,1.41886371066852,1.37001494679392
"2285","6055","1","0","1","2",0,-0.517830468403387,-0.444114940592711,-0.455418664291706,-0.737508737051909,0,-0.447158134025757,0.324789742697837,1.55803026773494,1.41886371066852,1.37001494679392
"2286","6055","1","0","1","2",0,-0.517830468403387,-0.444114940592711,-0.455418664291706,-0.737508737051909,1.22459298388913,-0.447158134025757,0.396965241075134,1.55803026773494,1.41886371066852,1.37001494679392
"2287","6055","1","0","1","2",0,-0.517830468403387,-0.444114940592711,-0.455418664291706,-0.737508737051909,-1.22459298388913,0.447158134025757,0.469140739452431,1.55803026773494,1.41886371066852,1.37001494679392
"2288","6055","1","0","1","2",0,-0.517830468403387,-0.444114940592711,-0.455418664291706,-0.737508737051909,0,0.447158134025757,0.541316237829728,1.55803026773494,1.41886371066852,1.37001494679392
"2289","6055","0","0","1","2",0,-0.517830468403387,-0.444114940592711,-0.455418664291706,-0.737508737051909,1.22459298388913,0.447158134025757,0.613491736207025,1.55803026773494,1.41886371066852,1.37001494679392
"2290","6055","1","0","1","2",0,-0.517830468403387,-0.444114940592711,-0.455418664291706,-0.737508737051909,-1.22459298388913,1.34147440207727,0.685667234584322,1.55803026773494,1.41886371066852,1.37001494679392
"2291","6055","1","0","1","2",0,-0.517830468403387,-0.444114940592711,-0.455418664291706,-0.737508737051909,0,1.34147440207727,0.757842732961619,1.55803026773494,1.41886371066852,1.37001494679392
"2292","6055","1","0","1","2",0,-0.517830468403387,-0.444114940592711,-0.455418664291706,-0.737508737051909,1.22459298388913,1.34147440207727,0.830018231338916,1.55803026773494,1.41886371066852,1.37001494679392
"2293","6055","1","0","1","2",0,-0.517830468403387,-0.444114940592711,-0.455418664291706,-0.737508737051909,-1.22459298388913,-1.34147440207727,0.902193729716213,1.55803026773494,1.41886371066852,1.37001494679392
"2294","6055","1","0","1","2",0,-0.517830468403387,-0.444114940592711,-0.455418664291706,-0.737508737051909,0,-1.34147440207727,0.97436922809351,1.55803026773494,1.41886371066852,1.37001494679392
"2295","6055","1","0","1","2",0,-0.517830468403387,-0.444114940592711,-0.455418664291706,-0.737508737051909,1.22459298388913,-1.34147440207727,1.04654472647081,1.55803026773494,1.41886371066852,1.37001494679392
"2296","6055","1","0","1","2",0,-0.517830468403387,-0.444114940592711,-0.455418664291706,-0.737508737051909,-1.22459298388913,-0.447158134025757,1.1187202248481,1.55803026773494,1.41886371066852,1.37001494679392
"2297","6055","0","0","1","2",0,-0.517830468403387,-0.444114940592711,-0.455418664291706,-0.737508737051909,0,-0.447158134025757,1.1908957232254,1.55803026773494,1.41886371066852,1.37001494679392
"2298","6055","1","0","1","2",0,-0.517830468403387,-0.444114940592711,-0.455418664291706,-0.737508737051909,1.22459298388913,-0.447158134025757,1.2630712216027,1.55803026773494,1.41886371066852,1.37001494679392
"2299","6055","1","0","1","2",0,-0.517830468403387,-0.444114940592711,-0.455418664291706,-0.737508737051909,-1.22459298388913,0.447158134025757,1.33524671998,1.55803026773494,1.41886371066852,1.37001494679392
"2300","6055","1","0","1","2",0,-0.517830468403387,-0.444114940592711,-0.455418664291706,-0.737508737051909,0,0.447158134025757,1.40742221835729,1.55803026773494,1.41886371066852,1.37001494679392
"2301","6055","1","0","1","2",0,-0.517830468403387,-0.444114940592711,-0.455418664291706,-0.737508737051909,1.22459298388913,0.447158134025757,1.47959771673459,1.55803026773494,1.41886371066852,1.37001494679392
"2302","6055","1","0","1","2",0,-0.517830468403387,-0.444114940592711,-0.455418664291706,-0.737508737051909,-1.22459298388913,1.34147440207727,1.55177321511189,1.55803026773494,1.41886371066852,1.37001494679392
"2303","6055","1","0","1","2",0,-0.517830468403387,-0.444114940592711,-0.455418664291706,-0.737508737051909,0,1.34147440207727,1.62394871348918,1.55803026773494,1.41886371066852,1.37001494679392
"2304","6055","1","0","1","2",0,-0.517830468403387,-0.444114940592711,-0.455418664291706,-0.737508737051909,1.22459298388913,1.34147440207727,1.69612421186648,1.55803026773494,1.41886371066852,1.37001494679392
"2305","6121","1","0","0","2",0,-0.517830468403387,-0.465002765346231,0.106720149025474,-0.737508737051909,-1.22459298388913,-1.34147440207727,-1.69612421186648,1.55803026773494,1.41886371066852,1.37001494679392
"2306","6121","1","0","0","2",0,-0.517830468403387,-0.465002765346231,0.106720149025474,-0.737508737051909,0,-1.34147440207727,-1.62394871348918,1.55803026773494,1.41886371066852,1.37001494679392
"2307","6121","1","0","0","2",0,-0.517830468403387,-0.465002765346231,0.106720149025474,-0.737508737051909,1.22459298388913,-1.34147440207727,-1.55177321511189,1.55803026773494,1.41886371066852,1.37001494679392
"2308","6121","1","0","0","2",0,-0.517830468403387,-0.465002765346231,0.106720149025474,-0.737508737051909,-1.22459298388913,-0.447158134025757,-1.47959771673459,1.55803026773494,1.41886371066852,1.37001494679392
"2309","6121","1","0","0","2",0,-0.517830468403387,-0.465002765346231,0.106720149025474,-0.737508737051909,0,-0.447158134025757,-1.40742221835729,1.55803026773494,1.41886371066852,1.37001494679392
"2310","6121","1","0","0","2",0,-0.517830468403387,-0.465002765346231,0.106720149025474,-0.737508737051909,1.22459298388913,-0.447158134025757,-1.33524671998,1.55803026773494,1.41886371066852,1.37001494679392
"2311","6121","1","0","0","2",0,-0.517830468403387,-0.465002765346231,0.106720149025474,-0.737508737051909,-1.22459298388913,0.447158134025757,-1.2630712216027,1.55803026773494,1.41886371066852,1.37001494679392
"2312","6121","1","0","0","2",0,-0.517830468403387,-0.465002765346231,0.106720149025474,-0.737508737051909,0,0.447158134025757,-1.1908957232254,1.55803026773494,1.41886371066852,1.37001494679392
"2313","6121","1","0","0","2",0,-0.517830468403387,-0.465002765346231,0.106720149025474,-0.737508737051909,1.22459298388913,0.447158134025757,-1.1187202248481,1.55803026773494,1.41886371066852,1.37001494679392
"2314","6121","1","0","0","2",0,-0.517830468403387,-0.465002765346231,0.106720149025474,-0.737508737051909,-1.22459298388913,1.34147440207727,-1.04654472647081,1.55803026773494,1.41886371066852,1.37001494679392
"2315","6121","1","0","0","2",0,-0.517830468403387,-0.465002765346231,0.106720149025474,-0.737508737051909,0,1.34147440207727,-0.97436922809351,1.55803026773494,1.41886371066852,1.37001494679392
"2316","6121","1","0","0","2",0,-0.517830468403387,-0.465002765346231,0.106720149025474,-0.737508737051909,1.22459298388913,1.34147440207727,-0.902193729716213,1.55803026773494,1.41886371066852,1.37001494679392
"2317","6121","1","0","0","2",0,-0.517830468403387,-0.465002765346231,0.106720149025474,-0.737508737051909,-1.22459298388913,-1.34147440207727,-0.830018231338916,1.55803026773494,1.41886371066852,1.37001494679392
"2318","6121","1","0","0","2",0,-0.517830468403387,-0.465002765346231,0.106720149025474,-0.737508737051909,0,-1.34147440207727,-0.757842732961619,1.55803026773494,1.41886371066852,1.37001494679392
"2319","6121","1","0","0","2",0,-0.517830468403387,-0.465002765346231,0.106720149025474,-0.737508737051909,1.22459298388913,-1.34147440207727,-0.685667234584322,1.55803026773494,1.41886371066852,1.37001494679392
"2320","6121","1","0","0","2",0,-0.517830468403387,-0.465002765346231,0.106720149025474,-0.737508737051909,-1.22459298388913,-0.447158134025757,-0.613491736207025,1.55803026773494,1.41886371066852,1.37001494679392
"2321","6121","1","0","0","2",0,-0.517830468403387,-0.465002765346231,0.106720149025474,-0.737508737051909,0,-0.447158134025757,-0.541316237829728,1.55803026773494,1.41886371066852,1.37001494679392
"2322","6121","1","0","0","2",1,-0.517830468403387,-0.465002765346231,0.106720149025474,-0.737508737051909,1.22459298388913,-0.447158134025757,-0.469140739452431,1.55803026773494,1.41886371066852,1.37001494679392
"2323","6121","1","0","0","2",0,-0.517830468403387,-0.465002765346231,0.106720149025474,-0.737508737051909,-1.22459298388913,0.447158134025757,-0.396965241075134,1.55803026773494,1.41886371066852,1.37001494679392
"2324","6121","1","0","0","2",0,-0.517830468403387,-0.465002765346231,0.106720149025474,-0.737508737051909,0,0.447158134025757,-0.324789742697837,1.55803026773494,1.41886371066852,1.37001494679392
"2325","6121","1","0","0","2",0,-0.517830468403387,-0.465002765346231,0.106720149025474,-0.737508737051909,1.22459298388913,0.447158134025757,-0.25261424432054,1.55803026773494,1.41886371066852,1.37001494679392
"2326","6121","1","0","0","2",0,-0.517830468403387,-0.465002765346231,0.106720149025474,-0.737508737051909,-1.22459298388913,1.34147440207727,-0.180438745943243,1.55803026773494,1.41886371066852,1.37001494679392
"2327","6121","1","0","0","2",0,-0.517830468403387,-0.465002765346231,0.106720149025474,-0.737508737051909,0,1.34147440207727,-0.108263247565946,1.55803026773494,1.41886371066852,1.37001494679392
"2328","6121","1","0","0","2",0,-0.517830468403387,-0.465002765346231,0.106720149025474,-0.737508737051909,1.22459298388913,1.34147440207727,-0.0360877491886485,1.55803026773494,1.41886371066852,1.37001494679392
"2329","6121","1","0","1","2",0,-0.517830468403387,-0.465002765346231,0.106720149025474,-0.737508737051909,-1.22459298388913,-1.34147440207727,0.0360877491886485,1.55803026773494,1.41886371066852,1.37001494679392
"2330","6121","1","0","1","2",0,-0.517830468403387,-0.465002765346231,0.106720149025474,-0.737508737051909,0,-1.34147440207727,0.108263247565946,1.55803026773494,1.41886371066852,1.37001494679392
"2331","6121","1","0","1","2",0,-0.517830468403387,-0.465002765346231,0.106720149025474,-0.737508737051909,1.22459298388913,-1.34147440207727,0.180438745943243,1.55803026773494,1.41886371066852,1.37001494679392
"2332","6121","1","0","1","2",0,-0.517830468403387,-0.465002765346231,0.106720149025474,-0.737508737051909,-1.22459298388913,-0.447158134025757,0.25261424432054,1.55803026773494,1.41886371066852,1.37001494679392
"2333","6121","1","0","1","2",0,-0.517830468403387,-0.465002765346231,0.106720149025474,-0.737508737051909,0,-0.447158134025757,0.324789742697837,1.55803026773494,1.41886371066852,1.37001494679392
"2335","6121","1","0","1","2",0,-0.517830468403387,-0.465002765346231,0.106720149025474,-0.737508737051909,-1.22459298388913,0.447158134025757,0.469140739452431,1.55803026773494,1.41886371066852,1.37001494679392
"2336","6121","1","0","1","2",0,-0.517830468403387,-0.465002765346231,0.106720149025474,-0.737508737051909,0,0.447158134025757,0.541316237829728,1.55803026773494,1.41886371066852,1.37001494679392
"2337","6121","1","0","1","2",0,-0.517830468403387,-0.465002765346231,0.106720149025474,-0.737508737051909,1.22459298388913,0.447158134025757,0.613491736207025,1.55803026773494,1.41886371066852,1.37001494679392
"2338","6121","1","0","1","2",0,-0.517830468403387,-0.465002765346231,0.106720149025474,-0.737508737051909,-1.22459298388913,1.34147440207727,0.685667234584322,1.55803026773494,1.41886371066852,1.37001494679392
"2339","6121","1","0","1","2",0,-0.517830468403387,-0.465002765346231,0.106720149025474,-0.737508737051909,0,1.34147440207727,0.757842732961619,1.55803026773494,1.41886371066852,1.37001494679392
"2340","6121","1","0","1","2",0,-0.517830468403387,-0.465002765346231,0.106720149025474,-0.737508737051909,1.22459298388913,1.34147440207727,0.830018231338916,1.55803026773494,1.41886371066852,1.37001494679392
"2341","6121","1","0","1","2",0,-0.517830468403387,-0.465002765346231,0.106720149025474,-0.737508737051909,-1.22459298388913,-1.34147440207727,0.902193729716213,1.55803026773494,1.41886371066852,1.37001494679392
"2342","6121","1","0","1","2",0,-0.517830468403387,-0.465002765346231,0.106720149025474,-0.737508737051909,0,-1.34147440207727,0.97436922809351,1.55803026773494,1.41886371066852,1.37001494679392
"2343","6121","1","0","1","2",0,-0.517830468403387,-0.465002765346231,0.106720149025474,-0.737508737051909,1.22459298388913,-1.34147440207727,1.04654472647081,1.55803026773494,1.41886371066852,1.37001494679392
"2344","6121","1","0","1","2",0,-0.517830468403387,-0.465002765346231,0.106720149025474,-0.737508737051909,-1.22459298388913,-0.447158134025757,1.1187202248481,1.55803026773494,1.41886371066852,1.37001494679392
"2346","6121","1","0","1","2",0,-0.517830468403387,-0.465002765346231,0.106720149025474,-0.737508737051909,1.22459298388913,-0.447158134025757,1.2630712216027,1.55803026773494,1.41886371066852,1.37001494679392
"2347","6121","1","0","1","2",0,-0.517830468403387,-0.465002765346231,0.106720149025474,-0.737508737051909,-1.22459298388913,0.447158134025757,1.33524671998,1.55803026773494,1.41886371066852,1.37001494679392
"2348","6121","1","0","1","2",0,-0.517830468403387,-0.465002765346231,0.106720149025474,-0.737508737051909,0,0.447158134025757,1.40742221835729,1.55803026773494,1.41886371066852,1.37001494679392
"2349","6121","1","0","1","2",0,-0.517830468403387,-0.465002765346231,0.106720149025474,-0.737508737051909,1.22459298388913,0.447158134025757,1.47959771673459,1.55803026773494,1.41886371066852,1.37001494679392
"2350","6121","1","0","1","2",0,-0.517830468403387,-0.465002765346231,0.106720149025474,-0.737508737051909,-1.22459298388913,1.34147440207727,1.55177321511189,1.55803026773494,1.41886371066852,1.37001494679392
"2351","6121","1","0","1","2",0,-0.517830468403387,-0.465002765346231,0.106720149025474,-0.737508737051909,0,1.34147440207727,1.62394871348918,1.55803026773494,1.41886371066852,1.37001494679392
"2352","6121","1","0","1","2",0,-0.517830468403387,-0.465002765346231,0.106720149025474,-0.737508737051909,1.22459298388913,1.34147440207727,1.69612421186648,1.55803026773494,1.41886371066852,1.37001494679392
"2353","6246","1","1","0","1",0,-0.517830468403387,-0.948904038802791,-1.01890877283321,-0.0849509912336239,-1.22459298388913,-1.34147440207727,-1.69612421186648,-1.54252747900125,-1.283733833462,-1.21898967706861
"2354","6246","1","1","0","1",0,-0.517830468403387,-0.948904038802791,-1.01890877283321,-0.0849509912336239,0,-1.34147440207727,-1.62394871348918,-1.54252747900125,-1.283733833462,-1.21898967706861
"2355","6246","1","1","0","1",0,-0.517830468403387,-0.948904038802791,-1.01890877283321,-0.0849509912336239,1.22459298388913,-1.34147440207727,-1.55177321511189,-1.54252747900125,-1.283733833462,-1.21898967706861
"2356","6246","1","1","0","1",0,-0.517830468403387,-0.948904038802791,-1.01890877283321,-0.0849509912336239,-1.22459298388913,-0.447158134025757,-1.47959771673459,-1.54252747900125,-1.283733833462,-1.21898967706861
"2357","6246","1","1","0","1",0,-0.517830468403387,-0.948904038802791,-1.01890877283321,-0.0849509912336239,0,-0.447158134025757,-1.40742221835729,-1.54252747900125,-1.283733833462,-1.21898967706861
"2358","6246","1","1","0","1",0,-0.517830468403387,-0.948904038802791,-1.01890877283321,-0.0849509912336239,1.22459298388913,-0.447158134025757,-1.33524671998,-1.54252747900125,-1.283733833462,-1.21898967706861
"2359","6246","1","1","0","1",0,-0.517830468403387,-0.948904038802791,-1.01890877283321,-0.0849509912336239,-1.22459298388913,0.447158134025757,-1.2630712216027,-1.54252747900125,-1.283733833462,-1.21898967706861
"2360","6246","1","1","0","1",0,-0.517830468403387,-0.948904038802791,-1.01890877283321,-0.0849509912336239,0,0.447158134025757,-1.1908957232254,-1.54252747900125,-1.283733833462,-1.21898967706861
"2361","6246","1","1","0","1",0,-0.517830468403387,-0.948904038802791,-1.01890877283321,-0.0849509912336239,1.22459298388913,0.447158134025757,-1.1187202248481,-1.54252747900125,-1.283733833462,-1.21898967706861
"2363","6246","1","1","0","1",0,-0.517830468403387,-0.948904038802791,-1.01890877283321,-0.0849509912336239,0,1.34147440207727,-0.97436922809351,-1.54252747900125,-1.283733833462,-1.21898967706861
"2364","6246","1","1","0","1",0,-0.517830468403387,-0.948904038802791,-1.01890877283321,-0.0849509912336239,1.22459298388913,1.34147440207727,-0.902193729716213,-1.54252747900125,-1.283733833462,-1.21898967706861
"2365","6246","1","1","0","1",0,-0.517830468403387,-0.948904038802791,-1.01890877283321,-0.0849509912336239,-1.22459298388913,-1.34147440207727,-0.830018231338916,-1.54252747900125,-1.283733833462,-1.21898967706861
"2366","6246","1","1","0","1",0,-0.517830468403387,-0.948904038802791,-1.01890877283321,-0.0849509912336239,0,-1.34147440207727,-0.757842732961619,-1.54252747900125,-1.283733833462,-1.21898967706861
"2367","6246","1","1","0","1",0,-0.517830468403387,-0.948904038802791,-1.01890877283321,-0.0849509912336239,1.22459298388913,-1.34147440207727,-0.685667234584322,-1.54252747900125,-1.283733833462,-1.21898967706861
"2368","6246","1","1","0","1",0,-0.517830468403387,-0.948904038802791,-1.01890877283321,-0.0849509912336239,-1.22459298388913,-0.447158134025757,-0.613491736207025,-1.54252747900125,-1.283733833462,-1.21898967706861
"2369","6246","1","1","0","1",0,-0.517830468403387,-0.948904038802791,-1.01890877283321,-0.0849509912336239,0,-0.447158134025757,-0.541316237829728,-1.54252747900125,-1.283733833462,-1.21898967706861
"2370","6246","1","1","0","1",0,-0.517830468403387,-0.948904038802791,-1.01890877283321,-0.0849509912336239,1.22459298388913,-0.447158134025757,-0.469140739452431,-1.54252747900125,-1.283733833462,-1.21898967706861
"2371","6246","1","1","0","1",0,-0.517830468403387,-0.948904038802791,-1.01890877283321,-0.0849509912336239,-1.22459298388913,0.447158134025757,-0.396965241075134,-1.54252747900125,-1.283733833462,-1.21898967706861
"2372","6246","1","1","0","1",0,-0.517830468403387,-0.948904038802791,-1.01890877283321,-0.0849509912336239,0,0.447158134025757,-0.324789742697837,-1.54252747900125,-1.283733833462,-1.21898967706861
"2373","6246","1","1","0","1",0,-0.517830468403387,-0.948904038802791,-1.01890877283321,-0.0849509912336239,1.22459298388913,0.447158134025757,-0.25261424432054,-1.54252747900125,-1.283733833462,-1.21898967706861
"2374","6246","1","1","0","1",0,-0.517830468403387,-0.948904038802791,-1.01890877283321,-0.0849509912336239,-1.22459298388913,1.34147440207727,-0.180438745943243,-1.54252747900125,-1.283733833462,-1.21898967706861
"2375","6246","1","1","0","1",0,-0.517830468403387,-0.948904038802791,-1.01890877283321,-0.0849509912336239,0,1.34147440207727,-0.108263247565946,-1.54252747900125,-1.283733833462,-1.21898967706861
"2376","6246","1","1","0","1",0,-0.517830468403387,-0.948904038802791,-1.01890877283321,-0.0849509912336239,1.22459298388913,1.34147440207727,-0.0360877491886485,-1.54252747900125,-1.283733833462,-1.21898967706861
"2377","6246","0","1","1","1",0,-0.517830468403387,-0.948904038802791,-1.01890877283321,-0.0849509912336239,-1.22459298388913,-1.34147440207727,0.0360877491886485,-1.54252747900125,-1.283733833462,-1.21898967706861
"2378","6246","1","1","1","1",0,-0.517830468403387,-0.948904038802791,-1.01890877283321,-0.0849509912336239,0,-1.34147440207727,0.108263247565946,-1.54252747900125,-1.283733833462,-1.21898967706861
"2379","6246","0","1","1","1",0,-0.517830468403387,-0.948904038802791,-1.01890877283321,-0.0849509912336239,1.22459298388913,-1.34147440207727,0.180438745943243,-1.54252747900125,-1.283733833462,-1.21898967706861
"2380","6246","0","1","1","1",0,-0.517830468403387,-0.948904038802791,-1.01890877283321,-0.0849509912336239,-1.22459298388913,-0.447158134025757,0.25261424432054,-1.54252747900125,-1.283733833462,-1.21898967706861
"2381","6246","0","1","1","1",0,-0.517830468403387,-0.948904038802791,-1.01890877283321,-0.0849509912336239,0,-0.447158134025757,0.324789742697837,-1.54252747900125,-1.283733833462,-1.21898967706861
"2382","6246","0","1","1","1",0,-0.517830468403387,-0.948904038802791,-1.01890877283321,-0.0849509912336239,1.22459298388913,-0.447158134025757,0.396965241075134,-1.54252747900125,-1.283733833462,-1.21898967706861
"2383","6246","1","1","1","1",0,-0.517830468403387,-0.948904038802791,-1.01890877283321,-0.0849509912336239,-1.22459298388913,0.447158134025757,0.469140739452431,-1.54252747900125,-1.283733833462,-1.21898967706861
"2384","6246","0","1","1","1",0,-0.517830468403387,-0.948904038802791,-1.01890877283321,-0.0849509912336239,0,0.447158134025757,0.541316237829728,-1.54252747900125,-1.283733833462,-1.21898967706861
"2385","6246","0","1","1","1",0,-0.517830468403387,-0.948904038802791,-1.01890877283321,-0.0849509912336239,1.22459298388913,0.447158134025757,0.613491736207025,-1.54252747900125,-1.283733833462,-1.21898967706861
"2386","6246","0","1","1","1",0,-0.517830468403387,-0.948904038802791,-1.01890877283321,-0.0849509912336239,-1.22459298388913,1.34147440207727,0.685667234584322,-1.54252747900125,-1.283733833462,-1.21898967706861
"2387","6246","0","1","1","1",0,-0.517830468403387,-0.948904038802791,-1.01890877283321,-0.0849509912336239,0,1.34147440207727,0.757842732961619,-1.54252747900125,-1.283733833462,-1.21898967706861
"2388","6246","0","1","1","1",0,-0.517830468403387,-0.948904038802791,-1.01890877283321,-0.0849509912336239,1.22459298388913,1.34147440207727,0.830018231338916,-1.54252747900125,-1.283733833462,-1.21898967706861
"2389","6246","0","1","1","1",0,-0.517830468403387,-0.948904038802791,-1.01890877283321,-0.0849509912336239,-1.22459298388913,-1.34147440207727,0.902193729716213,-1.54252747900125,-1.283733833462,-1.21898967706861
"2390","6246","0","1","1","1",0,-0.517830468403387,-0.948904038802791,-1.01890877283321,-0.0849509912336239,0,-1.34147440207727,0.97436922809351,-1.54252747900125,-1.283733833462,-1.21898967706861
"2391","6246","0","1","1","1",0,-0.517830468403387,-0.948904038802791,-1.01890877283321,-0.0849509912336239,1.22459298388913,-1.34147440207727,1.04654472647081,-1.54252747900125,-1.283733833462,-1.21898967706861
"2392","6246","0","1","1","1",0,-0.517830468403387,-0.948904038802791,-1.01890877283321,-0.0849509912336239,-1.22459298388913,-0.447158134025757,1.1187202248481,-1.54252747900125,-1.283733833462,-1.21898967706861
"2393","6246","0","1","1","1",0,-0.517830468403387,-0.948904038802791,-1.01890877283321,-0.0849509912336239,0,-0.447158134025757,1.1908957232254,-1.54252747900125,-1.283733833462,-1.21898967706861
"2394","6246","0","1","1","1",0,-0.517830468403387,-0.948904038802791,-1.01890877283321,-0.0849509912336239,1.22459298388913,-0.447158134025757,1.2630712216027,-1.54252747900125,-1.283733833462,-1.21898967706861
"2395","6246","0","1","1","1",0,-0.517830468403387,-0.948904038802791,-1.01890877283321,-0.0849509912336239,-1.22459298388913,0.447158134025757,1.33524671998,-1.54252747900125,-1.283733833462,-1.21898967706861
"2396","6246","0","1","1","1",0,-0.517830468403387,-0.948904038802791,-1.01890877283321,-0.0849509912336239,0,0.447158134025757,1.40742221835729,-1.54252747900125,-1.283733833462,-1.21898967706861
"2397","6246","0","1","1","1",0,-0.517830468403387,-0.948904038802791,-1.01890877283321,-0.0849509912336239,1.22459298388913,0.447158134025757,1.47959771673459,-1.54252747900125,-1.283733833462,-1.21898967706861
"2398","6246","0","1","1","1",0,-0.517830468403387,-0.948904038802791,-1.01890877283321,-0.0849509912336239,-1.22459298388913,1.34147440207727,1.55177321511189,-1.54252747900125,-1.283733833462,-1.21898967706861
"2399","6246","0","1","1","1",0,-0.517830468403387,-0.948904038802791,-1.01890877283321,-0.0849509912336239,0,1.34147440207727,1.62394871348918,-1.54252747900125,-1.283733833462,-1.21898967706861
"2400","6246","0","1","1","1",0,-0.517830468403387,-0.948904038802791,-1.01890877283321,-0.0849509912336239,1.22459298388913,1.34147440207727,1.69612421186648,-1.54252747900125,-1.283733833462,-1.21898967706861
"2401","6324","1","1","0","2",0,4.03286060670412,1.95218273251951,2.35932928796715,-0.737508737051909,-1.22459298388913,-1.34147440207727,-1.69612421186648,0.31780716904046,0.0675649386032631,0.507013405506412
"2402","6324","1","1","0","2",0,4.03286060670412,1.95218273251951,2.35932928796715,-0.737508737051909,0,-1.34147440207727,-1.62394871348918,0.31780716904046,0.0675649386032631,0.507013405506412
"2403","6324","1","1","0","2",0,4.03286060670412,1.95218273251951,2.35932928796715,-0.737508737051909,1.22459298388913,-1.34147440207727,-1.55177321511189,0.31780716904046,0.0675649386032631,0.507013405506412
"2404","6324","1","1","0","2",0,4.03286060670412,1.95218273251951,2.35932928796715,-0.737508737051909,-1.22459298388913,-0.447158134025757,-1.47959771673459,0.31780716904046,0.0675649386032631,0.507013405506412
"2405","6324","1","1","0","2",0,4.03286060670412,1.95218273251951,2.35932928796715,-0.737508737051909,0,-0.447158134025757,-1.40742221835729,0.31780716904046,0.0675649386032631,0.507013405506412
"2406","6324","1","1","0","2",0,4.03286060670412,1.95218273251951,2.35932928796715,-0.737508737051909,1.22459298388913,-0.447158134025757,-1.33524671998,0.31780716904046,0.0675649386032631,0.507013405506412
"2407","6324","1","1","0","2",0,4.03286060670412,1.95218273251951,2.35932928796715,-0.737508737051909,-1.22459298388913,0.447158134025757,-1.2630712216027,0.31780716904046,0.0675649386032631,0.507013405506412
"2408","6324","1","1","0","2",0,4.03286060670412,1.95218273251951,2.35932928796715,-0.737508737051909,0,0.447158134025757,-1.1908957232254,0.31780716904046,0.0675649386032631,0.507013405506412
"2409","6324","1","1","0","2",0,4.03286060670412,1.95218273251951,2.35932928796715,-0.737508737051909,1.22459298388913,0.447158134025757,-1.1187202248481,0.31780716904046,0.0675649386032631,0.507013405506412
"2410","6324","1","1","0","2",0,4.03286060670412,1.95218273251951,2.35932928796715,-0.737508737051909,-1.22459298388913,1.34147440207727,-1.04654472647081,0.31780716904046,0.0675649386032631,0.507013405506412
"2411","6324","1","1","0","2",0,4.03286060670412,1.95218273251951,2.35932928796715,-0.737508737051909,0,1.34147440207727,-0.97436922809351,0.31780716904046,0.0675649386032631,0.507013405506412
"2412","6324","1","1","0","2",0,4.03286060670412,1.95218273251951,2.35932928796715,-0.737508737051909,1.22459298388913,1.34147440207727,-0.902193729716213,0.31780716904046,0.0675649386032631,0.507013405506412
"2413","6324","1","1","0","2",0,4.03286060670412,1.95218273251951,2.35932928796715,-0.737508737051909,-1.22459298388913,-1.34147440207727,-0.830018231338916,0.31780716904046,0.0675649386032631,0.507013405506412
"2414","6324","1","1","0","2",1,4.03286060670412,1.95218273251951,2.35932928796715,-0.737508737051909,0,-1.34147440207727,-0.757842732961619,0.31780716904046,0.0675649386032631,0.507013405506412
"2415","6324","1","1","0","2",1,4.03286060670412,1.95218273251951,2.35932928796715,-0.737508737051909,1.22459298388913,-1.34147440207727,-0.685667234584322,0.31780716904046,0.0675649386032631,0.507013405506412
"2416","6324","1","1","0","2",1,4.03286060670412,1.95218273251951,2.35932928796715,-0.737508737051909,-1.22459298388913,-0.447158134025757,-0.613491736207025,0.31780716904046,0.0675649386032631,0.507013405506412
"2417","6324","1","1","0","2",0,4.03286060670412,1.95218273251951,2.35932928796715,-0.737508737051909,0,-0.447158134025757,-0.541316237829728,0.31780716904046,0.0675649386032631,0.507013405506412
"2418","6324","1","1","0","2",1,4.03286060670412,1.95218273251951,2.35932928796715,-0.737508737051909,1.22459298388913,-0.447158134025757,-0.469140739452431,0.31780716904046,0.0675649386032631,0.507013405506412
"2419","6324","1","1","0","2",0,4.03286060670412,1.95218273251951,2.35932928796715,-0.737508737051909,-1.22459298388913,0.447158134025757,-0.396965241075134,0.31780716904046,0.0675649386032631,0.507013405506412
"2420","6324","1","1","0","2",0,4.03286060670412,1.95218273251951,2.35932928796715,-0.737508737051909,0,0.447158134025757,-0.324789742697837,0.31780716904046,0.0675649386032631,0.507013405506412
"2421","6324","1","1","0","2",1,4.03286060670412,1.95218273251951,2.35932928796715,-0.737508737051909,1.22459298388913,0.447158134025757,-0.25261424432054,0.31780716904046,0.0675649386032631,0.507013405506412
"2422","6324","1","1","0","2",0,4.03286060670412,1.95218273251951,2.35932928796715,-0.737508737051909,-1.22459298388913,1.34147440207727,-0.180438745943243,0.31780716904046,0.0675649386032631,0.507013405506412
"2423","6324","1","1","0","2",1,4.03286060670412,1.95218273251951,2.35932928796715,-0.737508737051909,0,1.34147440207727,-0.108263247565946,0.31780716904046,0.0675649386032631,0.507013405506412
"2424","6324","1","1","0","2",0,4.03286060670412,1.95218273251951,2.35932928796715,-0.737508737051909,1.22459298388913,1.34147440207727,-0.0360877491886485,0.31780716904046,0.0675649386032631,0.507013405506412
"2425","6324","0","1","1","2",0,4.03286060670412,1.95218273251951,2.35932928796715,-0.737508737051909,-1.22459298388913,-1.34147440207727,0.0360877491886485,0.31780716904046,0.0675649386032631,0.507013405506412
"2426","6324","1","1","1","2",0,4.03286060670412,1.95218273251951,2.35932928796715,-0.737508737051909,0,-1.34147440207727,0.108263247565946,0.31780716904046,0.0675649386032631,0.507013405506412
"2429","6324","0","1","1","2",0,4.03286060670412,1.95218273251951,2.35932928796715,-0.737508737051909,0,-0.447158134025757,0.324789742697837,0.31780716904046,0.0675649386032631,0.507013405506412
"2431","6324","0","1","1","2",0,4.03286060670412,1.95218273251951,2.35932928796715,-0.737508737051909,-1.22459298388913,0.447158134025757,0.469140739452431,0.31780716904046,0.0675649386032631,0.507013405506412
"2432","6324","1","1","1","2",0,4.03286060670412,1.95218273251951,2.35932928796715,-0.737508737051909,0,0.447158134025757,0.541316237829728,0.31780716904046,0.0675649386032631,0.507013405506412
"2433","6324","1","1","1","2",0,4.03286060670412,1.95218273251951,2.35932928796715,-0.737508737051909,1.22459298388913,0.447158134025757,0.613491736207025,0.31780716904046,0.0675649386032631,0.507013405506412
"2434","6324","0","1","1","2",0,4.03286060670412,1.95218273251951,2.35932928796715,-0.737508737051909,-1.22459298388913,1.34147440207727,0.685667234584322,0.31780716904046,0.0675649386032631,0.507013405506412
"2435","6324","1","1","1","2",0,4.03286060670412,1.95218273251951,2.35932928796715,-0.737508737051909,0,1.34147440207727,0.757842732961619,0.31780716904046,0.0675649386032631,0.507013405506412
"2436","6324","0","1","1","2",0,4.03286060670412,1.95218273251951,2.35932928796715,-0.737508737051909,1.22459298388913,1.34147440207727,0.830018231338916,0.31780716904046,0.0675649386032631,0.507013405506412
"2437","6324","1","1","1","2",1,4.03286060670412,1.95218273251951,2.35932928796715,-0.737508737051909,-1.22459298388913,-1.34147440207727,0.902193729716213,0.31780716904046,0.0675649386032631,0.507013405506412
"2438","6324","1","1","1","2",1,4.03286060670412,1.95218273251951,2.35932928796715,-0.737508737051909,0,-1.34147440207727,0.97436922809351,0.31780716904046,0.0675649386032631,0.507013405506412
"2439","6324","1","1","1","2",1,4.03286060670412,1.95218273251951,2.35932928796715,-0.737508737051909,1.22459298388913,-1.34147440207727,1.04654472647081,0.31780716904046,0.0675649386032631,0.507013405506412
"2441","6324","0","1","1","2",0,4.03286060670412,1.95218273251951,2.35932928796715,-0.737508737051909,0,-0.447158134025757,1.1908957232254,0.31780716904046,0.0675649386032631,0.507013405506412
"2442","6324","0","1","1","2",0,4.03286060670412,1.95218273251951,2.35932928796715,-0.737508737051909,1.22459298388913,-0.447158134025757,1.2630712216027,0.31780716904046,0.0675649386032631,0.507013405506412
"2443","6324","1","1","1","2",1,4.03286060670412,1.95218273251951,2.35932928796715,-0.737508737051909,-1.22459298388913,0.447158134025757,1.33524671998,0.31780716904046,0.0675649386032631,0.507013405506412
"2445","6324","0","1","1","2",0,4.03286060670412,1.95218273251951,2.35932928796715,-0.737508737051909,1.22459298388913,0.447158134025757,1.47959771673459,0.31780716904046,0.0675649386032631,0.507013405506412
"2447","6324","0","1","1","2",0,4.03286060670412,1.95218273251951,2.35932928796715,-0.737508737051909,0,1.34147440207727,1.62394871348918,0.31780716904046,0.0675649386032631,0.507013405506412
"2448","6324","1","1","1","2",1,4.03286060670412,1.95218273251951,2.35932928796715,-0.737508737051909,1.22459298388913,1.34147440207727,1.69612421186648,0.31780716904046,0.0675649386032631,0.507013405506412
"2449","6332","1","1","0","2",0,-0.517830468403387,-0.444114940592711,-0.455418664291706,-0.737508737051909,-1.22459298388913,-1.34147440207727,-1.69612421186648,0.937918718387698,1.41886371066852,1.37001494679392
"2450","6332","1","1","0","2",0,-0.517830468403387,-0.444114940592711,-0.455418664291706,-0.737508737051909,0,-1.34147440207727,-1.62394871348918,0.937918718387698,1.41886371066852,1.37001494679392
"2451","6332","1","1","0","2",0,-0.517830468403387,-0.444114940592711,-0.455418664291706,-0.737508737051909,1.22459298388913,-1.34147440207727,-1.55177321511189,0.937918718387698,1.41886371066852,1.37001494679392
"2452","6332","1","1","0","2",0,-0.517830468403387,-0.444114940592711,-0.455418664291706,-0.737508737051909,-1.22459298388913,-0.447158134025757,-1.47959771673459,0.937918718387698,1.41886371066852,1.37001494679392
"2453","6332","1","1","0","2",0,-0.517830468403387,-0.444114940592711,-0.455418664291706,-0.737508737051909,0,-0.447158134025757,-1.40742221835729,0.937918718387698,1.41886371066852,1.37001494679392
"2454","6332","1","1","0","2",0,-0.517830468403387,-0.444114940592711,-0.455418664291706,-0.737508737051909,1.22459298388913,-0.447158134025757,-1.33524671998,0.937918718387698,1.41886371066852,1.37001494679392
"2455","6332","0","1","0","2",0,-0.517830468403387,-0.444114940592711,-0.455418664291706,-0.737508737051909,-1.22459298388913,0.447158134025757,-1.2630712216027,0.937918718387698,1.41886371066852,1.37001494679392
"2456","6332","1","1","0","2",0,-0.517830468403387,-0.444114940592711,-0.455418664291706,-0.737508737051909,0,0.447158134025757,-1.1908957232254,0.937918718387698,1.41886371066852,1.37001494679392
"2457","6332","1","1","0","2",0,-0.517830468403387,-0.444114940592711,-0.455418664291706,-0.737508737051909,1.22459298388913,0.447158134025757,-1.1187202248481,0.937918718387698,1.41886371066852,1.37001494679392
"2458","6332","1","1","0","2",0,-0.517830468403387,-0.444114940592711,-0.455418664291706,-0.737508737051909,-1.22459298388913,1.34147440207727,-1.04654472647081,0.937918718387698,1.41886371066852,1.37001494679392
"2459","6332","1","1","0","2",0,-0.517830468403387,-0.444114940592711,-0.455418664291706,-0.737508737051909,0,1.34147440207727,-0.97436922809351,0.937918718387698,1.41886371066852,1.37001494679392
"2460","6332","1","1","0","2",0,-0.517830468403387,-0.444114940592711,-0.455418664291706,-0.737508737051909,1.22459298388913,1.34147440207727,-0.902193729716213,0.937918718387698,1.41886371066852,1.37001494679392
"2461","6332","1","1","0","2",0,-0.517830468403387,-0.444114940592711,-0.455418664291706,-0.737508737051909,-1.22459298388913,-1.34147440207727,-0.830018231338916,0.937918718387698,1.41886371066852,1.37001494679392
"2462","6332","1","1","0","2",0,-0.517830468403387,-0.444114940592711,-0.455418664291706,-0.737508737051909,0,-1.34147440207727,-0.757842732961619,0.937918718387698,1.41886371066852,1.37001494679392
"2463","6332","1","1","0","2",0,-0.517830468403387,-0.444114940592711,-0.455418664291706,-0.737508737051909,1.22459298388913,-1.34147440207727,-0.685667234584322,0.937918718387698,1.41886371066852,1.37001494679392
"2464","6332","1","1","0","2",0,-0.517830468403387,-0.444114940592711,-0.455418664291706,-0.737508737051909,-1.22459298388913,-0.447158134025757,-0.613491736207025,0.937918718387698,1.41886371066852,1.37001494679392
"2465","6332","1","1","0","2",0,-0.517830468403387,-0.444114940592711,-0.455418664291706,-0.737508737051909,0,-0.447158134025757,-0.541316237829728,0.937918718387698,1.41886371066852,1.37001494679392
"2466","6332","1","1","0","2",0,-0.517830468403387,-0.444114940592711,-0.455418664291706,-0.737508737051909,1.22459298388913,-0.447158134025757,-0.469140739452431,0.937918718387698,1.41886371066852,1.37001494679392
"2467","6332","1","1","0","2",0,-0.517830468403387,-0.444114940592711,-0.455418664291706,-0.737508737051909,-1.22459298388913,0.447158134025757,-0.396965241075134,0.937918718387698,1.41886371066852,1.37001494679392
"2468","6332","1","1","0","2",0,-0.517830468403387,-0.444114940592711,-0.455418664291706,-0.737508737051909,0,0.447158134025757,-0.324789742697837,0.937918718387698,1.41886371066852,1.37001494679392
"2469","6332","1","1","0","2",0,-0.517830468403387,-0.444114940592711,-0.455418664291706,-0.737508737051909,1.22459298388913,0.447158134025757,-0.25261424432054,0.937918718387698,1.41886371066852,1.37001494679392
"2470","6332","1","1","0","2",0,-0.517830468403387,-0.444114940592711,-0.455418664291706,-0.737508737051909,-1.22459298388913,1.34147440207727,-0.180438745943243,0.937918718387698,1.41886371066852,1.37001494679392
"2471","6332","1","1","0","2",0,-0.517830468403387,-0.444114940592711,-0.455418664291706,-0.737508737051909,0,1.34147440207727,-0.108263247565946,0.937918718387698,1.41886371066852,1.37001494679392
"2472","6332","1","1","0","2",1,-0.517830468403387,-0.444114940592711,-0.455418664291706,-0.737508737051909,1.22459298388913,1.34147440207727,-0.0360877491886485,0.937918718387698,1.41886371066852,1.37001494679392
"2473","6332","1","1","1","2",0,-0.517830468403387,-0.444114940592711,-0.455418664291706,-0.737508737051909,-1.22459298388913,-1.34147440207727,0.0360877491886485,0.937918718387698,1.41886371066852,1.37001494679392
"2474","6332","0","1","1","2",0,-0.517830468403387,-0.444114940592711,-0.455418664291706,-0.737508737051909,0,-1.34147440207727,0.108263247565946,0.937918718387698,1.41886371066852,1.37001494679392
"2475","6332","0","1","1","2",0,-0.517830468403387,-0.444114940592711,-0.455418664291706,-0.737508737051909,1.22459298388913,-1.34147440207727,0.180438745943243,0.937918718387698,1.41886371066852,1.37001494679392
"2476","6332","0","1","1","2",0,-0.517830468403387,-0.444114940592711,-0.455418664291706,-0.737508737051909,-1.22459298388913,-0.447158134025757,0.25261424432054,0.937918718387698,1.41886371066852,1.37001494679392
"2477","6332","0","1","1","2",0,-0.517830468403387,-0.444114940592711,-0.455418664291706,-0.737508737051909,0,-0.447158134025757,0.324789742697837,0.937918718387698,1.41886371066852,1.37001494679392
"2478","6332","1","1","1","2",0,-0.517830468403387,-0.444114940592711,-0.455418664291706,-0.737508737051909,1.22459298388913,-0.447158134025757,0.396965241075134,0.937918718387698,1.41886371066852,1.37001494679392
"2479","6332","1","1","1","2",0,-0.517830468403387,-0.444114940592711,-0.455418664291706,-0.737508737051909,-1.22459298388913,0.447158134025757,0.469140739452431,0.937918718387698,1.41886371066852,1.37001494679392
"2480","6332","0","1","1","2",0,-0.517830468403387,-0.444114940592711,-0.455418664291706,-0.737508737051909,0,0.447158134025757,0.541316237829728,0.937918718387698,1.41886371066852,1.37001494679392
"2481","6332","0","1","1","2",0,-0.517830468403387,-0.444114940592711,-0.455418664291706,-0.737508737051909,1.22459298388913,0.447158134025757,0.613491736207025,0.937918718387698,1.41886371066852,1.37001494679392
"2482","6332","1","1","1","2",0,-0.517830468403387,-0.444114940592711,-0.455418664291706,-0.737508737051909,-1.22459298388913,1.34147440207727,0.685667234584322,0.937918718387698,1.41886371066852,1.37001494679392
"2483","6332","1","1","1","2",0,-0.517830468403387,-0.444114940592711,-0.455418664291706,-0.737508737051909,0,1.34147440207727,0.757842732961619,0.937918718387698,1.41886371066852,1.37001494679392
"2485","6332","0","1","1","2",0,-0.517830468403387,-0.444114940592711,-0.455418664291706,-0.737508737051909,-1.22459298388913,-1.34147440207727,0.902193729716213,0.937918718387698,1.41886371066852,1.37001494679392
"2486","6332","0","1","1","2",0,-0.517830468403387,-0.444114940592711,-0.455418664291706,-0.737508737051909,0,-1.34147440207727,0.97436922809351,0.937918718387698,1.41886371066852,1.37001494679392
"2487","6332","0","1","1","2",0,-0.517830468403387,-0.444114940592711,-0.455418664291706,-0.737508737051909,1.22459298388913,-1.34147440207727,1.04654472647081,0.937918718387698,1.41886371066852,1.37001494679392
"2488","6332","0","1","1","2",0,-0.517830468403387,-0.444114940592711,-0.455418664291706,-0.737508737051909,-1.22459298388913,-0.447158134025757,1.1187202248481,0.937918718387698,1.41886371066852,1.37001494679392
"2489","6332","0","1","1","2",0,-0.517830468403387,-0.444114940592711,-0.455418664291706,-0.737508737051909,0,-0.447158134025757,1.1908957232254,0.937918718387698,1.41886371066852,1.37001494679392
"2490","6332","0","1","1","2",0,-0.517830468403387,-0.444114940592711,-0.455418664291706,-0.737508737051909,1.22459298388913,-0.447158134025757,1.2630712216027,0.937918718387698,1.41886371066852,1.37001494679392
"2491","6332","0","1","1","2",0,-0.517830468403387,-0.444114940592711,-0.455418664291706,-0.737508737051909,-1.22459298388913,0.447158134025757,1.33524671998,0.937918718387698,1.41886371066852,1.37001494679392
"2492","6332","0","1","1","2",0,-0.517830468403387,-0.444114940592711,-0.455418664291706,-0.737508737051909,0,0.447158134025757,1.40742221835729,0.937918718387698,1.41886371066852,1.37001494679392
"2493","6332","0","1","1","2",0,-0.517830468403387,-0.444114940592711,-0.455418664291706,-0.737508737051909,1.22459298388913,0.447158134025757,1.47959771673459,0.937918718387698,1.41886371066852,1.37001494679392
"2494","6332","0","1","1","2",0,-0.517830468403387,-0.444114940592711,-0.455418664291706,-0.737508737051909,-1.22459298388913,1.34147440207727,1.55177321511189,0.937918718387698,1.41886371066852,1.37001494679392
"2495","6332","0","1","1","2",0,-0.517830468403387,-0.444114940592711,-0.455418664291706,-0.737508737051909,0,1.34147440207727,1.62394871348918,0.937918718387698,1.41886371066852,1.37001494679392
"2496","6332","0","1","1","2",0,-0.517830468403387,-0.444114940592711,-0.455418664291706,-0.737508737051909,1.22459298388913,1.34147440207727,1.69612421186648,0.937918718387698,1.41886371066852,1.37001494679392
"2497","6335","1","0","0","1",0,-0.517830468403387,-0.948904038802791,-1.01890877283321,-0.737508737051909,-1.22459298388913,-1.34147440207727,-1.69612421186648,-0.302304380306779,0.0675649386032631,-0.355988135781098
"2498","6335","1","0","0","1",0,-0.517830468403387,-0.948904038802791,-1.01890877283321,-0.737508737051909,0,-1.34147440207727,-1.62394871348918,-0.302304380306779,0.0675649386032631,-0.355988135781098
"2499","6335","1","0","0","1",0,-0.517830468403387,-0.948904038802791,-1.01890877283321,-0.737508737051909,1.22459298388913,-1.34147440207727,-1.55177321511189,-0.302304380306779,0.0675649386032631,-0.355988135781098
"2500","6335","1","0","0","1",0,-0.517830468403387,-0.948904038802791,-1.01890877283321,-0.737508737051909,-1.22459298388913,-0.447158134025757,-1.47959771673459,-0.302304380306779,0.0675649386032631,-0.355988135781098
"2501","6335","1","0","0","1",0,-0.517830468403387,-0.948904038802791,-1.01890877283321,-0.737508737051909,0,-0.447158134025757,-1.40742221835729,-0.302304380306779,0.0675649386032631,-0.355988135781098
"2502","6335","1","0","0","1",0,-0.517830468403387,-0.948904038802791,-1.01890877283321,-0.737508737051909,1.22459298388913,-0.447158134025757,-1.33524671998,-0.302304380306779,0.0675649386032631,-0.355988135781098
"2503","6335","1","0","0","1",0,-0.517830468403387,-0.948904038802791,-1.01890877283321,-0.737508737051909,-1.22459298388913,0.447158134025757,-1.2630712216027,-0.302304380306779,0.0675649386032631,-0.355988135781098
"2504","6335","1","0","0","1",0,-0.517830468403387,-0.948904038802791,-1.01890877283321,-0.737508737051909,0,0.447158134025757,-1.1908957232254,-0.302304380306779,0.0675649386032631,-0.355988135781098
"2505","6335","1","0","0","1",0,-0.517830468403387,-0.948904038802791,-1.01890877283321,-0.737508737051909,1.22459298388913,0.447158134025757,-1.1187202248481,-0.302304380306779,0.0675649386032631,-0.355988135781098
"2506","6335","1","0","0","1",0,-0.517830468403387,-0.948904038802791,-1.01890877283321,-0.737508737051909,-1.22459298388913,1.34147440207727,-1.04654472647081,-0.302304380306779,0.0675649386032631,-0.355988135781098
"2507","6335","1","0","0","1",0,-0.517830468403387,-0.948904038802791,-1.01890877283321,-0.737508737051909,0,1.34147440207727,-0.97436922809351,-0.302304380306779,0.0675649386032631,-0.355988135781098
"2508","6335","1","0","0","1",0,-0.517830468403387,-0.948904038802791,-1.01890877283321,-0.737508737051909,1.22459298388913,1.34147440207727,-0.902193729716213,-0.302304380306779,0.0675649386032631,-0.355988135781098
"2509","6335","1","0","0","1",0,-0.517830468403387,-0.948904038802791,-1.01890877283321,-0.737508737051909,-1.22459298388913,-1.34147440207727,-0.830018231338916,-0.302304380306779,0.0675649386032631,-0.355988135781098
"2510","6335","1","0","0","1",0,-0.517830468403387,-0.948904038802791,-1.01890877283321,-0.737508737051909,0,-1.34147440207727,-0.757842732961619,-0.302304380306779,0.0675649386032631,-0.355988135781098
"2511","6335","1","0","0","1",0,-0.517830468403387,-0.948904038802791,-1.01890877283321,-0.737508737051909,1.22459298388913,-1.34147440207727,-0.685667234584322,-0.302304380306779,0.0675649386032631,-0.355988135781098
"2512","6335","1","0","0","1",0,-0.517830468403387,-0.948904038802791,-1.01890877283321,-0.737508737051909,-1.22459298388913,-0.447158134025757,-0.613491736207025,-0.302304380306779,0.0675649386032631,-0.355988135781098
"2513","6335","1","0","0","1",0,-0.517830468403387,-0.948904038802791,-1.01890877283321,-0.737508737051909,0,-0.447158134025757,-0.541316237829728,-0.302304380306779,0.0675649386032631,-0.355988135781098
"2514","6335","1","0","0","1",0,-0.517830468403387,-0.948904038802791,-1.01890877283321,-0.737508737051909,1.22459298388913,-0.447158134025757,-0.469140739452431,-0.302304380306779,0.0675649386032631,-0.355988135781098
"2515","6335","1","0","0","1",0,-0.517830468403387,-0.948904038802791,-1.01890877283321,-0.737508737051909,-1.22459298388913,0.447158134025757,-0.396965241075134,-0.302304380306779,0.0675649386032631,-0.355988135781098
"2516","6335","1","0","0","1",0,-0.517830468403387,-0.948904038802791,-1.01890877283321,-0.737508737051909,0,0.447158134025757,-0.324789742697837,-0.302304380306779,0.0675649386032631,-0.355988135781098
"2517","6335","1","0","0","1",0,-0.517830468403387,-0.948904038802791,-1.01890877283321,-0.737508737051909,1.22459298388913,0.447158134025757,-0.25261424432054,-0.302304380306779,0.0675649386032631,-0.355988135781098
"2518","6335","1","0","0","1",0,-0.517830468403387,-0.948904038802791,-1.01890877283321,-0.737508737051909,-1.22459298388913,1.34147440207727,-0.180438745943243,-0.302304380306779,0.0675649386032631,-0.355988135781098
"2519","6335","1","0","0","1",0,-0.517830468403387,-0.948904038802791,-1.01890877283321,-0.737508737051909,0,1.34147440207727,-0.108263247565946,-0.302304380306779,0.0675649386032631,-0.355988135781098
"2520","6335","1","0","0","1",0,-0.517830468403387,-0.948904038802791,-1.01890877283321,-0.737508737051909,1.22459298388913,1.34147440207727,-0.0360877491886485,-0.302304380306779,0.0675649386032631,-0.355988135781098
"2521","6335","1","0","1","1",0,-0.517830468403387,-0.948904038802791,-1.01890877283321,-0.737508737051909,-1.22459298388913,-1.34147440207727,0.0360877491886485,-0.302304380306779,0.0675649386032631,-0.355988135781098
"2522","6335","1","0","1","1",0,-0.517830468403387,-0.948904038802791,-1.01890877283321,-0.737508737051909,0,-1.34147440207727,0.108263247565946,-0.302304380306779,0.0675649386032631,-0.355988135781098
"2523","6335","1","0","1","1",0,-0.517830468403387,-0.948904038802791,-1.01890877283321,-0.737508737051909,1.22459298388913,-1.34147440207727,0.180438745943243,-0.302304380306779,0.0675649386032631,-0.355988135781098
"2524","6335","1","0","1","1",0,-0.517830468403387,-0.948904038802791,-1.01890877283321,-0.737508737051909,-1.22459298388913,-0.447158134025757,0.25261424432054,-0.302304380306779,0.0675649386032631,-0.355988135781098
"2525","6335","1","0","1","1",0,-0.517830468403387,-0.948904038802791,-1.01890877283321,-0.737508737051909,0,-0.447158134025757,0.324789742697837,-0.302304380306779,0.0675649386032631,-0.355988135781098
"2526","6335","1","0","1","1",0,-0.517830468403387,-0.948904038802791,-1.01890877283321,-0.737508737051909,1.22459298388913,-0.447158134025757,0.396965241075134,-0.302304380306779,0.0675649386032631,-0.355988135781098
"2527","6335","1","0","1","1",0,-0.517830468403387,-0.948904038802791,-1.01890877283321,-0.737508737051909,-1.22459298388913,0.447158134025757,0.469140739452431,-0.302304380306779,0.0675649386032631,-0.355988135781098
"2528","6335","1","0","1","1",0,-0.517830468403387,-0.948904038802791,-1.01890877283321,-0.737508737051909,0,0.447158134025757,0.541316237829728,-0.302304380306779,0.0675649386032631,-0.355988135781098
"2529","6335","0","0","1","1",0,-0.517830468403387,-0.948904038802791,-1.01890877283321,-0.737508737051909,1.22459298388913,0.447158134025757,0.613491736207025,-0.302304380306779,0.0675649386032631,-0.355988135781098
"2530","6335","1","0","1","1",0,-0.517830468403387,-0.948904038802791,-1.01890877283321,-0.737508737051909,-1.22459298388913,1.34147440207727,0.685667234584322,-0.302304380306779,0.0675649386032631,-0.355988135781098
"2531","6335","1","0","1","1",0,-0.517830468403387,-0.948904038802791,-1.01890877283321,-0.737508737051909,0,1.34147440207727,0.757842732961619,-0.302304380306779,0.0675649386032631,-0.355988135781098
"2532","6335","1","0","1","1",0,-0.517830468403387,-0.948904038802791,-1.01890877283321,-0.737508737051909,1.22459298388913,1.34147440207727,0.830018231338916,-0.302304380306779,0.0675649386032631,-0.355988135781098
"2533","6335","1","0","1","1",0,-0.517830468403387,-0.948904038802791,-1.01890877283321,-0.737508737051909,-1.22459298388913,-1.34147440207727,0.902193729716213,-0.302304380306779,0.0675649386032631,-0.355988135781098
"2534","6335","1","0","1","1",0,-0.517830468403387,-0.948904038802791,-1.01890877283321,-0.737508737051909,0,-1.34147440207727,0.97436922809351,-0.302304380306779,0.0675649386032631,-0.355988135781098
"2535","6335","1","0","1","1",0,-0.517830468403387,-0.948904038802791,-1.01890877283321,-0.737508737051909,1.22459298388913,-1.34147440207727,1.04654472647081,-0.302304380306779,0.0675649386032631,-0.355988135781098
"2536","6335","1","0","1","1",0,-0.517830468403387,-0.948904038802791,-1.01890877283321,-0.737508737051909,-1.22459298388913,-0.447158134025757,1.1187202248481,-0.302304380306779,0.0675649386032631,-0.355988135781098
"2537","6335","1","0","1","1",0,-0.517830468403387,-0.948904038802791,-1.01890877283321,-0.737508737051909,0,-0.447158134025757,1.1908957232254,-0.302304380306779,0.0675649386032631,-0.355988135781098
"2538","6335","1","0","1","1",0,-0.517830468403387,-0.948904038802791,-1.01890877283321,-0.737508737051909,1.22459298388913,-0.447158134025757,1.2630712216027,-0.302304380306779,0.0675649386032631,-0.355988135781098
"2539","6335","1","0","1","1",0,-0.517830468403387,-0.948904038802791,-1.01890877283321,-0.737508737051909,-1.22459298388913,0.447158134025757,1.33524671998,-0.302304380306779,0.0675649386032631,-0.355988135781098
"2540","6335","1","0","1","1",0,-0.517830468403387,-0.948904038802791,-1.01890877283321,-0.737508737051909,0,0.447158134025757,1.40742221835729,-0.302304380306779,0.0675649386032631,-0.355988135781098
"2541","6335","1","0","1","1",0,-0.517830468403387,-0.948904038802791,-1.01890877283321,-0.737508737051909,1.22459298388913,0.447158134025757,1.47959771673459,-0.302304380306779,0.0675649386032631,-0.355988135781098
"2542","6335","1","0","1","1",0,-0.517830468403387,-0.948904038802791,-1.01890877283321,-0.737508737051909,-1.22459298388913,1.34147440207727,1.55177321511189,-0.302304380306779,0.0675649386032631,-0.355988135781098
"2543","6335","1","0","1","1",0,-0.517830468403387,-0.948904038802791,-1.01890877283321,-0.737508737051909,0,1.34147440207727,1.62394871348918,-0.302304380306779,0.0675649386032631,-0.355988135781098
"2544","6335","1","0","1","1",0,-0.517830468403387,-0.948904038802791,-1.01890877283321,-0.737508737051909,1.22459298388913,1.34147440207727,1.69612421186648,-0.302304380306779,0.0675649386032631,-0.355988135781098
"2545","6397","1","0","0","2",0,-0.161539860471104,-0.444114940592711,-0.455418664291706,-0.0849509912336239,-1.22459298388913,-1.34147440207727,-1.69612421186648,1.55803026773494,1.41886371066852,1.37001494679392
"2546","6397","1","0","0","2",0,-0.161539860471104,-0.444114940592711,-0.455418664291706,-0.0849509912336239,0,-1.34147440207727,-1.62394871348918,1.55803026773494,1.41886371066852,1.37001494679392
"2547","6397","1","0","0","2",0,-0.161539860471104,-0.444114940592711,-0.455418664291706,-0.0849509912336239,1.22459298388913,-1.34147440207727,-1.55177321511189,1.55803026773494,1.41886371066852,1.37001494679392
"2548","6397","1","0","0","2",0,-0.161539860471104,-0.444114940592711,-0.455418664291706,-0.0849509912336239,-1.22459298388913,-0.447158134025757,-1.47959771673459,1.55803026773494,1.41886371066852,1.37001494679392
"2549","6397","1","0","0","2",0,-0.161539860471104,-0.444114940592711,-0.455418664291706,-0.0849509912336239,0,-0.447158134025757,-1.40742221835729,1.55803026773494,1.41886371066852,1.37001494679392
"2550","6397","1","0","0","2",0,-0.161539860471104,-0.444114940592711,-0.455418664291706,-0.0849509912336239,1.22459298388913,-0.447158134025757,-1.33524671998,1.55803026773494,1.41886371066852,1.37001494679392
"2551","6397","1","0","0","2",0,-0.161539860471104,-0.444114940592711,-0.455418664291706,-0.0849509912336239,-1.22459298388913,0.447158134025757,-1.2630712216027,1.55803026773494,1.41886371066852,1.37001494679392
"2552","6397","1","0","0","2",0,-0.161539860471104,-0.444114940592711,-0.455418664291706,-0.0849509912336239,0,0.447158134025757,-1.1908957232254,1.55803026773494,1.41886371066852,1.37001494679392
"2553","6397","1","0","0","2",0,-0.161539860471104,-0.444114940592711,-0.455418664291706,-0.0849509912336239,1.22459298388913,0.447158134025757,-1.1187202248481,1.55803026773494,1.41886371066852,1.37001494679392
"2554","6397","1","0","0","2",0,-0.161539860471104,-0.444114940592711,-0.455418664291706,-0.0849509912336239,-1.22459298388913,1.34147440207727,-1.04654472647081,1.55803026773494,1.41886371066852,1.37001494679392
"2555","6397","1","0","0","2",0,-0.161539860471104,-0.444114940592711,-0.455418664291706,-0.0849509912336239,0,1.34147440207727,-0.97436922809351,1.55803026773494,1.41886371066852,1.37001494679392
"2556","6397","1","0","0","2",0,-0.161539860471104,-0.444114940592711,-0.455418664291706,-0.0849509912336239,1.22459298388913,1.34147440207727,-0.902193729716213,1.55803026773494,1.41886371066852,1.37001494679392
"2557","6397","1","0","0","2",0,-0.161539860471104,-0.444114940592711,-0.455418664291706,-0.0849509912336239,-1.22459298388913,-1.34147440207727,-0.830018231338916,1.55803026773494,1.41886371066852,1.37001494679392
"2558","6397","1","0","0","2",1,-0.161539860471104,-0.444114940592711,-0.455418664291706,-0.0849509912336239,0,-1.34147440207727,-0.757842732961619,1.55803026773494,1.41886371066852,1.37001494679392
"2559","6397","1","0","0","2",0,-0.161539860471104,-0.444114940592711,-0.455418664291706,-0.0849509912336239,1.22459298388913,-1.34147440207727,-0.685667234584322,1.55803026773494,1.41886371066852,1.37001494679392
"2560","6397","1","0","0","2",0,-0.161539860471104,-0.444114940592711,-0.455418664291706,-0.0849509912336239,-1.22459298388913,-0.447158134025757,-0.613491736207025,1.55803026773494,1.41886371066852,1.37001494679392
"2561","6397","1","0","0","2",0,-0.161539860471104,-0.444114940592711,-0.455418664291706,-0.0849509912336239,0,-0.447158134025757,-0.541316237829728,1.55803026773494,1.41886371066852,1.37001494679392
"2563","6397","1","0","0","2",0,-0.161539860471104,-0.444114940592711,-0.455418664291706,-0.0849509912336239,-1.22459298388913,0.447158134025757,-0.396965241075134,1.55803026773494,1.41886371066852,1.37001494679392
"2564","6397","1","0","0","2",0,-0.161539860471104,-0.444114940592711,-0.455418664291706,-0.0849509912336239,0,0.447158134025757,-0.324789742697837,1.55803026773494,1.41886371066852,1.37001494679392
"2565","6397","1","0","0","2",0,-0.161539860471104,-0.444114940592711,-0.455418664291706,-0.0849509912336239,1.22459298388913,0.447158134025757,-0.25261424432054,1.55803026773494,1.41886371066852,1.37001494679392
"2566","6397","1","0","0","2",0,-0.161539860471104,-0.444114940592711,-0.455418664291706,-0.0849509912336239,-1.22459298388913,1.34147440207727,-0.180438745943243,1.55803026773494,1.41886371066852,1.37001494679392
"2567","6397","1","0","0","2",0,-0.161539860471104,-0.444114940592711,-0.455418664291706,-0.0849509912336239,0,1.34147440207727,-0.108263247565946,1.55803026773494,1.41886371066852,1.37001494679392
"2568","6397","1","0","0","2",0,-0.161539860471104,-0.444114940592711,-0.455418664291706,-0.0849509912336239,1.22459298388913,1.34147440207727,-0.0360877491886485,1.55803026773494,1.41886371066852,1.37001494679392
"2569","6397","1","0","1","2",0,-0.161539860471104,-0.444114940592711,-0.455418664291706,-0.0849509912336239,-1.22459298388913,-1.34147440207727,0.0360877491886485,1.55803026773494,1.41886371066852,1.37001494679392
"2571","6397","1","0","1","2",0,-0.161539860471104,-0.444114940592711,-0.455418664291706,-0.0849509912336239,1.22459298388913,-1.34147440207727,0.180438745943243,1.55803026773494,1.41886371066852,1.37001494679392
"2572","6397","1","0","1","2",0,-0.161539860471104,-0.444114940592711,-0.455418664291706,-0.0849509912336239,-1.22459298388913,-0.447158134025757,0.25261424432054,1.55803026773494,1.41886371066852,1.37001494679392
"2573","6397","1","0","1","2",0,-0.161539860471104,-0.444114940592711,-0.455418664291706,-0.0849509912336239,0,-0.447158134025757,0.324789742697837,1.55803026773494,1.41886371066852,1.37001494679392
"2574","6397","1","0","1","2",1,-0.161539860471104,-0.444114940592711,-0.455418664291706,-0.0849509912336239,1.22459298388913,-0.447158134025757,0.396965241075134,1.55803026773494,1.41886371066852,1.37001494679392
"2575","6397","1","0","1","2",0,-0.161539860471104,-0.444114940592711,-0.455418664291706,-0.0849509912336239,-1.22459298388913,0.447158134025757,0.469140739452431,1.55803026773494,1.41886371066852,1.37001494679392
"2576","6397","1","0","1","2",0,-0.161539860471104,-0.444114940592711,-0.455418664291706,-0.0849509912336239,0,0.447158134025757,0.541316237829728,1.55803026773494,1.41886371066852,1.37001494679392
"2577","6397","1","0","1","2",0,-0.161539860471104,-0.444114940592711,-0.455418664291706,-0.0849509912336239,1.22459298388913,0.447158134025757,0.613491736207025,1.55803026773494,1.41886371066852,1.37001494679392
"2578","6397","1","0","1","2",0,-0.161539860471104,-0.444114940592711,-0.455418664291706,-0.0849509912336239,-1.22459298388913,1.34147440207727,0.685667234584322,1.55803026773494,1.41886371066852,1.37001494679392
"2579","6397","1","0","1","2",0,-0.161539860471104,-0.444114940592711,-0.455418664291706,-0.0849509912336239,0,1.34147440207727,0.757842732961619,1.55803026773494,1.41886371066852,1.37001494679392
"2580","6397","1","0","1","2",0,-0.161539860471104,-0.444114940592711,-0.455418664291706,-0.0849509912336239,1.22459298388913,1.34147440207727,0.830018231338916,1.55803026773494,1.41886371066852,1.37001494679392
"2581","6397","1","0","1","2",0,-0.161539860471104,-0.444114940592711,-0.455418664291706,-0.0849509912336239,-1.22459298388913,-1.34147440207727,0.902193729716213,1.55803026773494,1.41886371066852,1.37001494679392
"2582","6397","1","0","1","2",0,-0.161539860471104,-0.444114940592711,-0.455418664291706,-0.0849509912336239,0,-1.34147440207727,0.97436922809351,1.55803026773494,1.41886371066852,1.37001494679392
"2583","6397","1","0","1","2",0,-0.161539860471104,-0.444114940592711,-0.455418664291706,-0.0849509912336239,1.22459298388913,-1.34147440207727,1.04654472647081,1.55803026773494,1.41886371066852,1.37001494679392
"2584","6397","1","0","1","2",0,-0.161539860471104,-0.444114940592711,-0.455418664291706,-0.0849509912336239,-1.22459298388913,-0.447158134025757,1.1187202248481,1.55803026773494,1.41886371066852,1.37001494679392
"2585","6397","1","0","1","2",0,-0.161539860471104,-0.444114940592711,-0.455418664291706,-0.0849509912336239,0,-0.447158134025757,1.1908957232254,1.55803026773494,1.41886371066852,1.37001494679392
"2586","6397","1","0","1","2",0,-0.161539860471104,-0.444114940592711,-0.455418664291706,-0.0849509912336239,1.22459298388913,-0.447158134025757,1.2630712216027,1.55803026773494,1.41886371066852,1.37001494679392
"2587","6397","1","0","1","2",0,-0.161539860471104,-0.444114940592711,-0.455418664291706,-0.0849509912336239,-1.22459298388913,0.447158134025757,1.33524671998,1.55803026773494,1.41886371066852,1.37001494679392
"2588","6397","1","0","1","2",0,-0.161539860471104,-0.444114940592711,-0.455418664291706,-0.0849509912336239,0,0.447158134025757,1.40742221835729,1.55803026773494,1.41886371066852,1.37001494679392
"2589","6397","1","0","1","2",0,-0.161539860471104,-0.444114940592711,-0.455418664291706,-0.0849509912336239,1.22459298388913,0.447158134025757,1.47959771673459,1.55803026773494,1.41886371066852,1.37001494679392
"2590","6397","1","0","1","2",0,-0.161539860471104,-0.444114940592711,-0.455418664291706,-0.0849509912336239,-1.22459298388913,1.34147440207727,1.55177321511189,1.55803026773494,1.41886371066852,1.37001494679392
"2591","6397","1","0","1","2",0,-0.161539860471104,-0.444114940592711,-0.455418664291706,-0.0849509912336239,0,1.34147440207727,1.62394871348918,1.55803026773494,1.41886371066852,1.37001494679392
"2592","6397","1","0","1","2",0,-0.161539860471104,-0.444114940592711,-0.455418664291706,-0.0849509912336239,1.22459298388913,1.34147440207727,1.69612421186648,1.55803026773494,1.41886371066852,1.37001494679392
"2593","6469","1","1","0","1",0,3.81826718307594,2.36645792346433,0.106720149025474,-0.0849509912336239,-1.22459298388913,-1.34147440207727,-1.69612421186648,-0.922415929654017,-1.283733833462,-1.21898967706861
"2595","6469","1","1","0","1",0,3.81826718307594,2.36645792346433,0.106720149025474,-0.0849509912336239,1.22459298388913,-1.34147440207727,-1.55177321511189,-0.922415929654017,-1.283733833462,-1.21898967706861
"2596","6469","1","1","0","1",0,3.81826718307594,2.36645792346433,0.106720149025474,-0.0849509912336239,-1.22459298388913,-0.447158134025757,-1.47959771673459,-0.922415929654017,-1.283733833462,-1.21898967706861
"2597","6469","1","1","0","1",0,3.81826718307594,2.36645792346433,0.106720149025474,-0.0849509912336239,0,-0.447158134025757,-1.40742221835729,-0.922415929654017,-1.283733833462,-1.21898967706861
"2598","6469","1","1","0","1",0,3.81826718307594,2.36645792346433,0.106720149025474,-0.0849509912336239,1.22459298388913,-0.447158134025757,-1.33524671998,-0.922415929654017,-1.283733833462,-1.21898967706861
"2599","6469","1","1","0","1",0,3.81826718307594,2.36645792346433,0.106720149025474,-0.0849509912336239,-1.22459298388913,0.447158134025757,-1.2630712216027,-0.922415929654017,-1.283733833462,-1.21898967706861
"2600","6469","1","1","0","1",0,3.81826718307594,2.36645792346433,0.106720149025474,-0.0849509912336239,0,0.447158134025757,-1.1908957232254,-0.922415929654017,-1.283733833462,-1.21898967706861
"2601","6469","1","1","0","1",0,3.81826718307594,2.36645792346433,0.106720149025474,-0.0849509912336239,1.22459298388913,0.447158134025757,-1.1187202248481,-0.922415929654017,-1.283733833462,-1.21898967706861
"2602","6469","1","1","0","1",0,3.81826718307594,2.36645792346433,0.106720149025474,-0.0849509912336239,-1.22459298388913,1.34147440207727,-1.04654472647081,-0.922415929654017,-1.283733833462,-1.21898967706861
"2603","6469","1","1","0","1",0,3.81826718307594,2.36645792346433,0.106720149025474,-0.0849509912336239,0,1.34147440207727,-0.97436922809351,-0.922415929654017,-1.283733833462,-1.21898967706861
"2604","6469","1","1","0","1",0,3.81826718307594,2.36645792346433,0.106720149025474,-0.0849509912336239,1.22459298388913,1.34147440207727,-0.902193729716213,-0.922415929654017,-1.283733833462,-1.21898967706861
"2605","6469","1","1","0","1",0,3.81826718307594,2.36645792346433,0.106720149025474,-0.0849509912336239,-1.22459298388913,-1.34147440207727,-0.830018231338916,-0.922415929654017,-1.283733833462,-1.21898967706861
"2606","6469","1","1","0","1",1,3.81826718307594,2.36645792346433,0.106720149025474,-0.0849509912336239,0,-1.34147440207727,-0.757842732961619,-0.922415929654017,-1.283733833462,-1.21898967706861
"2607","6469","1","1","0","1",1,3.81826718307594,2.36645792346433,0.106720149025474,-0.0849509912336239,1.22459298388913,-1.34147440207727,-0.685667234584322,-0.922415929654017,-1.283733833462,-1.21898967706861
"2608","6469","1","1","0","1",0,3.81826718307594,2.36645792346433,0.106720149025474,-0.0849509912336239,-1.22459298388913,-0.447158134025757,-0.613491736207025,-0.922415929654017,-1.283733833462,-1.21898967706861
"2609","6469","1","1","0","1",0,3.81826718307594,2.36645792346433,0.106720149025474,-0.0849509912336239,0,-0.447158134025757,-0.541316237829728,-0.922415929654017,-1.283733833462,-1.21898967706861
"2610","6469","1","1","0","1",1,3.81826718307594,2.36645792346433,0.106720149025474,-0.0849509912336239,1.22459298388913,-0.447158134025757,-0.469140739452431,-0.922415929654017,-1.283733833462,-1.21898967706861
"2611","6469","1","1","0","1",1,3.81826718307594,2.36645792346433,0.106720149025474,-0.0849509912336239,-1.22459298388913,0.447158134025757,-0.396965241075134,-0.922415929654017,-1.283733833462,-1.21898967706861
"2612","6469","1","1","0","1",0,3.81826718307594,2.36645792346433,0.106720149025474,-0.0849509912336239,0,0.447158134025757,-0.324789742697837,-0.922415929654017,-1.283733833462,-1.21898967706861
"2613","6469","1","1","0","1",1,3.81826718307594,2.36645792346433,0.106720149025474,-0.0849509912336239,1.22459298388913,0.447158134025757,-0.25261424432054,-0.922415929654017,-1.283733833462,-1.21898967706861
"2614","6469","0","1","0","1",0,3.81826718307594,2.36645792346433,0.106720149025474,-0.0849509912336239,-1.22459298388913,1.34147440207727,-0.180438745943243,-0.922415929654017,-1.283733833462,-1.21898967706861
"2615","6469","0","1","0","1",0,3.81826718307594,2.36645792346433,0.106720149025474,-0.0849509912336239,0,1.34147440207727,-0.108263247565946,-0.922415929654017,-1.283733833462,-1.21898967706861
"2616","6469","1","1","0","1",1,3.81826718307594,2.36645792346433,0.106720149025474,-0.0849509912336239,1.22459298388913,1.34147440207727,-0.0360877491886485,-0.922415929654017,-1.283733833462,-1.21898967706861
"2617","6469","1","1","1","1",0,3.81826718307594,2.36645792346433,0.106720149025474,-0.0849509912336239,-1.22459298388913,-1.34147440207727,0.0360877491886485,-0.922415929654017,-1.283733833462,-1.21898967706861
"2618","6469","1","1","1","1",0,3.81826718307594,2.36645792346433,0.106720149025474,-0.0849509912336239,0,-1.34147440207727,0.108263247565946,-0.922415929654017,-1.283733833462,-1.21898967706861
"2619","6469","1","1","1","1",0,3.81826718307594,2.36645792346433,0.106720149025474,-0.0849509912336239,1.22459298388913,-1.34147440207727,0.180438745943243,-0.922415929654017,-1.283733833462,-1.21898967706861
"2620","6469","0","1","1","1",0,3.81826718307594,2.36645792346433,0.106720149025474,-0.0849509912336239,-1.22459298388913,-0.447158134025757,0.25261424432054,-0.922415929654017,-1.283733833462,-1.21898967706861
"2621","6469","1","1","1","1",0,3.81826718307594,2.36645792346433,0.106720149025474,-0.0849509912336239,0,-0.447158134025757,0.324789742697837,-0.922415929654017,-1.283733833462,-1.21898967706861
"2622","6469","1","1","1","1",0,3.81826718307594,2.36645792346433,0.106720149025474,-0.0849509912336239,1.22459298388913,-0.447158134025757,0.396965241075134,-0.922415929654017,-1.283733833462,-1.21898967706861
"2623","6469","1","1","1","1",0,3.81826718307594,2.36645792346433,0.106720149025474,-0.0849509912336239,-1.22459298388913,0.447158134025757,0.469140739452431,-0.922415929654017,-1.283733833462,-1.21898967706861
"2624","6469","1","1","1","1",0,3.81826718307594,2.36645792346433,0.106720149025474,-0.0849509912336239,0,0.447158134025757,0.541316237829728,-0.922415929654017,-1.283733833462,-1.21898967706861
"2625","6469","1","1","1","1",0,3.81826718307594,2.36645792346433,0.106720149025474,-0.0849509912336239,1.22459298388913,0.447158134025757,0.613491736207025,-0.922415929654017,-1.283733833462,-1.21898967706861
"2627","6469","0","1","1","1",0,3.81826718307594,2.36645792346433,0.106720149025474,-0.0849509912336239,0,1.34147440207727,0.757842732961619,-0.922415929654017,-1.283733833462,-1.21898967706861
"2629","6469","1","1","1","1",1,3.81826718307594,2.36645792346433,0.106720149025474,-0.0849509912336239,-1.22459298388913,-1.34147440207727,0.902193729716213,-0.922415929654017,-1.283733833462,-1.21898967706861
"2630","6469","1","1","1","1",1,3.81826718307594,2.36645792346433,0.106720149025474,-0.0849509912336239,0,-1.34147440207727,0.97436922809351,-0.922415929654017,-1.283733833462,-1.21898967706861
"2631","6469","1","1","1","1",1,3.81826718307594,2.36645792346433,0.106720149025474,-0.0849509912336239,1.22459298388913,-1.34147440207727,1.04654472647081,-0.922415929654017,-1.283733833462,-1.21898967706861
"2632","6469","1","1","1","1",1,3.81826718307594,2.36645792346433,0.106720149025474,-0.0849509912336239,-1.22459298388913,-0.447158134025757,1.1187202248481,-0.922415929654017,-1.283733833462,-1.21898967706861
"2633","6469","1","1","1","1",1,3.81826718307594,2.36645792346433,0.106720149025474,-0.0849509912336239,0,-0.447158134025757,1.1908957232254,-0.922415929654017,-1.283733833462,-1.21898967706861
"2634","6469","1","1","1","1",1,3.81826718307594,2.36645792346433,0.106720149025474,-0.0849509912336239,1.22459298388913,-0.447158134025757,1.2630712216027,-0.922415929654017,-1.283733833462,-1.21898967706861
"2635","6469","0","1","1","1",0,3.81826718307594,2.36645792346433,0.106720149025474,-0.0849509912336239,-1.22459298388913,0.447158134025757,1.33524671998,-0.922415929654017,-1.283733833462,-1.21898967706861
"2636","6469","1","1","1","1",1,3.81826718307594,2.36645792346433,0.106720149025474,-0.0849509912336239,0,0.447158134025757,1.40742221835729,-0.922415929654017,-1.283733833462,-1.21898967706861
"2637","6469","0","1","1","1",0,3.81826718307594,2.36645792346433,0.106720149025474,-0.0849509912336239,1.22459298388913,0.447158134025757,1.47959771673459,-0.922415929654017,-1.283733833462,-1.21898967706861
"2638","6469","1","1","1","1",1,3.81826718307594,2.36645792346433,0.106720149025474,-0.0849509912336239,-1.22459298388913,1.34147440207727,1.55177321511189,-0.922415929654017,-1.283733833462,-1.21898967706861
"2639","6469","0","1","1","1",0,3.81826718307594,2.36645792346433,0.106720149025474,-0.0849509912336239,0,1.34147440207727,1.62394871348918,-0.922415929654017,-1.283733833462,-1.21898967706861
"2640","6469","1","1","1","1",1,3.81826718307594,2.36645792346433,0.106720149025474,-0.0849509912336239,1.22459298388913,1.34147440207727,1.69612421186648,-0.922415929654017,-1.283733833462,-1.21898967706861
"2641","6495","1","0","0","1",0,-0.517830468403387,0.105931111249997,0.670210257566974,-0.0849509912336239,-1.22459298388913,-1.34147440207727,-1.69612421186648,-0.302304380306779,0.0675649386032631,-0.355988135781098
"2642","6495","1","0","0","1",0,-0.517830468403387,0.105931111249997,0.670210257566974,-0.0849509912336239,0,-1.34147440207727,-1.62394871348918,-0.302304380306779,0.0675649386032631,-0.355988135781098
"2643","6495","1","0","0","1",0,-0.517830468403387,0.105931111249997,0.670210257566974,-0.0849509912336239,1.22459298388913,-1.34147440207727,-1.55177321511189,-0.302304380306779,0.0675649386032631,-0.355988135781098
"2645","6495","1","0","0","1",0,-0.517830468403387,0.105931111249997,0.670210257566974,-0.0849509912336239,0,-0.447158134025757,-1.40742221835729,-0.302304380306779,0.0675649386032631,-0.355988135781098
"2646","6495","1","0","0","1",0,-0.517830468403387,0.105931111249997,0.670210257566974,-0.0849509912336239,1.22459298388913,-0.447158134025757,-1.33524671998,-0.302304380306779,0.0675649386032631,-0.355988135781098
"2647","6495","1","0","0","1",0,-0.517830468403387,0.105931111249997,0.670210257566974,-0.0849509912336239,-1.22459298388913,0.447158134025757,-1.2630712216027,-0.302304380306779,0.0675649386032631,-0.355988135781098
"2648","6495","1","0","0","1",0,-0.517830468403387,0.105931111249997,0.670210257566974,-0.0849509912336239,0,0.447158134025757,-1.1908957232254,-0.302304380306779,0.0675649386032631,-0.355988135781098
"2649","6495","1","0","0","1",0,-0.517830468403387,0.105931111249997,0.670210257566974,-0.0849509912336239,1.22459298388913,0.447158134025757,-1.1187202248481,-0.302304380306779,0.0675649386032631,-0.355988135781098
"2650","6495","0","0","0","1",0,-0.517830468403387,0.105931111249997,0.670210257566974,-0.0849509912336239,-1.22459298388913,1.34147440207727,-1.04654472647081,-0.302304380306779,0.0675649386032631,-0.355988135781098
"2651","6495","1","0","0","1",0,-0.517830468403387,0.105931111249997,0.670210257566974,-0.0849509912336239,0,1.34147440207727,-0.97436922809351,-0.302304380306779,0.0675649386032631,-0.355988135781098
"2652","6495","1","0","0","1",0,-0.517830468403387,0.105931111249997,0.670210257566974,-0.0849509912336239,1.22459298388913,1.34147440207727,-0.902193729716213,-0.302304380306779,0.0675649386032631,-0.355988135781098
"2653","6495","1","0","0","1",0,-0.517830468403387,0.105931111249997,0.670210257566974,-0.0849509912336239,-1.22459298388913,-1.34147440207727,-0.830018231338916,-0.302304380306779,0.0675649386032631,-0.355988135781098
"2654","6495","1","0","0","1",0,-0.517830468403387,0.105931111249997,0.670210257566974,-0.0849509912336239,0,-1.34147440207727,-0.757842732961619,-0.302304380306779,0.0675649386032631,-0.355988135781098
"2655","6495","1","0","0","1",1,-0.517830468403387,0.105931111249997,0.670210257566974,-0.0849509912336239,1.22459298388913,-1.34147440207727,-0.685667234584322,-0.302304380306779,0.0675649386032631,-0.355988135781098
"2656","6495","1","0","0","1",1,-0.517830468403387,0.105931111249997,0.670210257566974,-0.0849509912336239,-1.22459298388913,-0.447158134025757,-0.613491736207025,-0.302304380306779,0.0675649386032631,-0.355988135781098
"2657","6495","1","0","0","1",0,-0.517830468403387,0.105931111249997,0.670210257566974,-0.0849509912336239,0,-0.447158134025757,-0.541316237829728,-0.302304380306779,0.0675649386032631,-0.355988135781098
"2658","6495","1","0","0","1",0,-0.517830468403387,0.105931111249997,0.670210257566974,-0.0849509912336239,1.22459298388913,-0.447158134025757,-0.469140739452431,-0.302304380306779,0.0675649386032631,-0.355988135781098
"2659","6495","1","0","0","1",0,-0.517830468403387,0.105931111249997,0.670210257566974,-0.0849509912336239,-1.22459298388913,0.447158134025757,-0.396965241075134,-0.302304380306779,0.0675649386032631,-0.355988135781098
"2660","6495","1","0","0","1",0,-0.517830468403387,0.105931111249997,0.670210257566974,-0.0849509912336239,0,0.447158134025757,-0.324789742697837,-0.302304380306779,0.0675649386032631,-0.355988135781098
"2661","6495","1","0","0","1",0,-0.517830468403387,0.105931111249997,0.670210257566974,-0.0849509912336239,1.22459298388913,0.447158134025757,-0.25261424432054,-0.302304380306779,0.0675649386032631,-0.355988135781098
"2662","6495","1","0","0","1",0,-0.517830468403387,0.105931111249997,0.670210257566974,-0.0849509912336239,-1.22459298388913,1.34147440207727,-0.180438745943243,-0.302304380306779,0.0675649386032631,-0.355988135781098
"2663","6495","1","0","0","1",0,-0.517830468403387,0.105931111249997,0.670210257566974,-0.0849509912336239,0,1.34147440207727,-0.108263247565946,-0.302304380306779,0.0675649386032631,-0.355988135781098
"2664","6495","1","0","0","1",0,-0.517830468403387,0.105931111249997,0.670210257566974,-0.0849509912336239,1.22459298388913,1.34147440207727,-0.0360877491886485,-0.302304380306779,0.0675649386032631,-0.355988135781098
"2665","6495","1","0","1","1",0,-0.517830468403387,0.105931111249997,0.670210257566974,-0.0849509912336239,-1.22459298388913,-1.34147440207727,0.0360877491886485,-0.302304380306779,0.0675649386032631,-0.355988135781098
"2666","6495","1","0","1","1",0,-0.517830468403387,0.105931111249997,0.670210257566974,-0.0849509912336239,0,-1.34147440207727,0.108263247565946,-0.302304380306779,0.0675649386032631,-0.355988135781098
"2669","6495","1","0","1","1",0,-0.517830468403387,0.105931111249997,0.670210257566974,-0.0849509912336239,0,-0.447158134025757,0.324789742697837,-0.302304380306779,0.0675649386032631,-0.355988135781098
"2670","6495","0","0","1","1",0,-0.517830468403387,0.105931111249997,0.670210257566974,-0.0849509912336239,1.22459298388913,-0.447158134025757,0.396965241075134,-0.302304380306779,0.0675649386032631,-0.355988135781098
"2671","6495","1","0","1","1",0,-0.517830468403387,0.105931111249997,0.670210257566974,-0.0849509912336239,-1.22459298388913,0.447158134025757,0.469140739452431,-0.302304380306779,0.0675649386032631,-0.355988135781098
"2672","6495","1","0","1","1",0,-0.517830468403387,0.105931111249997,0.670210257566974,-0.0849509912336239,0,0.447158134025757,0.541316237829728,-0.302304380306779,0.0675649386032631,-0.355988135781098
"2673","6495","1","0","1","1",0,-0.517830468403387,0.105931111249997,0.670210257566974,-0.0849509912336239,1.22459298388913,0.447158134025757,0.613491736207025,-0.302304380306779,0.0675649386032631,-0.355988135781098
"2674","6495","0","0","1","1",0,-0.517830468403387,0.105931111249997,0.670210257566974,-0.0849509912336239,-1.22459298388913,1.34147440207727,0.685667234584322,-0.302304380306779,0.0675649386032631,-0.355988135781098
"2675","6495","1","0","1","1",0,-0.517830468403387,0.105931111249997,0.670210257566974,-0.0849509912336239,0,1.34147440207727,0.757842732961619,-0.302304380306779,0.0675649386032631,-0.355988135781098
"2676","6495","1","0","1","1",0,-0.517830468403387,0.105931111249997,0.670210257566974,-0.0849509912336239,1.22459298388913,1.34147440207727,0.830018231338916,-0.302304380306779,0.0675649386032631,-0.355988135781098
"2677","6495","1","0","1","1",0,-0.517830468403387,0.105931111249997,0.670210257566974,-0.0849509912336239,-1.22459298388913,-1.34147440207727,0.902193729716213,-0.302304380306779,0.0675649386032631,-0.355988135781098
"2678","6495","1","0","1","1",0,-0.517830468403387,0.105931111249997,0.670210257566974,-0.0849509912336239,0,-1.34147440207727,0.97436922809351,-0.302304380306779,0.0675649386032631,-0.355988135781098
"2679","6495","1","0","1","1",0,-0.517830468403387,0.105931111249997,0.670210257566974,-0.0849509912336239,1.22459298388913,-1.34147440207727,1.04654472647081,-0.302304380306779,0.0675649386032631,-0.355988135781098
"2680","6495","1","0","1","1",0,-0.517830468403387,0.105931111249997,0.670210257566974,-0.0849509912336239,-1.22459298388913,-0.447158134025757,1.1187202248481,-0.302304380306779,0.0675649386032631,-0.355988135781098
"2681","6495","1","0","1","1",0,-0.517830468403387,0.105931111249997,0.670210257566974,-0.0849509912336239,0,-0.447158134025757,1.1908957232254,-0.302304380306779,0.0675649386032631,-0.355988135781098
"2682","6495","1","0","1","1",0,-0.517830468403387,0.105931111249997,0.670210257566974,-0.0849509912336239,1.22459298388913,-0.447158134025757,1.2630712216027,-0.302304380306779,0.0675649386032631,-0.355988135781098
"2683","6495","1","0","1","1",0,-0.517830468403387,0.105931111249997,0.670210257566974,-0.0849509912336239,-1.22459298388913,0.447158134025757,1.33524671998,-0.302304380306779,0.0675649386032631,-0.355988135781098
"2684","6495","1","0","1","1",0,-0.517830468403387,0.105931111249997,0.670210257566974,-0.0849509912336239,0,0.447158134025757,1.40742221835729,-0.302304380306779,0.0675649386032631,-0.355988135781098
"2685","6495","1","0","1","1",0,-0.517830468403387,0.105931111249997,0.670210257566974,-0.0849509912336239,1.22459298388913,0.447158134025757,1.47959771673459,-0.302304380306779,0.0675649386032631,-0.355988135781098
"2686","6495","1","0","1","1",0,-0.517830468403387,0.105931111249997,0.670210257566974,-0.0849509912336239,-1.22459298388913,1.34147440207727,1.55177321511189,-0.302304380306779,0.0675649386032631,-0.355988135781098
"2687","6495","0","0","1","1",0,-0.517830468403387,0.105931111249997,0.670210257566974,-0.0849509912336239,0,1.34147440207727,1.62394871348918,-0.302304380306779,0.0675649386032631,-0.355988135781098
"2689","6604","1","0","0","1",0,-0.517830468403387,-0.948904038802791,-1.01890877283321,-0.737508737051909,-1.22459298388913,-1.34147440207727,-1.69612421186648,-0.302304380306779,0.0675649386032631,-0.355988135781098
"2690","6604","1","0","0","1",0,-0.517830468403387,-0.948904038802791,-1.01890877283321,-0.737508737051909,0,-1.34147440207727,-1.62394871348918,-0.302304380306779,0.0675649386032631,-0.355988135781098
"2691","6604","1","0","0","1",0,-0.517830468403387,-0.948904038802791,-1.01890877283321,-0.737508737051909,1.22459298388913,-1.34147440207727,-1.55177321511189,-0.302304380306779,0.0675649386032631,-0.355988135781098
"2692","6604","1","0","0","1",0,-0.517830468403387,-0.948904038802791,-1.01890877283321,-0.737508737051909,-1.22459298388913,-0.447158134025757,-1.47959771673459,-0.302304380306779,0.0675649386032631,-0.355988135781098
"2693","6604","1","0","0","1",0,-0.517830468403387,-0.948904038802791,-1.01890877283321,-0.737508737051909,0,-0.447158134025757,-1.40742221835729,-0.302304380306779,0.0675649386032631,-0.355988135781098
"2694","6604","1","0","0","1",0,-0.517830468403387,-0.948904038802791,-1.01890877283321,-0.737508737051909,1.22459298388913,-0.447158134025757,-1.33524671998,-0.302304380306779,0.0675649386032631,-0.355988135781098
"2695","6604","1","0","0","1",0,-0.517830468403387,-0.948904038802791,-1.01890877283321,-0.737508737051909,-1.22459298388913,0.447158134025757,-1.2630712216027,-0.302304380306779,0.0675649386032631,-0.355988135781098
"2696","6604","1","0","0","1",0,-0.517830468403387,-0.948904038802791,-1.01890877283321,-0.737508737051909,0,0.447158134025757,-1.1908957232254,-0.302304380306779,0.0675649386032631,-0.355988135781098
"2697","6604","1","0","0","1",0,-0.517830468403387,-0.948904038802791,-1.01890877283321,-0.737508737051909,1.22459298388913,0.447158134025757,-1.1187202248481,-0.302304380306779,0.0675649386032631,-0.355988135781098
"2698","6604","1","0","0","1",0,-0.517830468403387,-0.948904038802791,-1.01890877283321,-0.737508737051909,-1.22459298388913,1.34147440207727,-1.04654472647081,-0.302304380306779,0.0675649386032631,-0.355988135781098
"2699","6604","1","0","0","1",0,-0.517830468403387,-0.948904038802791,-1.01890877283321,-0.737508737051909,0,1.34147440207727,-0.97436922809351,-0.302304380306779,0.0675649386032631,-0.355988135781098
"2700","6604","1","0","0","1",0,-0.517830468403387,-0.948904038802791,-1.01890877283321,-0.737508737051909,1.22459298388913,1.34147440207727,-0.902193729716213,-0.302304380306779,0.0675649386032631,-0.355988135781098
"2701","6604","1","0","0","1",0,-0.517830468403387,-0.948904038802791,-1.01890877283321,-0.737508737051909,-1.22459298388913,-1.34147440207727,-0.830018231338916,-0.302304380306779,0.0675649386032631,-0.355988135781098
"2702","6604","1","0","0","1",0,-0.517830468403387,-0.948904038802791,-1.01890877283321,-0.737508737051909,0,-1.34147440207727,-0.757842732961619,-0.302304380306779,0.0675649386032631,-0.355988135781098
"2703","6604","1","0","0","1",0,-0.517830468403387,-0.948904038802791,-1.01890877283321,-0.737508737051909,1.22459298388913,-1.34147440207727,-0.685667234584322,-0.302304380306779,0.0675649386032631,-0.355988135781098
"2704","6604","1","0","0","1",0,-0.517830468403387,-0.948904038802791,-1.01890877283321,-0.737508737051909,-1.22459298388913,-0.447158134025757,-0.613491736207025,-0.302304380306779,0.0675649386032631,-0.355988135781098
"2705","6604","1","0","0","1",0,-0.517830468403387,-0.948904038802791,-1.01890877283321,-0.737508737051909,0,-0.447158134025757,-0.541316237829728,-0.302304380306779,0.0675649386032631,-0.355988135781098
"2706","6604","1","0","0","1",0,-0.517830468403387,-0.948904038802791,-1.01890877283321,-0.737508737051909,1.22459298388913,-0.447158134025757,-0.469140739452431,-0.302304380306779,0.0675649386032631,-0.355988135781098
"2707","6604","1","0","0","1",0,-0.517830468403387,-0.948904038802791,-1.01890877283321,-0.737508737051909,-1.22459298388913,0.447158134025757,-0.396965241075134,-0.302304380306779,0.0675649386032631,-0.355988135781098
"2708","6604","1","0","0","1",0,-0.517830468403387,-0.948904038802791,-1.01890877283321,-0.737508737051909,0,0.447158134025757,-0.324789742697837,-0.302304380306779,0.0675649386032631,-0.355988135781098
"2709","6604","1","0","0","1",0,-0.517830468403387,-0.948904038802791,-1.01890877283321,-0.737508737051909,1.22459298388913,0.447158134025757,-0.25261424432054,-0.302304380306779,0.0675649386032631,-0.355988135781098
"2710","6604","1","0","0","1",0,-0.517830468403387,-0.948904038802791,-1.01890877283321,-0.737508737051909,-1.22459298388913,1.34147440207727,-0.180438745943243,-0.302304380306779,0.0675649386032631,-0.355988135781098
"2711","6604","1","0","0","1",0,-0.517830468403387,-0.948904038802791,-1.01890877283321,-0.737508737051909,0,1.34147440207727,-0.108263247565946,-0.302304380306779,0.0675649386032631,-0.355988135781098
"2712","6604","1","0","0","1",0,-0.517830468403387,-0.948904038802791,-1.01890877283321,-0.737508737051909,1.22459298388913,1.34147440207727,-0.0360877491886485,-0.302304380306779,0.0675649386032631,-0.355988135781098
"2713","6604","1","0","1","1",0,-0.517830468403387,-0.948904038802791,-1.01890877283321,-0.737508737051909,-1.22459298388913,-1.34147440207727,0.0360877491886485,-0.302304380306779,0.0675649386032631,-0.355988135781098
"2714","6604","1","0","1","1",0,-0.517830468403387,-0.948904038802791,-1.01890877283321,-0.737508737051909,0,-1.34147440207727,0.108263247565946,-0.302304380306779,0.0675649386032631,-0.355988135781098
"2715","6604","1","0","1","1",0,-0.517830468403387,-0.948904038802791,-1.01890877283321,-0.737508737051909,1.22459298388913,-1.34147440207727,0.180438745943243,-0.302304380306779,0.0675649386032631,-0.355988135781098
"2716","6604","1","0","1","1",0,-0.517830468403387,-0.948904038802791,-1.01890877283321,-0.737508737051909,-1.22459298388913,-0.447158134025757,0.25261424432054,-0.302304380306779,0.0675649386032631,-0.355988135781098
"2717","6604","1","0","1","1",0,-0.517830468403387,-0.948904038802791,-1.01890877283321,-0.737508737051909,0,-0.447158134025757,0.324789742697837,-0.302304380306779,0.0675649386032631,-0.355988135781098
"2718","6604","1","0","1","1",0,-0.517830468403387,-0.948904038802791,-1.01890877283321,-0.737508737051909,1.22459298388913,-0.447158134025757,0.396965241075134,-0.302304380306779,0.0675649386032631,-0.355988135781098
"2719","6604","1","0","1","1",0,-0.517830468403387,-0.948904038802791,-1.01890877283321,-0.737508737051909,-1.22459298388913,0.447158134025757,0.469140739452431,-0.302304380306779,0.0675649386032631,-0.355988135781098
"2720","6604","1","0","1","1",0,-0.517830468403387,-0.948904038802791,-1.01890877283321,-0.737508737051909,0,0.447158134025757,0.541316237829728,-0.302304380306779,0.0675649386032631,-0.355988135781098
"2721","6604","1","0","1","1",0,-0.517830468403387,-0.948904038802791,-1.01890877283321,-0.737508737051909,1.22459298388913,0.447158134025757,0.613491736207025,-0.302304380306779,0.0675649386032631,-0.355988135781098
"2722","6604","1","0","1","1",0,-0.517830468403387,-0.948904038802791,-1.01890877283321,-0.737508737051909,-1.22459298388913,1.34147440207727,0.685667234584322,-0.302304380306779,0.0675649386032631,-0.355988135781098
"2723","6604","1","0","1","1",0,-0.517830468403387,-0.948904038802791,-1.01890877283321,-0.737508737051909,0,1.34147440207727,0.757842732961619,-0.302304380306779,0.0675649386032631,-0.355988135781098
"2724","6604","1","0","1","1",0,-0.517830468403387,-0.948904038802791,-1.01890877283321,-0.737508737051909,1.22459298388913,1.34147440207727,0.830018231338916,-0.302304380306779,0.0675649386032631,-0.355988135781098
"2725","6604","1","0","1","1",0,-0.517830468403387,-0.948904038802791,-1.01890877283321,-0.737508737051909,-1.22459298388913,-1.34147440207727,0.902193729716213,-0.302304380306779,0.0675649386032631,-0.355988135781098
"2726","6604","1","0","1","1",0,-0.517830468403387,-0.948904038802791,-1.01890877283321,-0.737508737051909,0,-1.34147440207727,0.97436922809351,-0.302304380306779,0.0675649386032631,-0.355988135781098
"2727","6604","1","0","1","1",0,-0.517830468403387,-0.948904038802791,-1.01890877283321,-0.737508737051909,1.22459298388913,-1.34147440207727,1.04654472647081,-0.302304380306779,0.0675649386032631,-0.355988135781098
"2728","6604","1","0","1","1",0,-0.517830468403387,-0.948904038802791,-1.01890877283321,-0.737508737051909,-1.22459298388913,-0.447158134025757,1.1187202248481,-0.302304380306779,0.0675649386032631,-0.355988135781098
"2729","6604","1","0","1","1",0,-0.517830468403387,-0.948904038802791,-1.01890877283321,-0.737508737051909,0,-0.447158134025757,1.1908957232254,-0.302304380306779,0.0675649386032631,-0.355988135781098
"2730","6604","1","0","1","1",0,-0.517830468403387,-0.948904038802791,-1.01890877283321,-0.737508737051909,1.22459298388913,-0.447158134025757,1.2630712216027,-0.302304380306779,0.0675649386032631,-0.355988135781098
"2731","6604","1","0","1","1",0,-0.517830468403387,-0.948904038802791,-1.01890877283321,-0.737508737051909,-1.22459298388913,0.447158134025757,1.33524671998,-0.302304380306779,0.0675649386032631,-0.355988135781098
"2732","6604","1","0","1","1",0,-0.517830468403387,-0.948904038802791,-1.01890877283321,-0.737508737051909,0,0.447158134025757,1.40742221835729,-0.302304380306779,0.0675649386032631,-0.355988135781098
"2733","6604","1","0","1","1",0,-0.517830468403387,-0.948904038802791,-1.01890877283321,-0.737508737051909,1.22459298388913,0.447158134025757,1.47959771673459,-0.302304380306779,0.0675649386032631,-0.355988135781098
"2734","6604","1","0","1","1",0,-0.517830468403387,-0.948904038802791,-1.01890877283321,-0.737508737051909,-1.22459298388913,1.34147440207727,1.55177321511189,-0.302304380306779,0.0675649386032631,-0.355988135781098
"2735","6604","1","0","1","1",0,-0.517830468403387,-0.948904038802791,-1.01890877283321,-0.737508737051909,0,1.34147440207727,1.62394871348918,-0.302304380306779,0.0675649386032631,-0.355988135781098
"2736","6604","1","0","1","1",0,-0.517830468403387,-0.948904038802791,-1.01890877283321,-0.737508737051909,1.22459298388913,1.34147440207727,1.69612421186648,-0.302304380306779,0.0675649386032631,-0.355988135781098
"2737","6644","0","0","0","2",0,0.112025801711385,-0.948904038802791,-1.01890877283321,-0.737508737051909,-1.22459298388913,-1.34147440207727,-1.69612421186648,0.31780716904046,0.0675649386032631,0.507013405506412
"2738","6644","1","0","0","2",0,0.112025801711385,-0.948904038802791,-1.01890877283321,-0.737508737051909,0,-1.34147440207727,-1.62394871348918,0.31780716904046,0.0675649386032631,0.507013405506412
"2739","6644","0","0","0","2",0,0.112025801711385,-0.948904038802791,-1.01890877283321,-0.737508737051909,1.22459298388913,-1.34147440207727,-1.55177321511189,0.31780716904046,0.0675649386032631,0.507013405506412
"2740","6644","1","0","0","2",0,0.112025801711385,-0.948904038802791,-1.01890877283321,-0.737508737051909,-1.22459298388913,-0.447158134025757,-1.47959771673459,0.31780716904046,0.0675649386032631,0.507013405506412
"2741","6644","0","0","0","2",0,0.112025801711385,-0.948904038802791,-1.01890877283321,-0.737508737051909,0,-0.447158134025757,-1.40742221835729,0.31780716904046,0.0675649386032631,0.507013405506412
"2742","6644","1","0","0","2",0,0.112025801711385,-0.948904038802791,-1.01890877283321,-0.737508737051909,1.22459298388913,-0.447158134025757,-1.33524671998,0.31780716904046,0.0675649386032631,0.507013405506412
"2743","6644","1","0","0","2",0,0.112025801711385,-0.948904038802791,-1.01890877283321,-0.737508737051909,-1.22459298388913,0.447158134025757,-1.2630712216027,0.31780716904046,0.0675649386032631,0.507013405506412
"2744","6644","1","0","0","2",0,0.112025801711385,-0.948904038802791,-1.01890877283321,-0.737508737051909,0,0.447158134025757,-1.1908957232254,0.31780716904046,0.0675649386032631,0.507013405506412
"2745","6644","0","0","0","2",0,0.112025801711385,-0.948904038802791,-1.01890877283321,-0.737508737051909,1.22459298388913,0.447158134025757,-1.1187202248481,0.31780716904046,0.0675649386032631,0.507013405506412
"2746","6644","0","0","0","2",0,0.112025801711385,-0.948904038802791,-1.01890877283321,-0.737508737051909,-1.22459298388913,1.34147440207727,-1.04654472647081,0.31780716904046,0.0675649386032631,0.507013405506412
"2747","6644","0","0","0","2",0,0.112025801711385,-0.948904038802791,-1.01890877283321,-0.737508737051909,0,1.34147440207727,-0.97436922809351,0.31780716904046,0.0675649386032631,0.507013405506412
"2748","6644","0","0","0","2",0,0.112025801711385,-0.948904038802791,-1.01890877283321,-0.737508737051909,1.22459298388913,1.34147440207727,-0.902193729716213,0.31780716904046,0.0675649386032631,0.507013405506412
"2749","6644","1","0","0","2",0,0.112025801711385,-0.948904038802791,-1.01890877283321,-0.737508737051909,-1.22459298388913,-1.34147440207727,-0.830018231338916,0.31780716904046,0.0675649386032631,0.507013405506412
"2750","6644","1","0","0","2",0,0.112025801711385,-0.948904038802791,-1.01890877283321,-0.737508737051909,0,-1.34147440207727,-0.757842732961619,0.31780716904046,0.0675649386032631,0.507013405506412
"2751","6644","1","0","0","2",0,0.112025801711385,-0.948904038802791,-1.01890877283321,-0.737508737051909,1.22459298388913,-1.34147440207727,-0.685667234584322,0.31780716904046,0.0675649386032631,0.507013405506412
"2752","6644","1","0","0","2",0,0.112025801711385,-0.948904038802791,-1.01890877283321,-0.737508737051909,-1.22459298388913,-0.447158134025757,-0.613491736207025,0.31780716904046,0.0675649386032631,0.507013405506412
"2753","6644","1","0","0","2",0,0.112025801711385,-0.948904038802791,-1.01890877283321,-0.737508737051909,0,-0.447158134025757,-0.541316237829728,0.31780716904046,0.0675649386032631,0.507013405506412
"2754","6644","1","0","0","2",0,0.112025801711385,-0.948904038802791,-1.01890877283321,-0.737508737051909,1.22459298388913,-0.447158134025757,-0.469140739452431,0.31780716904046,0.0675649386032631,0.507013405506412
"2755","6644","0","0","0","2",0,0.112025801711385,-0.948904038802791,-1.01890877283321,-0.737508737051909,-1.22459298388913,0.447158134025757,-0.396965241075134,0.31780716904046,0.0675649386032631,0.507013405506412
"2756","6644","1","0","0","2",0,0.112025801711385,-0.948904038802791,-1.01890877283321,-0.737508737051909,0,0.447158134025757,-0.324789742697837,0.31780716904046,0.0675649386032631,0.507013405506412
"2757","6644","1","0","0","2",0,0.112025801711385,-0.948904038802791,-1.01890877283321,-0.737508737051909,1.22459298388913,0.447158134025757,-0.25261424432054,0.31780716904046,0.0675649386032631,0.507013405506412
"2758","6644","0","0","0","2",0,0.112025801711385,-0.948904038802791,-1.01890877283321,-0.737508737051909,-1.22459298388913,1.34147440207727,-0.180438745943243,0.31780716904046,0.0675649386032631,0.507013405506412
"2759","6644","1","0","0","2",0,0.112025801711385,-0.948904038802791,-1.01890877283321,-0.737508737051909,0,1.34147440207727,-0.108263247565946,0.31780716904046,0.0675649386032631,0.507013405506412
"2760","6644","0","0","0","2",0,0.112025801711385,-0.948904038802791,-1.01890877283321,-0.737508737051909,1.22459298388913,1.34147440207727,-0.0360877491886485,0.31780716904046,0.0675649386032631,0.507013405506412
"2761","6644","1","0","1","2",0,0.112025801711385,-0.948904038802791,-1.01890877283321,-0.737508737051909,-1.22459298388913,-1.34147440207727,0.0360877491886485,0.31780716904046,0.0675649386032631,0.507013405506412
"2762","6644","0","0","1","2",0,0.112025801711385,-0.948904038802791,-1.01890877283321,-0.737508737051909,0,-1.34147440207727,0.108263247565946,0.31780716904046,0.0675649386032631,0.507013405506412
"2763","6644","0","0","1","2",0,0.112025801711385,-0.948904038802791,-1.01890877283321,-0.737508737051909,1.22459298388913,-1.34147440207727,0.180438745943243,0.31780716904046,0.0675649386032631,0.507013405506412
"2764","6644","1","0","1","2",0,0.112025801711385,-0.948904038802791,-1.01890877283321,-0.737508737051909,-1.22459298388913,-0.447158134025757,0.25261424432054,0.31780716904046,0.0675649386032631,0.507013405506412
"2765","6644","1","0","1","2",0,0.112025801711385,-0.948904038802791,-1.01890877283321,-0.737508737051909,0,-0.447158134025757,0.324789742697837,0.31780716904046,0.0675649386032631,0.507013405506412
"2766","6644","1","0","1","2",0,0.112025801711385,-0.948904038802791,-1.01890877283321,-0.737508737051909,1.22459298388913,-0.447158134025757,0.396965241075134,0.31780716904046,0.0675649386032631,0.507013405506412
"2767","6644","0","0","1","2",0,0.112025801711385,-0.948904038802791,-1.01890877283321,-0.737508737051909,-1.22459298388913,0.447158134025757,0.469140739452431,0.31780716904046,0.0675649386032631,0.507013405506412
"2768","6644","1","0","1","2",0,0.112025801711385,-0.948904038802791,-1.01890877283321,-0.737508737051909,0,0.447158134025757,0.541316237829728,0.31780716904046,0.0675649386032631,0.507013405506412
"2769","6644","1","0","1","2",0,0.112025801711385,-0.948904038802791,-1.01890877283321,-0.737508737051909,1.22459298388913,0.447158134025757,0.613491736207025,0.31780716904046,0.0675649386032631,0.507013405506412
"2770","6644","0","0","1","2",0,0.112025801711385,-0.948904038802791,-1.01890877283321,-0.737508737051909,-1.22459298388913,1.34147440207727,0.685667234584322,0.31780716904046,0.0675649386032631,0.507013405506412
"2771","6644","1","0","1","2",0,0.112025801711385,-0.948904038802791,-1.01890877283321,-0.737508737051909,0,1.34147440207727,0.757842732961619,0.31780716904046,0.0675649386032631,0.507013405506412
"2772","6644","0","0","1","2",0,0.112025801711385,-0.948904038802791,-1.01890877283321,-0.737508737051909,1.22459298388913,1.34147440207727,0.830018231338916,0.31780716904046,0.0675649386032631,0.507013405506412
"2773","6644","0","0","1","2",0,0.112025801711385,-0.948904038802791,-1.01890877283321,-0.737508737051909,-1.22459298388913,-1.34147440207727,0.902193729716213,0.31780716904046,0.0675649386032631,0.507013405506412
"2774","6644","0","0","1","2",0,0.112025801711385,-0.948904038802791,-1.01890877283321,-0.737508737051909,0,-1.34147440207727,0.97436922809351,0.31780716904046,0.0675649386032631,0.507013405506412
"2775","6644","1","0","1","2",0,0.112025801711385,-0.948904038802791,-1.01890877283321,-0.737508737051909,1.22459298388913,-1.34147440207727,1.04654472647081,0.31780716904046,0.0675649386032631,0.507013405506412
"2776","6644","1","0","1","2",0,0.112025801711385,-0.948904038802791,-1.01890877283321,-0.737508737051909,-1.22459298388913,-0.447158134025757,1.1187202248481,0.31780716904046,0.0675649386032631,0.507013405506412
"2777","6644","0","0","1","2",0,0.112025801711385,-0.948904038802791,-1.01890877283321,-0.737508737051909,0,-0.447158134025757,1.1908957232254,0.31780716904046,0.0675649386032631,0.507013405506412
"2778","6644","1","0","1","2",0,0.112025801711385,-0.948904038802791,-1.01890877283321,-0.737508737051909,1.22459298388913,-0.447158134025757,1.2630712216027,0.31780716904046,0.0675649386032631,0.507013405506412
"2779","6644","0","0","1","2",0,0.112025801711385,-0.948904038802791,-1.01890877283321,-0.737508737051909,-1.22459298388913,0.447158134025757,1.33524671998,0.31780716904046,0.0675649386032631,0.507013405506412
"2780","6644","1","0","1","2",0,0.112025801711385,-0.948904038802791,-1.01890877283321,-0.737508737051909,0,0.447158134025757,1.40742221835729,0.31780716904046,0.0675649386032631,0.507013405506412
"2781","6644","0","0","1","2",0,0.112025801711385,-0.948904038802791,-1.01890877283321,-0.737508737051909,1.22459298388913,0.447158134025757,1.47959771673459,0.31780716904046,0.0675649386032631,0.507013405506412
"2782","6644","1","0","1","2",1,0.112025801711385,-0.948904038802791,-1.01890877283321,-0.737508737051909,-1.22459298388913,1.34147440207727,1.55177321511189,0.31780716904046,0.0675649386032631,0.507013405506412
"2783","6644","0","0","1","2",0,0.112025801711385,-0.948904038802791,-1.01890877283321,-0.737508737051909,0,1.34147440207727,1.62394871348918,0.31780716904046,0.0675649386032631,0.507013405506412
"2784","6644","1","0","1","2",0,0.112025801711385,-0.948904038802791,-1.01890877283321,-0.737508737051909,1.22459298388913,1.34147440207727,1.69612421186648,0.31780716904046,0.0675649386032631,0.507013405506412
"2786","6707","1","1","0","1",0,-0.145158683094907,1.16076626130279,0.106720149025474,0.566041867904042,0,-1.34147440207727,-1.62394871348918,-0.922415929654017,-1.283733833462,-1.21898967706861
"2787","6707","1","1","0","1",0,-0.145158683094907,1.16076626130279,0.106720149025474,0.566041867904042,1.22459298388913,-1.34147440207727,-1.55177321511189,-0.922415929654017,-1.283733833462,-1.21898967706861
"2788","6707","1","1","0","1",0,-0.145158683094907,1.16076626130279,0.106720149025474,0.566041867904042,-1.22459298388913,-0.447158134025757,-1.47959771673459,-0.922415929654017,-1.283733833462,-1.21898967706861
"2789","6707","1","1","0","1",0,-0.145158683094907,1.16076626130279,0.106720149025474,0.566041867904042,0,-0.447158134025757,-1.40742221835729,-0.922415929654017,-1.283733833462,-1.21898967706861
"2790","6707","1","1","0","1",0,-0.145158683094907,1.16076626130279,0.106720149025474,0.566041867904042,1.22459298388913,-0.447158134025757,-1.33524671998,-0.922415929654017,-1.283733833462,-1.21898967706861
"2791","6707","1","1","0","1",0,-0.145158683094907,1.16076626130279,0.106720149025474,0.566041867904042,-1.22459298388913,0.447158134025757,-1.2630712216027,-0.922415929654017,-1.283733833462,-1.21898967706861
"2792","6707","1","1","0","1",0,-0.145158683094907,1.16076626130279,0.106720149025474,0.566041867904042,0,0.447158134025757,-1.1908957232254,-0.922415929654017,-1.283733833462,-1.21898967706861
"2793","6707","1","1","0","1",0,-0.145158683094907,1.16076626130279,0.106720149025474,0.566041867904042,1.22459298388913,0.447158134025757,-1.1187202248481,-0.922415929654017,-1.283733833462,-1.21898967706861
"2794","6707","1","1","0","1",0,-0.145158683094907,1.16076626130279,0.106720149025474,0.566041867904042,-1.22459298388913,1.34147440207727,-1.04654472647081,-0.922415929654017,-1.283733833462,-1.21898967706861
"2795","6707","1","1","0","1",1,-0.145158683094907,1.16076626130279,0.106720149025474,0.566041867904042,0,1.34147440207727,-0.97436922809351,-0.922415929654017,-1.283733833462,-1.21898967706861
"2796","6707","1","1","0","1",0,-0.145158683094907,1.16076626130279,0.106720149025474,0.566041867904042,1.22459298388913,1.34147440207727,-0.902193729716213,-0.922415929654017,-1.283733833462,-1.21898967706861
"2797","6707","1","1","0","1",0,-0.145158683094907,1.16076626130279,0.106720149025474,0.566041867904042,-1.22459298388913,-1.34147440207727,-0.830018231338916,-0.922415929654017,-1.283733833462,-1.21898967706861
"2798","6707","1","1","0","1",0,-0.145158683094907,1.16076626130279,0.106720149025474,0.566041867904042,0,-1.34147440207727,-0.757842732961619,-0.922415929654017,-1.283733833462,-1.21898967706861
"2800","6707","1","1","0","1",0,-0.145158683094907,1.16076626130279,0.106720149025474,0.566041867904042,-1.22459298388913,-0.447158134025757,-0.613491736207025,-0.922415929654017,-1.283733833462,-1.21898967706861
"2801","6707","1","1","0","1",0,-0.145158683094907,1.16076626130279,0.106720149025474,0.566041867904042,0,-0.447158134025757,-0.541316237829728,-0.922415929654017,-1.283733833462,-1.21898967706861
"2802","6707","1","1","0","1",0,-0.145158683094907,1.16076626130279,0.106720149025474,0.566041867904042,1.22459298388913,-0.447158134025757,-0.469140739452431,-0.922415929654017,-1.283733833462,-1.21898967706861
"2803","6707","1","1","0","1",0,-0.145158683094907,1.16076626130279,0.106720149025474,0.566041867904042,-1.22459298388913,0.447158134025757,-0.396965241075134,-0.922415929654017,-1.283733833462,-1.21898967706861
"2804","6707","1","1","0","1",0,-0.145158683094907,1.16076626130279,0.106720149025474,0.566041867904042,0,0.447158134025757,-0.324789742697837,-0.922415929654017,-1.283733833462,-1.21898967706861
"2805","6707","1","1","0","1",1,-0.145158683094907,1.16076626130279,0.106720149025474,0.566041867904042,1.22459298388913,0.447158134025757,-0.25261424432054,-0.922415929654017,-1.283733833462,-1.21898967706861
"2806","6707","1","1","0","1",1,-0.145158683094907,1.16076626130279,0.106720149025474,0.566041867904042,-1.22459298388913,1.34147440207727,-0.180438745943243,-0.922415929654017,-1.283733833462,-1.21898967706861
"2807","6707","1","1","0","1",0,-0.145158683094907,1.16076626130279,0.106720149025474,0.566041867904042,0,1.34147440207727,-0.108263247565946,-0.922415929654017,-1.283733833462,-1.21898967706861
"2808","6707","1","1","0","1",1,-0.145158683094907,1.16076626130279,0.106720149025474,0.566041867904042,1.22459298388913,1.34147440207727,-0.0360877491886485,-0.922415929654017,-1.283733833462,-1.21898967706861
"2809","6707","1","1","1","1",0,-0.145158683094907,1.16076626130279,0.106720149025474,0.566041867904042,-1.22459298388913,-1.34147440207727,0.0360877491886485,-0.922415929654017,-1.283733833462,-1.21898967706861
"2810","6707","1","1","1","1",0,-0.145158683094907,1.16076626130279,0.106720149025474,0.566041867904042,0,-1.34147440207727,0.108263247565946,-0.922415929654017,-1.283733833462,-1.21898967706861
"2811","6707","1","1","1","1",1,-0.145158683094907,1.16076626130279,0.106720149025474,0.566041867904042,1.22459298388913,-1.34147440207727,0.180438745943243,-0.922415929654017,-1.283733833462,-1.21898967706861
"2812","6707","1","1","1","1",0,-0.145158683094907,1.16076626130279,0.106720149025474,0.566041867904042,-1.22459298388913,-0.447158134025757,0.25261424432054,-0.922415929654017,-1.283733833462,-1.21898967706861
"2813","6707","1","1","1","1",0,-0.145158683094907,1.16076626130279,0.106720149025474,0.566041867904042,0,-0.447158134025757,0.324789742697837,-0.922415929654017,-1.283733833462,-1.21898967706861
"2814","6707","1","1","1","1",0,-0.145158683094907,1.16076626130279,0.106720149025474,0.566041867904042,1.22459298388913,-0.447158134025757,0.396965241075134,-0.922415929654017,-1.283733833462,-1.21898967706861
"2815","6707","1","1","1","1",0,-0.145158683094907,1.16076626130279,0.106720149025474,0.566041867904042,-1.22459298388913,0.447158134025757,0.469140739452431,-0.922415929654017,-1.283733833462,-1.21898967706861
"2816","6707","1","1","1","1",0,-0.145158683094907,1.16076626130279,0.106720149025474,0.566041867904042,0,0.447158134025757,0.541316237829728,-0.922415929654017,-1.283733833462,-1.21898967706861
"2818","6707","1","1","1","1",0,-0.145158683094907,1.16076626130279,0.106720149025474,0.566041867904042,-1.22459298388913,1.34147440207727,0.685667234584322,-0.922415929654017,-1.283733833462,-1.21898967706861
"2819","6707","1","1","1","1",0,-0.145158683094907,1.16076626130279,0.106720149025474,0.566041867904042,0,1.34147440207727,0.757842732961619,-0.922415929654017,-1.283733833462,-1.21898967706861
"2820","6707","1","1","1","1",0,-0.145158683094907,1.16076626130279,0.106720149025474,0.566041867904042,1.22459298388913,1.34147440207727,0.830018231338916,-0.922415929654017,-1.283733833462,-1.21898967706861
"2821","6707","1","1","1","1",0,-0.145158683094907,1.16076626130279,0.106720149025474,0.566041867904042,-1.22459298388913,-1.34147440207727,0.902193729716213,-0.922415929654017,-1.283733833462,-1.21898967706861
"2822","6707","1","1","1","1",0,-0.145158683094907,1.16076626130279,0.106720149025474,0.566041867904042,0,-1.34147440207727,0.97436922809351,-0.922415929654017,-1.283733833462,-1.21898967706861
"2823","6707","1","1","1","1",0,-0.145158683094907,1.16076626130279,0.106720149025474,0.566041867904042,1.22459298388913,-1.34147440207727,1.04654472647081,-0.922415929654017,-1.283733833462,-1.21898967706861
"2825","6707","1","1","1","1",0,-0.145158683094907,1.16076626130279,0.106720149025474,0.566041867904042,0,-0.447158134025757,1.1908957232254,-0.922415929654017,-1.283733833462,-1.21898967706861
"2826","6707","1","1","1","1",0,-0.145158683094907,1.16076626130279,0.106720149025474,0.566041867904042,1.22459298388913,-0.447158134025757,1.2630712216027,-0.922415929654017,-1.283733833462,-1.21898967706861
"2827","6707","1","1","1","1",0,-0.145158683094907,1.16076626130279,0.106720149025474,0.566041867904042,-1.22459298388913,0.447158134025757,1.33524671998,-0.922415929654017,-1.283733833462,-1.21898967706861
"2828","6707","1","1","1","1",0,-0.145158683094907,1.16076626130279,0.106720149025474,0.566041867904042,0,0.447158134025757,1.40742221835729,-0.922415929654017,-1.283733833462,-1.21898967706861
"2829","6707","1","1","1","1",0,-0.145158683094907,1.16076626130279,0.106720149025474,0.566041867904042,1.22459298388913,0.447158134025757,1.47959771673459,-0.922415929654017,-1.283733833462,-1.21898967706861
"2830","6707","1","1","1","1",0,-0.145158683094907,1.16076626130279,0.106720149025474,0.566041867904042,-1.22459298388913,1.34147440207727,1.55177321511189,-0.922415929654017,-1.283733833462,-1.21898967706861
"2831","6707","1","1","1","1",0,-0.145158683094907,1.16076626130279,0.106720149025474,0.566041867904042,0,1.34147440207727,1.62394871348918,-0.922415929654017,-1.283733833462,-1.21898967706861
"2832","6707","1","1","1","1",0,-0.145158683094907,1.16076626130279,0.106720149025474,0.566041867904042,1.22459298388913,1.34147440207727,1.69612421186648,-0.922415929654017,-1.283733833462,-1.21898967706861
"2833","7047","1","1","0","2",0,0.301228400406459,-0.948904038802791,1.23370036610847,2.52215021867828,-1.22459298388913,-1.34147440207727,-1.69612421186648,0.31780716904046,0.0675649386032631,0.507013405506412
"2834","7047","1","1","0","2",0,0.301228400406459,-0.948904038802791,1.23370036610847,2.52215021867828,0,-1.34147440207727,-1.62394871348918,0.31780716904046,0.0675649386032631,0.507013405506412
"2835","7047","1","1","0","2",0,0.301228400406459,-0.948904038802791,1.23370036610847,2.52215021867828,1.22459298388913,-1.34147440207727,-1.55177321511189,0.31780716904046,0.0675649386032631,0.507013405506412
"2837","7047","1","1","0","2",0,0.301228400406459,-0.948904038802791,1.23370036610847,2.52215021867828,0,-0.447158134025757,-1.40742221835729,0.31780716904046,0.0675649386032631,0.507013405506412
"2838","7047","1","1","0","2",0,0.301228400406459,-0.948904038802791,1.23370036610847,2.52215021867828,1.22459298388913,-0.447158134025757,-1.33524671998,0.31780716904046,0.0675649386032631,0.507013405506412
"2840","7047","1","1","0","2",0,0.301228400406459,-0.948904038802791,1.23370036610847,2.52215021867828,0,0.447158134025757,-1.1908957232254,0.31780716904046,0.0675649386032631,0.507013405506412
"2841","7047","1","1","0","2",0,0.301228400406459,-0.948904038802791,1.23370036610847,2.52215021867828,1.22459298388913,0.447158134025757,-1.1187202248481,0.31780716904046,0.0675649386032631,0.507013405506412
"2842","7047","1","1","0","2",0,0.301228400406459,-0.948904038802791,1.23370036610847,2.52215021867828,-1.22459298388913,1.34147440207727,-1.04654472647081,0.31780716904046,0.0675649386032631,0.507013405506412
"2843","7047","1","1","0","2",0,0.301228400406459,-0.948904038802791,1.23370036610847,2.52215021867828,0,1.34147440207727,-0.97436922809351,0.31780716904046,0.0675649386032631,0.507013405506412
"2844","7047","1","1","0","2",0,0.301228400406459,-0.948904038802791,1.23370036610847,2.52215021867828,1.22459298388913,1.34147440207727,-0.902193729716213,0.31780716904046,0.0675649386032631,0.507013405506412
"2845","7047","1","1","0","2",0,0.301228400406459,-0.948904038802791,1.23370036610847,2.52215021867828,-1.22459298388913,-1.34147440207727,-0.830018231338916,0.31780716904046,0.0675649386032631,0.507013405506412
"2847","7047","1","1","0","2",0,0.301228400406459,-0.948904038802791,1.23370036610847,2.52215021867828,1.22459298388913,-1.34147440207727,-0.685667234584322,0.31780716904046,0.0675649386032631,0.507013405506412
"2848","7047","1","1","0","2",0,0.301228400406459,-0.948904038802791,1.23370036610847,2.52215021867828,-1.22459298388913,-0.447158134025757,-0.613491736207025,0.31780716904046,0.0675649386032631,0.507013405506412
"2849","7047","1","1","0","2",0,0.301228400406459,-0.948904038802791,1.23370036610847,2.52215021867828,0,-0.447158134025757,-0.541316237829728,0.31780716904046,0.0675649386032631,0.507013405506412
"2850","7047","1","1","0","2",0,0.301228400406459,-0.948904038802791,1.23370036610847,2.52215021867828,1.22459298388913,-0.447158134025757,-0.469140739452431,0.31780716904046,0.0675649386032631,0.507013405506412
"2853","7047","1","1","0","2",0,0.301228400406459,-0.948904038802791,1.23370036610847,2.52215021867828,1.22459298388913,0.447158134025757,-0.25261424432054,0.31780716904046,0.0675649386032631,0.507013405506412
"2854","7047","1","1","0","2",0,0.301228400406459,-0.948904038802791,1.23370036610847,2.52215021867828,-1.22459298388913,1.34147440207727,-0.180438745943243,0.31780716904046,0.0675649386032631,0.507013405506412
"2855","7047","1","1","0","2",0,0.301228400406459,-0.948904038802791,1.23370036610847,2.52215021867828,0,1.34147440207727,-0.108263247565946,0.31780716904046,0.0675649386032631,0.507013405506412
"2856","7047","1","1","0","2",0,0.301228400406459,-0.948904038802791,1.23370036610847,2.52215021867828,1.22459298388913,1.34147440207727,-0.0360877491886485,0.31780716904046,0.0675649386032631,0.507013405506412
"2857","7047","1","1","1","2",0,0.301228400406459,-0.948904038802791,1.23370036610847,2.52215021867828,-1.22459298388913,-1.34147440207727,0.0360877491886485,0.31780716904046,0.0675649386032631,0.507013405506412
"2858","7047","1","1","1","2",1,0.301228400406459,-0.948904038802791,1.23370036610847,2.52215021867828,0,-1.34147440207727,0.108263247565946,0.31780716904046,0.0675649386032631,0.507013405506412
"2859","7047","1","1","1","2",0,0.301228400406459,-0.948904038802791,1.23370036610847,2.52215021867828,1.22459298388913,-1.34147440207727,0.180438745943243,0.31780716904046,0.0675649386032631,0.507013405506412
"2860","7047","1","1","1","2",0,0.301228400406459,-0.948904038802791,1.23370036610847,2.52215021867828,-1.22459298388913,-0.447158134025757,0.25261424432054,0.31780716904046,0.0675649386032631,0.507013405506412
"2861","7047","1","1","1","2",0,0.301228400406459,-0.948904038802791,1.23370036610847,2.52215021867828,0,-0.447158134025757,0.324789742697837,0.31780716904046,0.0675649386032631,0.507013405506412
"2862","7047","1","1","1","2",0,0.301228400406459,-0.948904038802791,1.23370036610847,2.52215021867828,1.22459298388913,-0.447158134025757,0.396965241075134,0.31780716904046,0.0675649386032631,0.507013405506412
"2864","7047","1","1","1","2",1,0.301228400406459,-0.948904038802791,1.23370036610847,2.52215021867828,0,0.447158134025757,0.541316237829728,0.31780716904046,0.0675649386032631,0.507013405506412
"2865","7047","1","1","1","2",0,0.301228400406459,-0.948904038802791,1.23370036610847,2.52215021867828,1.22459298388913,0.447158134025757,0.613491736207025,0.31780716904046,0.0675649386032631,0.507013405506412
"2866","7047","1","1","1","2",0,0.301228400406459,-0.948904038802791,1.23370036610847,2.52215021867828,-1.22459298388913,1.34147440207727,0.685667234584322,0.31780716904046,0.0675649386032631,0.507013405506412
"2867","7047","1","1","1","2",0,0.301228400406459,-0.948904038802791,1.23370036610847,2.52215021867828,0,1.34147440207727,0.757842732961619,0.31780716904046,0.0675649386032631,0.507013405506412
"2868","7047","1","1","1","2",0,0.301228400406459,-0.948904038802791,1.23370036610847,2.52215021867828,1.22459298388913,1.34147440207727,0.830018231338916,0.31780716904046,0.0675649386032631,0.507013405506412
"2869","7047","1","1","1","2",0,0.301228400406459,-0.948904038802791,1.23370036610847,2.52215021867828,-1.22459298388913,-1.34147440207727,0.902193729716213,0.31780716904046,0.0675649386032631,0.507013405506412
"2871","7047","1","1","1","2",0,0.301228400406459,-0.948904038802791,1.23370036610847,2.52215021867828,1.22459298388913,-1.34147440207727,1.04654472647081,0.31780716904046,0.0675649386032631,0.507013405506412
"2872","7047","1","1","1","2",0,0.301228400406459,-0.948904038802791,1.23370036610847,2.52215021867828,-1.22459298388913,-0.447158134025757,1.1187202248481,0.31780716904046,0.0675649386032631,0.507013405506412
"2873","7047","1","1","1","2",0,0.301228400406459,-0.948904038802791,1.23370036610847,2.52215021867828,0,-0.447158134025757,1.1908957232254,0.31780716904046,0.0675649386032631,0.507013405506412
"2874","7047","1","1","1","2",0,0.301228400406459,-0.948904038802791,1.23370036610847,2.52215021867828,1.22459298388913,-0.447158134025757,1.2630712216027,0.31780716904046,0.0675649386032631,0.507013405506412
"2876","7047","1","1","1","2",0,0.301228400406459,-0.948904038802791,1.23370036610847,2.52215021867828,0,0.447158134025757,1.40742221835729,0.31780716904046,0.0675649386032631,0.507013405506412
"2877","7047","1","1","1","2",0,0.301228400406459,-0.948904038802791,1.23370036610847,2.52215021867828,1.22459298388913,0.447158134025757,1.47959771673459,0.31780716904046,0.0675649386032631,0.507013405506412
"2878","7047","1","1","1","2",0,0.301228400406459,-0.948904038802791,1.23370036610847,2.52215021867828,-1.22459298388913,1.34147440207727,1.55177321511189,0.31780716904046,0.0675649386032631,0.507013405506412
"2879","7047","1","1","1","2",0,0.301228400406459,-0.948904038802791,1.23370036610847,2.52215021867828,0,1.34147440207727,1.62394871348918,0.31780716904046,0.0675649386032631,0.507013405506412
"2882","7107","1","1","0","1",0,-0.517830468403387,0.709357159685036,1.23370036610847,1.21859961372233,0,-1.34147440207727,-1.62394871348918,-0.302304380306779,0.0675649386032631,-0.355988135781098
"2883","7107","1","1","0","1",0,-0.517830468403387,0.709357159685036,1.23370036610847,1.21859961372233,1.22459298388913,-1.34147440207727,-1.55177321511189,-0.302304380306779,0.0675649386032631,-0.355988135781098
"2885","7107","1","1","0","1",0,-0.517830468403387,0.709357159685036,1.23370036610847,1.21859961372233,0,-0.447158134025757,-1.40742221835729,-0.302304380306779,0.0675649386032631,-0.355988135781098
"2886","7107","1","1","0","1",0,-0.517830468403387,0.709357159685036,1.23370036610847,1.21859961372233,1.22459298388913,-0.447158134025757,-1.33524671998,-0.302304380306779,0.0675649386032631,-0.355988135781098
"2887","7107","1","1","0","1",0,-0.517830468403387,0.709357159685036,1.23370036610847,1.21859961372233,-1.22459298388913,0.447158134025757,-1.2630712216027,-0.302304380306779,0.0675649386032631,-0.355988135781098
"2888","7107","1","1","0","1",0,-0.517830468403387,0.709357159685036,1.23370036610847,1.21859961372233,0,0.447158134025757,-1.1908957232254,-0.302304380306779,0.0675649386032631,-0.355988135781098
"2889","7107","1","1","0","1",0,-0.517830468403387,0.709357159685036,1.23370036610847,1.21859961372233,1.22459298388913,0.447158134025757,-1.1187202248481,-0.302304380306779,0.0675649386032631,-0.355988135781098
"2890","7107","1","1","0","1",0,-0.517830468403387,0.709357159685036,1.23370036610847,1.21859961372233,-1.22459298388913,1.34147440207727,-1.04654472647081,-0.302304380306779,0.0675649386032631,-0.355988135781098
"2891","7107","1","1","0","1",0,-0.517830468403387,0.709357159685036,1.23370036610847,1.21859961372233,0,1.34147440207727,-0.97436922809351,-0.302304380306779,0.0675649386032631,-0.355988135781098
"2893","7107","1","1","0","1",1,-0.517830468403387,0.709357159685036,1.23370036610847,1.21859961372233,-1.22459298388913,-1.34147440207727,-0.830018231338916,-0.302304380306779,0.0675649386032631,-0.355988135781098
"2894","7107","1","1","0","1",0,-0.517830468403387,0.709357159685036,1.23370036610847,1.21859961372233,0,-1.34147440207727,-0.757842732961619,-0.302304380306779,0.0675649386032631,-0.355988135781098
"2895","7107","1","1","0","1",1,-0.517830468403387,0.709357159685036,1.23370036610847,1.21859961372233,1.22459298388913,-1.34147440207727,-0.685667234584322,-0.302304380306779,0.0675649386032631,-0.355988135781098
"2896","7107","1","1","0","1",0,-0.517830468403387,0.709357159685036,1.23370036610847,1.21859961372233,-1.22459298388913,-0.447158134025757,-0.613491736207025,-0.302304380306779,0.0675649386032631,-0.355988135781098
"2897","7107","1","1","0","1",0,-0.517830468403387,0.709357159685036,1.23370036610847,1.21859961372233,0,-0.447158134025757,-0.541316237829728,-0.302304380306779,0.0675649386032631,-0.355988135781098
"2898","7107","1","1","0","1",0,-0.517830468403387,0.709357159685036,1.23370036610847,1.21859961372233,1.22459298388913,-0.447158134025757,-0.469140739452431,-0.302304380306779,0.0675649386032631,-0.355988135781098
"2899","7107","1","1","0","1",0,-0.517830468403387,0.709357159685036,1.23370036610847,1.21859961372233,-1.22459298388913,0.447158134025757,-0.396965241075134,-0.302304380306779,0.0675649386032631,-0.355988135781098
"2900","7107","1","1","0","1",0,-0.517830468403387,0.709357159685036,1.23370036610847,1.21859961372233,0,0.447158134025757,-0.324789742697837,-0.302304380306779,0.0675649386032631,-0.355988135781098
"2901","7107","1","1","0","1",0,-0.517830468403387,0.709357159685036,1.23370036610847,1.21859961372233,1.22459298388913,0.447158134025757,-0.25261424432054,-0.302304380306779,0.0675649386032631,-0.355988135781098
"2902","7107","1","1","0","1",0,-0.517830468403387,0.709357159685036,1.23370036610847,1.21859961372233,-1.22459298388913,1.34147440207727,-0.180438745943243,-0.302304380306779,0.0675649386032631,-0.355988135781098
"2903","7107","1","1","0","1",0,-0.517830468403387,0.709357159685036,1.23370036610847,1.21859961372233,0,1.34147440207727,-0.108263247565946,-0.302304380306779,0.0675649386032631,-0.355988135781098
"2904","7107","1","1","0","1",1,-0.517830468403387,0.709357159685036,1.23370036610847,1.21859961372233,1.22459298388913,1.34147440207727,-0.0360877491886485,-0.302304380306779,0.0675649386032631,-0.355988135781098
"2906","7107","1","1","1","1",0,-0.517830468403387,0.709357159685036,1.23370036610847,1.21859961372233,0,-1.34147440207727,0.108263247565946,-0.302304380306779,0.0675649386032631,-0.355988135781098
"2908","7107","0","1","1","1",0,-0.517830468403387,0.709357159685036,1.23370036610847,1.21859961372233,-1.22459298388913,-0.447158134025757,0.25261424432054,-0.302304380306779,0.0675649386032631,-0.355988135781098
"2909","7107","1","1","1","1",0,-0.517830468403387,0.709357159685036,1.23370036610847,1.21859961372233,0,-0.447158134025757,0.324789742697837,-0.302304380306779,0.0675649386032631,-0.355988135781098
"2910","7107","0","1","1","1",0,-0.517830468403387,0.709357159685036,1.23370036610847,1.21859961372233,1.22459298388913,-0.447158134025757,0.396965241075134,-0.302304380306779,0.0675649386032631,-0.355988135781098
"2911","7107","1","1","1","1",0,-0.517830468403387,0.709357159685036,1.23370036610847,1.21859961372233,-1.22459298388913,0.447158134025757,0.469140739452431,-0.302304380306779,0.0675649386032631,-0.355988135781098
"2912","7107","1","1","1","1",0,-0.517830468403387,0.709357159685036,1.23370036610847,1.21859961372233,0,0.447158134025757,0.541316237829728,-0.302304380306779,0.0675649386032631,-0.355988135781098
"2913","7107","1","1","1","1",0,-0.517830468403387,0.709357159685036,1.23370036610847,1.21859961372233,1.22459298388913,0.447158134025757,0.613491736207025,-0.302304380306779,0.0675649386032631,-0.355988135781098
"2914","7107","1","1","1","1",0,-0.517830468403387,0.709357159685036,1.23370036610847,1.21859961372233,-1.22459298388913,1.34147440207727,0.685667234584322,-0.302304380306779,0.0675649386032631,-0.355988135781098
"2915","7107","1","1","1","1",0,-0.517830468403387,0.709357159685036,1.23370036610847,1.21859961372233,0,1.34147440207727,0.757842732961619,-0.302304380306779,0.0675649386032631,-0.355988135781098
"2917","7107","0","1","1","1",0,-0.517830468403387,0.709357159685036,1.23370036610847,1.21859961372233,-1.22459298388913,-1.34147440207727,0.902193729716213,-0.302304380306779,0.0675649386032631,-0.355988135781098
"2918","7107","1","1","1","1",0,-0.517830468403387,0.709357159685036,1.23370036610847,1.21859961372233,0,-1.34147440207727,0.97436922809351,-0.302304380306779,0.0675649386032631,-0.355988135781098
"2919","7107","0","1","1","1",0,-0.517830468403387,0.709357159685036,1.23370036610847,1.21859961372233,1.22459298388913,-1.34147440207727,1.04654472647081,-0.302304380306779,0.0675649386032631,-0.355988135781098
"2920","7107","0","1","1","1",0,-0.517830468403387,0.709357159685036,1.23370036610847,1.21859961372233,-1.22459298388913,-0.447158134025757,1.1187202248481,-0.302304380306779,0.0675649386032631,-0.355988135781098
"2921","7107","1","1","1","1",0,-0.517830468403387,0.709357159685036,1.23370036610847,1.21859961372233,0,-0.447158134025757,1.1908957232254,-0.302304380306779,0.0675649386032631,-0.355988135781098
"2922","7107","0","1","1","1",0,-0.517830468403387,0.709357159685036,1.23370036610847,1.21859961372233,1.22459298388913,-0.447158134025757,1.2630712216027,-0.302304380306779,0.0675649386032631,-0.355988135781098
"2923","7107","1","1","1","1",0,-0.517830468403387,0.709357159685036,1.23370036610847,1.21859961372233,-1.22459298388913,0.447158134025757,1.33524671998,-0.302304380306779,0.0675649386032631,-0.355988135781098
"2924","7107","1","1","1","1",0,-0.517830468403387,0.709357159685036,1.23370036610847,1.21859961372233,0,0.447158134025757,1.40742221835729,-0.302304380306779,0.0675649386032631,-0.355988135781098
"2925","7107","1","1","1","1",0,-0.517830468403387,0.709357159685036,1.23370036610847,1.21859961372233,1.22459298388913,0.447158134025757,1.47959771673459,-0.302304380306779,0.0675649386032631,-0.355988135781098
"2927","7107","0","1","1","1",0,-0.517830468403387,0.709357159685036,1.23370036610847,1.21859961372233,0,1.34147440207727,1.62394871348918,-0.302304380306779,0.0675649386032631,-0.355988135781098
"2928","7107","1","1","1","1",0,-0.517830468403387,0.709357159685036,1.23370036610847,1.21859961372233,1.22459298388913,1.34147440207727,1.69612421186648,-0.302304380306779,0.0675649386032631,-0.355988135781098
"2929","7389","1","1","0","1",0,-0.517830468403387,0.56430282111892,1.23370036610847,-0.737508737051909,-1.22459298388913,-1.34147440207727,-1.69612421186648,-1.54252747900125,-1.283733833462,-1.21898967706861
"2930","7389","1","1","0","1",0,-0.517830468403387,0.56430282111892,1.23370036610847,-0.737508737051909,0,-1.34147440207727,-1.62394871348918,-1.54252747900125,-1.283733833462,-1.21898967706861
"2931","7389","1","1","0","1",0,-0.517830468403387,0.56430282111892,1.23370036610847,-0.737508737051909,1.22459298388913,-1.34147440207727,-1.55177321511189,-1.54252747900125,-1.283733833462,-1.21898967706861
"2932","7389","1","1","0","1",0,-0.517830468403387,0.56430282111892,1.23370036610847,-0.737508737051909,-1.22459298388913,-0.447158134025757,-1.47959771673459,-1.54252747900125,-1.283733833462,-1.21898967706861
"2933","7389","1","1","0","1",0,-0.517830468403387,0.56430282111892,1.23370036610847,-0.737508737051909,0,-0.447158134025757,-1.40742221835729,-1.54252747900125,-1.283733833462,-1.21898967706861
"2934","7389","1","1","0","1",0,-0.517830468403387,0.56430282111892,1.23370036610847,-0.737508737051909,1.22459298388913,-0.447158134025757,-1.33524671998,-1.54252747900125,-1.283733833462,-1.21898967706861
"2935","7389","1","1","0","1",0,-0.517830468403387,0.56430282111892,1.23370036610847,-0.737508737051909,-1.22459298388913,0.447158134025757,-1.2630712216027,-1.54252747900125,-1.283733833462,-1.21898967706861
"2936","7389","1","1","0","1",0,-0.517830468403387,0.56430282111892,1.23370036610847,-0.737508737051909,0,0.447158134025757,-1.1908957232254,-1.54252747900125,-1.283733833462,-1.21898967706861
"2937","7389","1","1","0","1",0,-0.517830468403387,0.56430282111892,1.23370036610847,-0.737508737051909,1.22459298388913,0.447158134025757,-1.1187202248481,-1.54252747900125,-1.283733833462,-1.21898967706861
"2938","7389","1","1","0","1",0,-0.517830468403387,0.56430282111892,1.23370036610847,-0.737508737051909,-1.22459298388913,1.34147440207727,-1.04654472647081,-1.54252747900125,-1.283733833462,-1.21898967706861
"2939","7389","0","1","0","1",0,-0.517830468403387,0.56430282111892,1.23370036610847,-0.737508737051909,0,1.34147440207727,-0.97436922809351,-1.54252747900125,-1.283733833462,-1.21898967706861
"2940","7389","1","1","0","1",0,-0.517830468403387,0.56430282111892,1.23370036610847,-0.737508737051909,1.22459298388913,1.34147440207727,-0.902193729716213,-1.54252747900125,-1.283733833462,-1.21898967706861
"2941","7389","1","1","0","1",1,-0.517830468403387,0.56430282111892,1.23370036610847,-0.737508737051909,-1.22459298388913,-1.34147440207727,-0.830018231338916,-1.54252747900125,-1.283733833462,-1.21898967706861
"2942","7389","1","1","0","1",0,-0.517830468403387,0.56430282111892,1.23370036610847,-0.737508737051909,0,-1.34147440207727,-0.757842732961619,-1.54252747900125,-1.283733833462,-1.21898967706861
"2943","7389","1","1","0","1",0,-0.517830468403387,0.56430282111892,1.23370036610847,-0.737508737051909,1.22459298388913,-1.34147440207727,-0.685667234584322,-1.54252747900125,-1.283733833462,-1.21898967706861
"2944","7389","1","1","0","1",1,-0.517830468403387,0.56430282111892,1.23370036610847,-0.737508737051909,-1.22459298388913,-0.447158134025757,-0.613491736207025,-1.54252747900125,-1.283733833462,-1.21898967706861
"2945","7389","1","1","0","1",0,-0.517830468403387,0.56430282111892,1.23370036610847,-0.737508737051909,0,-0.447158134025757,-0.541316237829728,-1.54252747900125,-1.283733833462,-1.21898967706861
"2946","7389","1","1","0","1",0,-0.517830468403387,0.56430282111892,1.23370036610847,-0.737508737051909,1.22459298388913,-0.447158134025757,-0.469140739452431,-1.54252747900125,-1.283733833462,-1.21898967706861
"2947","7389","1","1","0","1",0,-0.517830468403387,0.56430282111892,1.23370036610847,-0.737508737051909,-1.22459298388913,0.447158134025757,-0.396965241075134,-1.54252747900125,-1.283733833462,-1.21898967706861
"2948","7389","1","1","0","1",0,-0.517830468403387,0.56430282111892,1.23370036610847,-0.737508737051909,0,0.447158134025757,-0.324789742697837,-1.54252747900125,-1.283733833462,-1.21898967706861
"2949","7389","1","1","0","1",0,-0.517830468403387,0.56430282111892,1.23370036610847,-0.737508737051909,1.22459298388913,0.447158134025757,-0.25261424432054,-1.54252747900125,-1.283733833462,-1.21898967706861
"2950","7389","1","1","0","1",1,-0.517830468403387,0.56430282111892,1.23370036610847,-0.737508737051909,-1.22459298388913,1.34147440207727,-0.180438745943243,-1.54252747900125,-1.283733833462,-1.21898967706861
"2951","7389","1","1","0","1",0,-0.517830468403387,0.56430282111892,1.23370036610847,-0.737508737051909,0,1.34147440207727,-0.108263247565946,-1.54252747900125,-1.283733833462,-1.21898967706861
"2952","7389","1","1","0","1",0,-0.517830468403387,0.56430282111892,1.23370036610847,-0.737508737051909,1.22459298388913,1.34147440207727,-0.0360877491886485,-1.54252747900125,-1.283733833462,-1.21898967706861
"2954","7389","1","1","1","1",0,-0.517830468403387,0.56430282111892,1.23370036610847,-0.737508737051909,0,-1.34147440207727,0.108263247565946,-1.54252747900125,-1.283733833462,-1.21898967706861
"2955","7389","1","1","1","1",0,-0.517830468403387,0.56430282111892,1.23370036610847,-0.737508737051909,1.22459298388913,-1.34147440207727,0.180438745943243,-1.54252747900125,-1.283733833462,-1.21898967706861
"2956","7389","1","1","1","1",0,-0.517830468403387,0.56430282111892,1.23370036610847,-0.737508737051909,-1.22459298388913,-0.447158134025757,0.25261424432054,-1.54252747900125,-1.283733833462,-1.21898967706861
"2957","7389","1","1","1","1",0,-0.517830468403387,0.56430282111892,1.23370036610847,-0.737508737051909,0,-0.447158134025757,0.324789742697837,-1.54252747900125,-1.283733833462,-1.21898967706861
"2958","7389","1","1","1","1",0,-0.517830468403387,0.56430282111892,1.23370036610847,-0.737508737051909,1.22459298388913,-0.447158134025757,0.396965241075134,-1.54252747900125,-1.283733833462,-1.21898967706861
"2959","7389","1","1","1","1",0,-0.517830468403387,0.56430282111892,1.23370036610847,-0.737508737051909,-1.22459298388913,0.447158134025757,0.469140739452431,-1.54252747900125,-1.283733833462,-1.21898967706861
"2960","7389","1","1","1","1",0,-0.517830468403387,0.56430282111892,1.23370036610847,-0.737508737051909,0,0.447158134025757,0.541316237829728,-1.54252747900125,-1.283733833462,-1.21898967706861
"2961","7389","1","1","1","1",0,-0.517830468403387,0.56430282111892,1.23370036610847,-0.737508737051909,1.22459298388913,0.447158134025757,0.613491736207025,-1.54252747900125,-1.283733833462,-1.21898967706861
"2963","7389","1","1","1","1",0,-0.517830468403387,0.56430282111892,1.23370036610847,-0.737508737051909,0,1.34147440207727,0.757842732961619,-1.54252747900125,-1.283733833462,-1.21898967706861
"2964","7389","1","1","1","1",0,-0.517830468403387,0.56430282111892,1.23370036610847,-0.737508737051909,1.22459298388913,1.34147440207727,0.830018231338916,-1.54252747900125,-1.283733833462,-1.21898967706861
"2965","7389","1","1","1","1",0,-0.517830468403387,0.56430282111892,1.23370036610847,-0.737508737051909,-1.22459298388913,-1.34147440207727,0.902193729716213,-1.54252747900125,-1.283733833462,-1.21898967706861
"2966","7389","1","1","1","1",0,-0.517830468403387,0.56430282111892,1.23370036610847,-0.737508737051909,0,-1.34147440207727,0.97436922809351,-1.54252747900125,-1.283733833462,-1.21898967706861
"2968","7389","1","1","1","1",0,-0.517830468403387,0.56430282111892,1.23370036610847,-0.737508737051909,-1.22459298388913,-0.447158134025757,1.1187202248481,-1.54252747900125,-1.283733833462,-1.21898967706861
"2969","7389","1","1","1","1",0,-0.517830468403387,0.56430282111892,1.23370036610847,-0.737508737051909,0,-0.447158134025757,1.1908957232254,-1.54252747900125,-1.283733833462,-1.21898967706861
"2970","7389","1","1","1","1",0,-0.517830468403387,0.56430282111892,1.23370036610847,-0.737508737051909,1.22459298388913,-0.447158134025757,1.2630712216027,-1.54252747900125,-1.283733833462,-1.21898967706861
"2971","7389","1","1","1","1",0,-0.517830468403387,0.56430282111892,1.23370036610847,-0.737508737051909,-1.22459298388913,0.447158134025757,1.33524671998,-1.54252747900125,-1.283733833462,-1.21898967706861
"2972","7389","1","1","1","1",0,-0.517830468403387,0.56430282111892,1.23370036610847,-0.737508737051909,0,0.447158134025757,1.40742221835729,-1.54252747900125,-1.283733833462,-1.21898967706861
"2973","7389","1","1","1","1",0,-0.517830468403387,0.56430282111892,1.23370036610847,-0.737508737051909,1.22459298388913,0.447158134025757,1.47959771673459,-1.54252747900125,-1.283733833462,-1.21898967706861
"2974","7389","1","1","1","1",0,-0.517830468403387,0.56430282111892,1.23370036610847,-0.737508737051909,-1.22459298388913,1.34147440207727,1.55177321511189,-1.54252747900125,-1.283733833462,-1.21898967706861
"2976","7389","1","1","1","1",0,-0.517830468403387,0.56430282111892,1.23370036610847,-0.737508737051909,1.22459298388913,1.34147440207727,1.69612421186648,-1.54252747900125,-1.283733833462,-1.21898967706861
"2981","7512","1","1","0","1",0,-0.145158683094907,0.273033709278162,0.106720149025474,2.52215021867828,0,-0.447158134025757,-1.40742221835729,-1.54252747900125,-1.283733833462,-1.21898967706861
"2983","7512","1","1","0","1",0,-0.145158683094907,0.273033709278162,0.106720149025474,2.52215021867828,-1.22459298388913,0.447158134025757,-1.2630712216027,-1.54252747900125,-1.283733833462,-1.21898967706861
"2984","7512","1","1","0","1",0,-0.145158683094907,0.273033709278162,0.106720149025474,2.52215021867828,0,0.447158134025757,-1.1908957232254,-1.54252747900125,-1.283733833462,-1.21898967706861
"2985","7512","1","1","0","1",0,-0.145158683094907,0.273033709278162,0.106720149025474,2.52215021867828,1.22459298388913,0.447158134025757,-1.1187202248481,-1.54252747900125,-1.283733833462,-1.21898967706861
"2986","7512","1","1","0","1",0,-0.145158683094907,0.273033709278162,0.106720149025474,2.52215021867828,-1.22459298388913,1.34147440207727,-1.04654472647081,-1.54252747900125,-1.283733833462,-1.21898967706861
"2987","7512","1","1","0","1",0,-0.145158683094907,0.273033709278162,0.106720149025474,2.52215021867828,0,1.34147440207727,-0.97436922809351,-1.54252747900125,-1.283733833462,-1.21898967706861
"2988","7512","1","1","0","1",0,-0.145158683094907,0.273033709278162,0.106720149025474,2.52215021867828,1.22459298388913,1.34147440207727,-0.902193729716213,-1.54252747900125,-1.283733833462,-1.21898967706861
"2989","7512","1","1","0","1",0,-0.145158683094907,0.273033709278162,0.106720149025474,2.52215021867828,-1.22459298388913,-1.34147440207727,-0.830018231338916,-1.54252747900125,-1.283733833462,-1.21898967706861
"2990","7512","1","1","0","1",0,-0.145158683094907,0.273033709278162,0.106720149025474,2.52215021867828,0,-1.34147440207727,-0.757842732961619,-1.54252747900125,-1.283733833462,-1.21898967706861
"2991","7512","1","1","0","1",1,-0.145158683094907,0.273033709278162,0.106720149025474,2.52215021867828,1.22459298388913,-1.34147440207727,-0.685667234584322,-1.54252747900125,-1.283733833462,-1.21898967706861
"2992","7512","1","1","0","1",0,-0.145158683094907,0.273033709278162,0.106720149025474,2.52215021867828,-1.22459298388913,-0.447158134025757,-0.613491736207025,-1.54252747900125,-1.283733833462,-1.21898967706861
"2993","7512","1","1","0","1",0,-0.145158683094907,0.273033709278162,0.106720149025474,2.52215021867828,0,-0.447158134025757,-0.541316237829728,-1.54252747900125,-1.283733833462,-1.21898967706861
"2994","7512","1","1","0","1",0,-0.145158683094907,0.273033709278162,0.106720149025474,2.52215021867828,1.22459298388913,-0.447158134025757,-0.469140739452431,-1.54252747900125,-1.283733833462,-1.21898967706861
"2995","7512","1","1","0","1",1,-0.145158683094907,0.273033709278162,0.106720149025474,2.52215021867828,-1.22459298388913,0.447158134025757,-0.396965241075134,-1.54252747900125,-1.283733833462,-1.21898967706861
"2996","7512","1","1","0","1",0,-0.145158683094907,0.273033709278162,0.106720149025474,2.52215021867828,0,0.447158134025757,-0.324789742697837,-1.54252747900125,-1.283733833462,-1.21898967706861
"2997","7512","1","1","0","1",0,-0.145158683094907,0.273033709278162,0.106720149025474,2.52215021867828,1.22459298388913,0.447158134025757,-0.25261424432054,-1.54252747900125,-1.283733833462,-1.21898967706861
"2998","7512","1","1","0","1",0,-0.145158683094907,0.273033709278162,0.106720149025474,2.52215021867828,-1.22459298388913,1.34147440207727,-0.180438745943243,-1.54252747900125,-1.283733833462,-1.21898967706861
"2999","7512","1","1","0","1",0,-0.145158683094907,0.273033709278162,0.106720149025474,2.52215021867828,0,1.34147440207727,-0.108263247565946,-1.54252747900125,-1.283733833462,-1.21898967706861
"3000","7512","1","1","0","1",0,-0.145158683094907,0.273033709278162,0.106720149025474,2.52215021867828,1.22459298388913,1.34147440207727,-0.0360877491886485,-1.54252747900125,-1.283733833462,-1.21898967706861
"3001","7512","1","1","1","1",0,-0.145158683094907,0.273033709278162,0.106720149025474,2.52215021867828,-1.22459298388913,-1.34147440207727,0.0360877491886485,-1.54252747900125,-1.283733833462,-1.21898967706861
"3002","7512","1","1","1","1",0,-0.145158683094907,0.273033709278162,0.106720149025474,2.52215021867828,0,-1.34147440207727,0.108263247565946,-1.54252747900125,-1.283733833462,-1.21898967706861
"3004","7512","1","1","1","1",0,-0.145158683094907,0.273033709278162,0.106720149025474,2.52215021867828,-1.22459298388913,-0.447158134025757,0.25261424432054,-1.54252747900125,-1.283733833462,-1.21898967706861
"3005","7512","1","1","1","1",0,-0.145158683094907,0.273033709278162,0.106720149025474,2.52215021867828,0,-0.447158134025757,0.324789742697837,-1.54252747900125,-1.283733833462,-1.21898967706861
"3006","7512","1","1","1","1",0,-0.145158683094907,0.273033709278162,0.106720149025474,2.52215021867828,1.22459298388913,-0.447158134025757,0.396965241075134,-1.54252747900125,-1.283733833462,-1.21898967706861
"3008","7512","1","1","1","1",0,-0.145158683094907,0.273033709278162,0.106720149025474,2.52215021867828,0,0.447158134025757,0.541316237829728,-1.54252747900125,-1.283733833462,-1.21898967706861
"3009","7512","1","1","1","1",0,-0.145158683094907,0.273033709278162,0.106720149025474,2.52215021867828,1.22459298388913,0.447158134025757,0.613491736207025,-1.54252747900125,-1.283733833462,-1.21898967706861
"3010","7512","1","1","1","1",0,-0.145158683094907,0.273033709278162,0.106720149025474,2.52215021867828,-1.22459298388913,1.34147440207727,0.685667234584322,-1.54252747900125,-1.283733833462,-1.21898967706861
"3011","7512","1","1","1","1",0,-0.145158683094907,0.273033709278162,0.106720149025474,2.52215021867828,0,1.34147440207727,0.757842732961619,-1.54252747900125,-1.283733833462,-1.21898967706861
"3012","7512","1","1","1","1",0,-0.145158683094907,0.273033709278162,0.106720149025474,2.52215021867828,1.22459298388913,1.34147440207727,0.830018231338916,-1.54252747900125,-1.283733833462,-1.21898967706861
"3013","7512","1","1","1","1",0,-0.145158683094907,0.273033709278162,0.106720149025474,2.52215021867828,-1.22459298388913,-1.34147440207727,0.902193729716213,-1.54252747900125,-1.283733833462,-1.21898967706861
"3014","7512","1","1","1","1",0,-0.145158683094907,0.273033709278162,0.106720149025474,2.52215021867828,0,-1.34147440207727,0.97436922809351,-1.54252747900125,-1.283733833462,-1.21898967706861
"3015","7512","1","1","1","1",0,-0.145158683094907,0.273033709278162,0.106720149025474,2.52215021867828,1.22459298388913,-1.34147440207727,1.04654472647081,-1.54252747900125,-1.283733833462,-1.21898967706861
"3016","7512","1","1","1","1",0,-0.145158683094907,0.273033709278162,0.106720149025474,2.52215021867828,-1.22459298388913,-0.447158134025757,1.1187202248481,-1.54252747900125,-1.283733833462,-1.21898967706861
"3017","7512","1","1","1","1",0,-0.145158683094907,0.273033709278162,0.106720149025474,2.52215021867828,0,-0.447158134025757,1.1908957232254,-1.54252747900125,-1.283733833462,-1.21898967706861
"3018","7512","1","1","1","1",0,-0.145158683094907,0.273033709278162,0.106720149025474,2.52215021867828,1.22459298388913,-0.447158134025757,1.2630712216027,-1.54252747900125,-1.283733833462,-1.21898967706861
"3019","7512","1","1","1","1",0,-0.145158683094907,0.273033709278162,0.106720149025474,2.52215021867828,-1.22459298388913,0.447158134025757,1.33524671998,-1.54252747900125,-1.283733833462,-1.21898967706861
"3020","7512","1","1","1","1",0,-0.145158683094907,0.273033709278162,0.106720149025474,2.52215021867828,0,0.447158134025757,1.40742221835729,-1.54252747900125,-1.283733833462,-1.21898967706861
"3021","7512","1","1","1","1",0,-0.145158683094907,0.273033709278162,0.106720149025474,2.52215021867828,1.22459298388913,0.447158134025757,1.47959771673459,-1.54252747900125,-1.283733833462,-1.21898967706861
"3022","7512","1","1","1","1",0,-0.145158683094907,0.273033709278162,0.106720149025474,2.52215021867828,-1.22459298388913,1.34147440207727,1.55177321511189,-1.54252747900125,-1.283733833462,-1.21898967706861
"3023","7512","1","1","1","1",1,-0.145158683094907,0.273033709278162,0.106720149025474,2.52215021867828,0,1.34147440207727,1.62394871348918,-1.54252747900125,-1.283733833462,-1.21898967706861
"3024","7512","1","1","1","1",0,-0.145158683094907,0.273033709278162,0.106720149025474,2.52215021867828,1.22459298388913,1.34147440207727,1.69612421186648,-1.54252747900125,-1.283733833462,-1.21898967706861
"3025","7656","1","0","0","2",0,-0.517830468403387,0.0177380734017993,0.670210257566974,-0.737508737051909,-1.22459298388913,-1.34147440207727,-1.69612421186648,0.31780716904046,0.0675649386032631,0.507013405506412
"3026","7656","1","0","0","2",0,-0.517830468403387,0.0177380734017993,0.670210257566974,-0.737508737051909,0,-1.34147440207727,-1.62394871348918,0.31780716904046,0.0675649386032631,0.507013405506412
"3027","7656","1","0","0","2",0,-0.517830468403387,0.0177380734017993,0.670210257566974,-0.737508737051909,1.22459298388913,-1.34147440207727,-1.55177321511189,0.31780716904046,0.0675649386032631,0.507013405506412
"3028","7656","1","0","0","2",0,-0.517830468403387,0.0177380734017993,0.670210257566974,-0.737508737051909,-1.22459298388913,-0.447158134025757,-1.47959771673459,0.31780716904046,0.0675649386032631,0.507013405506412
"3029","7656","1","0","0","2",0,-0.517830468403387,0.0177380734017993,0.670210257566974,-0.737508737051909,0,-0.447158134025757,-1.40742221835729,0.31780716904046,0.0675649386032631,0.507013405506412
"3030","7656","1","0","0","2",0,-0.517830468403387,0.0177380734017993,0.670210257566974,-0.737508737051909,1.22459298388913,-0.447158134025757,-1.33524671998,0.31780716904046,0.0675649386032631,0.507013405506412
"3031","7656","1","0","0","2",0,-0.517830468403387,0.0177380734017993,0.670210257566974,-0.737508737051909,-1.22459298388913,0.447158134025757,-1.2630712216027,0.31780716904046,0.0675649386032631,0.507013405506412
"3032","7656","1","0","0","2",0,-0.517830468403387,0.0177380734017993,0.670210257566974,-0.737508737051909,0,0.447158134025757,-1.1908957232254,0.31780716904046,0.0675649386032631,0.507013405506412
"3033","7656","1","0","0","2",0,-0.517830468403387,0.0177380734017993,0.670210257566974,-0.737508737051909,1.22459298388913,0.447158134025757,-1.1187202248481,0.31780716904046,0.0675649386032631,0.507013405506412
"3034","7656","1","0","0","2",0,-0.517830468403387,0.0177380734017993,0.670210257566974,-0.737508737051909,-1.22459298388913,1.34147440207727,-1.04654472647081,0.31780716904046,0.0675649386032631,0.507013405506412
"3035","7656","1","0","0","2",0,-0.517830468403387,0.0177380734017993,0.670210257566974,-0.737508737051909,0,1.34147440207727,-0.97436922809351,0.31780716904046,0.0675649386032631,0.507013405506412
"3036","7656","1","0","0","2",0,-0.517830468403387,0.0177380734017993,0.670210257566974,-0.737508737051909,1.22459298388913,1.34147440207727,-0.902193729716213,0.31780716904046,0.0675649386032631,0.507013405506412
"3037","7656","1","0","0","2",0,-0.517830468403387,0.0177380734017993,0.670210257566974,-0.737508737051909,-1.22459298388913,-1.34147440207727,-0.830018231338916,0.31780716904046,0.0675649386032631,0.507013405506412
"3038","7656","1","0","0","2",0,-0.517830468403387,0.0177380734017993,0.670210257566974,-0.737508737051909,0,-1.34147440207727,-0.757842732961619,0.31780716904046,0.0675649386032631,0.507013405506412
"3039","7656","1","0","0","2",1,-0.517830468403387,0.0177380734017993,0.670210257566974,-0.737508737051909,1.22459298388913,-1.34147440207727,-0.685667234584322,0.31780716904046,0.0675649386032631,0.507013405506412
"3040","7656","1","0","0","2",0,-0.517830468403387,0.0177380734017993,0.670210257566974,-0.737508737051909,-1.22459298388913,-0.447158134025757,-0.613491736207025,0.31780716904046,0.0675649386032631,0.507013405506412
"3041","7656","1","0","0","2",0,-0.517830468403387,0.0177380734017993,0.670210257566974,-0.737508737051909,0,-0.447158134025757,-0.541316237829728,0.31780716904046,0.0675649386032631,0.507013405506412
"3042","7656","1","0","0","2",1,-0.517830468403387,0.0177380734017993,0.670210257566974,-0.737508737051909,1.22459298388913,-0.447158134025757,-0.469140739452431,0.31780716904046,0.0675649386032631,0.507013405506412
"3043","7656","1","0","0","2",0,-0.517830468403387,0.0177380734017993,0.670210257566974,-0.737508737051909,-1.22459298388913,0.447158134025757,-0.396965241075134,0.31780716904046,0.0675649386032631,0.507013405506412
"3044","7656","1","0","0","2",0,-0.517830468403387,0.0177380734017993,0.670210257566974,-0.737508737051909,0,0.447158134025757,-0.324789742697837,0.31780716904046,0.0675649386032631,0.507013405506412
"3045","7656","1","0","0","2",0,-0.517830468403387,0.0177380734017993,0.670210257566974,-0.737508737051909,1.22459298388913,0.447158134025757,-0.25261424432054,0.31780716904046,0.0675649386032631,0.507013405506412
"3046","7656","1","0","0","2",0,-0.517830468403387,0.0177380734017993,0.670210257566974,-0.737508737051909,-1.22459298388913,1.34147440207727,-0.180438745943243,0.31780716904046,0.0675649386032631,0.507013405506412
"3047","7656","1","0","0","2",0,-0.517830468403387,0.0177380734017993,0.670210257566974,-0.737508737051909,0,1.34147440207727,-0.108263247565946,0.31780716904046,0.0675649386032631,0.507013405506412
"3048","7656","1","0","0","2",0,-0.517830468403387,0.0177380734017993,0.670210257566974,-0.737508737051909,1.22459298388913,1.34147440207727,-0.0360877491886485,0.31780716904046,0.0675649386032631,0.507013405506412
"3049","7656","1","0","1","2",0,-0.517830468403387,0.0177380734017993,0.670210257566974,-0.737508737051909,-1.22459298388913,-1.34147440207727,0.0360877491886485,0.31780716904046,0.0675649386032631,0.507013405506412
"3050","7656","1","0","1","2",0,-0.517830468403387,0.0177380734017993,0.670210257566974,-0.737508737051909,0,-1.34147440207727,0.108263247565946,0.31780716904046,0.0675649386032631,0.507013405506412
"3052","7656","1","0","1","2",0,-0.517830468403387,0.0177380734017993,0.670210257566974,-0.737508737051909,-1.22459298388913,-0.447158134025757,0.25261424432054,0.31780716904046,0.0675649386032631,0.507013405506412
"3053","7656","0","0","1","2",0,-0.517830468403387,0.0177380734017993,0.670210257566974,-0.737508737051909,0,-0.447158134025757,0.324789742697837,0.31780716904046,0.0675649386032631,0.507013405506412
"3055","7656","1","0","1","2",0,-0.517830468403387,0.0177380734017993,0.670210257566974,-0.737508737051909,-1.22459298388913,0.447158134025757,0.469140739452431,0.31780716904046,0.0675649386032631,0.507013405506412
"3056","7656","0","0","1","2",0,-0.517830468403387,0.0177380734017993,0.670210257566974,-0.737508737051909,0,0.447158134025757,0.541316237829728,0.31780716904046,0.0675649386032631,0.507013405506412
"3057","7656","1","0","1","2",0,-0.517830468403387,0.0177380734017993,0.670210257566974,-0.737508737051909,1.22459298388913,0.447158134025757,0.613491736207025,0.31780716904046,0.0675649386032631,0.507013405506412
"3058","7656","0","0","1","2",0,-0.517830468403387,0.0177380734017993,0.670210257566974,-0.737508737051909,-1.22459298388913,1.34147440207727,0.685667234584322,0.31780716904046,0.0675649386032631,0.507013405506412
"3059","7656","0","0","1","2",0,-0.517830468403387,0.0177380734017993,0.670210257566974,-0.737508737051909,0,1.34147440207727,0.757842732961619,0.31780716904046,0.0675649386032631,0.507013405506412
"3060","7656","0","0","1","2",0,-0.517830468403387,0.0177380734017993,0.670210257566974,-0.737508737051909,1.22459298388913,1.34147440207727,0.830018231338916,0.31780716904046,0.0675649386032631,0.507013405506412
"3061","7656","0","0","1","2",0,-0.517830468403387,0.0177380734017993,0.670210257566974,-0.737508737051909,-1.22459298388913,-1.34147440207727,0.902193729716213,0.31780716904046,0.0675649386032631,0.507013405506412
"3062","7656","0","0","1","2",0,-0.517830468403387,0.0177380734017993,0.670210257566974,-0.737508737051909,0,-1.34147440207727,0.97436922809351,0.31780716904046,0.0675649386032631,0.507013405506412
"3063","7656","0","0","1","2",0,-0.517830468403387,0.0177380734017993,0.670210257566974,-0.737508737051909,1.22459298388913,-1.34147440207727,1.04654472647081,0.31780716904046,0.0675649386032631,0.507013405506412
"3064","7656","0","0","1","2",0,-0.517830468403387,0.0177380734017993,0.670210257566974,-0.737508737051909,-1.22459298388913,-0.447158134025757,1.1187202248481,0.31780716904046,0.0675649386032631,0.507013405506412
"3065","7656","0","0","1","2",0,-0.517830468403387,0.0177380734017993,0.670210257566974,-0.737508737051909,0,-0.447158134025757,1.1908957232254,0.31780716904046,0.0675649386032631,0.507013405506412
"3066","7656","0","0","1","2",0,-0.517830468403387,0.0177380734017993,0.670210257566974,-0.737508737051909,1.22459298388913,-0.447158134025757,1.2630712216027,0.31780716904046,0.0675649386032631,0.507013405506412
"3068","7656","0","0","1","2",0,-0.517830468403387,0.0177380734017993,0.670210257566974,-0.737508737051909,0,0.447158134025757,1.40742221835729,0.31780716904046,0.0675649386032631,0.507013405506412
"3069","7656","0","0","1","2",0,-0.517830468403387,0.0177380734017993,0.670210257566974,-0.737508737051909,1.22459298388913,0.447158134025757,1.47959771673459,0.31780716904046,0.0675649386032631,0.507013405506412
"3070","7656","0","0","1","2",0,-0.517830468403387,0.0177380734017993,0.670210257566974,-0.737508737051909,-1.22459298388913,1.34147440207727,1.55177321511189,0.31780716904046,0.0675649386032631,0.507013405506412
"3071","7656","0","0","1","2",0,-0.517830468403387,0.0177380734017993,0.670210257566974,-0.737508737051909,0,1.34147440207727,1.62394871348918,0.31780716904046,0.0675649386032631,0.507013405506412
"3072","7656","0","0","1","2",0,-0.517830468403387,0.0177380734017993,0.670210257566974,-0.737508737051909,1.22459298388913,1.34147440207727,1.69612421186648,0.31780716904046,0.0675649386032631,0.507013405506412
"3073","7772","1","0","0","2",0,-0.517830468403387,-0.303702340860712,-0.455418664291706,0.566041867904042,-1.22459298388913,-1.34147440207727,-1.69612421186648,0.31780716904046,0.0675649386032631,0.507013405506412
"3074","7772","0","0","0","2",0,-0.517830468403387,-0.303702340860712,-0.455418664291706,0.566041867904042,0,-1.34147440207727,-1.62394871348918,0.31780716904046,0.0675649386032631,0.507013405506412
"3075","7772","1","0","0","2",1,-0.517830468403387,-0.303702340860712,-0.455418664291706,0.566041867904042,1.22459298388913,-1.34147440207727,-1.55177321511189,0.31780716904046,0.0675649386032631,0.507013405506412
"3076","7772","1","0","0","2",0,-0.517830468403387,-0.303702340860712,-0.455418664291706,0.566041867904042,-1.22459298388913,-0.447158134025757,-1.47959771673459,0.31780716904046,0.0675649386032631,0.507013405506412
"3077","7772","1","0","0","2",0,-0.517830468403387,-0.303702340860712,-0.455418664291706,0.566041867904042,0,-0.447158134025757,-1.40742221835729,0.31780716904046,0.0675649386032631,0.507013405506412
"3079","7772","1","0","0","2",0,-0.517830468403387,-0.303702340860712,-0.455418664291706,0.566041867904042,-1.22459298388913,0.447158134025757,-1.2630712216027,0.31780716904046,0.0675649386032631,0.507013405506412
"3080","7772","1","0","0","2",0,-0.517830468403387,-0.303702340860712,-0.455418664291706,0.566041867904042,0,0.447158134025757,-1.1908957232254,0.31780716904046,0.0675649386032631,0.507013405506412
"3081","7772","1","0","0","2",0,-0.517830468403387,-0.303702340860712,-0.455418664291706,0.566041867904042,1.22459298388913,0.447158134025757,-1.1187202248481,0.31780716904046,0.0675649386032631,0.507013405506412
"3083","7772","1","0","0","2",0,-0.517830468403387,-0.303702340860712,-0.455418664291706,0.566041867904042,0,1.34147440207727,-0.97436922809351,0.31780716904046,0.0675649386032631,0.507013405506412
"3084","7772","1","0","0","2",0,-0.517830468403387,-0.303702340860712,-0.455418664291706,0.566041867904042,1.22459298388913,1.34147440207727,-0.902193729716213,0.31780716904046,0.0675649386032631,0.507013405506412
"3085","7772","1","0","0","2",0,-0.517830468403387,-0.303702340860712,-0.455418664291706,0.566041867904042,-1.22459298388913,-1.34147440207727,-0.830018231338916,0.31780716904046,0.0675649386032631,0.507013405506412
"3086","7772","1","0","0","2",0,-0.517830468403387,-0.303702340860712,-0.455418664291706,0.566041867904042,0,-1.34147440207727,-0.757842732961619,0.31780716904046,0.0675649386032631,0.507013405506412
"3087","7772","1","0","0","2",0,-0.517830468403387,-0.303702340860712,-0.455418664291706,0.566041867904042,1.22459298388913,-1.34147440207727,-0.685667234584322,0.31780716904046,0.0675649386032631,0.507013405506412
"3088","7772","1","0","0","2",0,-0.517830468403387,-0.303702340860712,-0.455418664291706,0.566041867904042,-1.22459298388913,-0.447158134025757,-0.613491736207025,0.31780716904046,0.0675649386032631,0.507013405506412
"3089","7772","1","0","0","2",0,-0.517830468403387,-0.303702340860712,-0.455418664291706,0.566041867904042,0,-0.447158134025757,-0.541316237829728,0.31780716904046,0.0675649386032631,0.507013405506412
"3090","7772","1","0","0","2",0,-0.517830468403387,-0.303702340860712,-0.455418664291706,0.566041867904042,1.22459298388913,-0.447158134025757,-0.469140739452431,0.31780716904046,0.0675649386032631,0.507013405506412
"3091","7772","0","0","0","2",0,-0.517830468403387,-0.303702340860712,-0.455418664291706,0.566041867904042,-1.22459298388913,0.447158134025757,-0.396965241075134,0.31780716904046,0.0675649386032631,0.507013405506412
"3092","7772","1","0","0","2",0,-0.517830468403387,-0.303702340860712,-0.455418664291706,0.566041867904042,0,0.447158134025757,-0.324789742697837,0.31780716904046,0.0675649386032631,0.507013405506412
"3093","7772","1","0","0","2",0,-0.517830468403387,-0.303702340860712,-0.455418664291706,0.566041867904042,1.22459298388913,0.447158134025757,-0.25261424432054,0.31780716904046,0.0675649386032631,0.507013405506412
"3094","7772","0","0","0","2",0,-0.517830468403387,-0.303702340860712,-0.455418664291706,0.566041867904042,-1.22459298388913,1.34147440207727,-0.180438745943243,0.31780716904046,0.0675649386032631,0.507013405506412
"3095","7772","1","0","0","2",0,-0.517830468403387,-0.303702340860712,-0.455418664291706,0.566041867904042,0,1.34147440207727,-0.108263247565946,0.31780716904046,0.0675649386032631,0.507013405506412
"3096","7772","0","0","0","2",0,-0.517830468403387,-0.303702340860712,-0.455418664291706,0.566041867904042,1.22459298388913,1.34147440207727,-0.0360877491886485,0.31780716904046,0.0675649386032631,0.507013405506412
"3097","7772","1","0","1","2",0,-0.517830468403387,-0.303702340860712,-0.455418664291706,0.566041867904042,-1.22459298388913,-1.34147440207727,0.0360877491886485,0.31780716904046,0.0675649386032631,0.507013405506412
"3098","7772","1","0","1","2",0,-0.517830468403387,-0.303702340860712,-0.455418664291706,0.566041867904042,0,-1.34147440207727,0.108263247565946,0.31780716904046,0.0675649386032631,0.507013405506412
"3099","7772","1","0","1","2",0,-0.517830468403387,-0.303702340860712,-0.455418664291706,0.566041867904042,1.22459298388913,-1.34147440207727,0.180438745943243,0.31780716904046,0.0675649386032631,0.507013405506412
"3100","7772","1","0","1","2",0,-0.517830468403387,-0.303702340860712,-0.455418664291706,0.566041867904042,-1.22459298388913,-0.447158134025757,0.25261424432054,0.31780716904046,0.0675649386032631,0.507013405506412
"3101","7772","1","0","1","2",0,-0.517830468403387,-0.303702340860712,-0.455418664291706,0.566041867904042,0,-0.447158134025757,0.324789742697837,0.31780716904046,0.0675649386032631,0.507013405506412
"3102","7772","1","0","1","2",0,-0.517830468403387,-0.303702340860712,-0.455418664291706,0.566041867904042,1.22459298388913,-0.447158134025757,0.396965241075134,0.31780716904046,0.0675649386032631,0.507013405506412
"3103","7772","1","0","1","2",0,-0.517830468403387,-0.303702340860712,-0.455418664291706,0.566041867904042,-1.22459298388913,0.447158134025757,0.469140739452431,0.31780716904046,0.0675649386032631,0.507013405506412
"3104","7772","1","0","1","2",0,-0.517830468403387,-0.303702340860712,-0.455418664291706,0.566041867904042,0,0.447158134025757,0.541316237829728,0.31780716904046,0.0675649386032631,0.507013405506412
"3105","7772","1","0","1","2",0,-0.517830468403387,-0.303702340860712,-0.455418664291706,0.566041867904042,1.22459298388913,0.447158134025757,0.613491736207025,0.31780716904046,0.0675649386032631,0.507013405506412
"3106","7772","1","0","1","2",0,-0.517830468403387,-0.303702340860712,-0.455418664291706,0.566041867904042,-1.22459298388913,1.34147440207727,0.685667234584322,0.31780716904046,0.0675649386032631,0.507013405506412
"3107","7772","1","0","1","2",0,-0.517830468403387,-0.303702340860712,-0.455418664291706,0.566041867904042,0,1.34147440207727,0.757842732961619,0.31780716904046,0.0675649386032631,0.507013405506412
"3108","7772","1","0","1","2",0,-0.517830468403387,-0.303702340860712,-0.455418664291706,0.566041867904042,1.22459298388913,1.34147440207727,0.830018231338916,0.31780716904046,0.0675649386032631,0.507013405506412
"3109","7772","0","0","1","2",0,-0.517830468403387,-0.303702340860712,-0.455418664291706,0.566041867904042,-1.22459298388913,-1.34147440207727,0.902193729716213,0.31780716904046,0.0675649386032631,0.507013405506412
"3110","7772","1","0","1","2",0,-0.517830468403387,-0.303702340860712,-0.455418664291706,0.566041867904042,0,-1.34147440207727,0.97436922809351,0.31780716904046,0.0675649386032631,0.507013405506412
"3111","7772","0","0","1","2",0,-0.517830468403387,-0.303702340860712,-0.455418664291706,0.566041867904042,1.22459298388913,-1.34147440207727,1.04654472647081,0.31780716904046,0.0675649386032631,0.507013405506412
"3112","7772","1","0","1","2",0,-0.517830468403387,-0.303702340860712,-0.455418664291706,0.566041867904042,-1.22459298388913,-0.447158134025757,1.1187202248481,0.31780716904046,0.0675649386032631,0.507013405506412
"3114","7772","1","0","1","2",0,-0.517830468403387,-0.303702340860712,-0.455418664291706,0.566041867904042,1.22459298388913,-0.447158134025757,1.2630712216027,0.31780716904046,0.0675649386032631,0.507013405506412
"3115","7772","0","0","1","2",0,-0.517830468403387,-0.303702340860712,-0.455418664291706,0.566041867904042,-1.22459298388913,0.447158134025757,1.33524671998,0.31780716904046,0.0675649386032631,0.507013405506412
"3116","7772","1","0","1","2",0,-0.517830468403387,-0.303702340860712,-0.455418664291706,0.566041867904042,0,0.447158134025757,1.40742221835729,0.31780716904046,0.0675649386032631,0.507013405506412
"3117","7772","1","0","1","2",0,-0.517830468403387,-0.303702340860712,-0.455418664291706,0.566041867904042,1.22459298388913,0.447158134025757,1.47959771673459,0.31780716904046,0.0675649386032631,0.507013405506412
"3118","7772","0","0","1","2",0,-0.517830468403387,-0.303702340860712,-0.455418664291706,0.566041867904042,-1.22459298388913,1.34147440207727,1.55177321511189,0.31780716904046,0.0675649386032631,0.507013405506412
"3119","7772","1","0","1","2",0,-0.517830468403387,-0.303702340860712,-0.455418664291706,0.566041867904042,0,1.34147440207727,1.62394871348918,0.31780716904046,0.0675649386032631,0.507013405506412
"3120","7772","1","0","1","2",0,-0.517830468403387,-0.303702340860712,-0.455418664291706,0.566041867904042,1.22459298388913,1.34147440207727,1.69612421186648,0.31780716904046,0.0675649386032631,0.507013405506412
"3121","7803","1","0","0","2",0,0.0669775639268432,-0.948904038802791,-1.01890877283321,-0.737508737051909,-1.22459298388913,-1.34147440207727,-1.69612421186648,0.31780716904046,0.0675649386032631,0.507013405506412
"3122","7803","1","0","0","2",0,0.0669775639268432,-0.948904038802791,-1.01890877283321,-0.737508737051909,0,-1.34147440207727,-1.62394871348918,0.31780716904046,0.0675649386032631,0.507013405506412
"3123","7803","0","0","0","2",0,0.0669775639268432,-0.948904038802791,-1.01890877283321,-0.737508737051909,1.22459298388913,-1.34147440207727,-1.55177321511189,0.31780716904046,0.0675649386032631,0.507013405506412
"3124","7803","0","0","0","2",0,0.0669775639268432,-0.948904038802791,-1.01890877283321,-0.737508737051909,-1.22459298388913,-0.447158134025757,-1.47959771673459,0.31780716904046,0.0675649386032631,0.507013405506412
"3125","7803","1","0","0","2",0,0.0669775639268432,-0.948904038802791,-1.01890877283321,-0.737508737051909,0,-0.447158134025757,-1.40742221835729,0.31780716904046,0.0675649386032631,0.507013405506412
"3126","7803","1","0","0","2",0,0.0669775639268432,-0.948904038802791,-1.01890877283321,-0.737508737051909,1.22459298388913,-0.447158134025757,-1.33524671998,0.31780716904046,0.0675649386032631,0.507013405506412
"3127","7803","1","0","0","2",0,0.0669775639268432,-0.948904038802791,-1.01890877283321,-0.737508737051909,-1.22459298388913,0.447158134025757,-1.2630712216027,0.31780716904046,0.0675649386032631,0.507013405506412
"3128","7803","1","0","0","2",0,0.0669775639268432,-0.948904038802791,-1.01890877283321,-0.737508737051909,0,0.447158134025757,-1.1908957232254,0.31780716904046,0.0675649386032631,0.507013405506412
"3129","7803","1","0","0","2",0,0.0669775639268432,-0.948904038802791,-1.01890877283321,-0.737508737051909,1.22459298388913,0.447158134025757,-1.1187202248481,0.31780716904046,0.0675649386032631,0.507013405506412
"3130","7803","1","0","0","2",0,0.0669775639268432,-0.948904038802791,-1.01890877283321,-0.737508737051909,-1.22459298388913,1.34147440207727,-1.04654472647081,0.31780716904046,0.0675649386032631,0.507013405506412
"3131","7803","0","0","0","2",0,0.0669775639268432,-0.948904038802791,-1.01890877283321,-0.737508737051909,0,1.34147440207727,-0.97436922809351,0.31780716904046,0.0675649386032631,0.507013405506412
"3132","7803","1","0","0","2",0,0.0669775639268432,-0.948904038802791,-1.01890877283321,-0.737508737051909,1.22459298388913,1.34147440207727,-0.902193729716213,0.31780716904046,0.0675649386032631,0.507013405506412
"3133","7803","1","0","0","2",0,0.0669775639268432,-0.948904038802791,-1.01890877283321,-0.737508737051909,-1.22459298388913,-1.34147440207727,-0.830018231338916,0.31780716904046,0.0675649386032631,0.507013405506412
"3134","7803","0","0","0","2",0,0.0669775639268432,-0.948904038802791,-1.01890877283321,-0.737508737051909,0,-1.34147440207727,-0.757842732961619,0.31780716904046,0.0675649386032631,0.507013405506412
"3135","7803","0","0","0","2",0,0.0669775639268432,-0.948904038802791,-1.01890877283321,-0.737508737051909,1.22459298388913,-1.34147440207727,-0.685667234584322,0.31780716904046,0.0675649386032631,0.507013405506412
"3136","7803","1","0","0","2",0,0.0669775639268432,-0.948904038802791,-1.01890877283321,-0.737508737051909,-1.22459298388913,-0.447158134025757,-0.613491736207025,0.31780716904046,0.0675649386032631,0.507013405506412
"3137","7803","0","0","0","2",0,0.0669775639268432,-0.948904038802791,-1.01890877283321,-0.737508737051909,0,-0.447158134025757,-0.541316237829728,0.31780716904046,0.0675649386032631,0.507013405506412
"3138","7803","1","0","0","2",0,0.0669775639268432,-0.948904038802791,-1.01890877283321,-0.737508737051909,1.22459298388913,-0.447158134025757,-0.469140739452431,0.31780716904046,0.0675649386032631,0.507013405506412
"3139","7803","0","0","0","2",0,0.0669775639268432,-0.948904038802791,-1.01890877283321,-0.737508737051909,-1.22459298388913,0.447158134025757,-0.396965241075134,0.31780716904046,0.0675649386032631,0.507013405506412
"3140","7803","0","0","0","2",0,0.0669775639268432,-0.948904038802791,-1.01890877283321,-0.737508737051909,0,0.447158134025757,-0.324789742697837,0.31780716904046,0.0675649386032631,0.507013405506412
"3141","7803","1","0","0","2",0,0.0669775639268432,-0.948904038802791,-1.01890877283321,-0.737508737051909,1.22459298388913,0.447158134025757,-0.25261424432054,0.31780716904046,0.0675649386032631,0.507013405506412
"3142","7803","1","0","0","2",0,0.0669775639268432,-0.948904038802791,-1.01890877283321,-0.737508737051909,-1.22459298388913,1.34147440207727,-0.180438745943243,0.31780716904046,0.0675649386032631,0.507013405506412
"3143","7803","0","0","0","2",0,0.0669775639268432,-0.948904038802791,-1.01890877283321,-0.737508737051909,0,1.34147440207727,-0.108263247565946,0.31780716904046,0.0675649386032631,0.507013405506412
"3144","7803","0","0","0","2",0,0.0669775639268432,-0.948904038802791,-1.01890877283321,-0.737508737051909,1.22459298388913,1.34147440207727,-0.0360877491886485,0.31780716904046,0.0675649386032631,0.507013405506412
"3145","7803","1","0","1","2",1,0.0669775639268432,-0.948904038802791,-1.01890877283321,-0.737508737051909,-1.22459298388913,-1.34147440207727,0.0360877491886485,0.31780716904046,0.0675649386032631,0.507013405506412
"3146","7803","1","0","1","2",0,0.0669775639268432,-0.948904038802791,-1.01890877283321,-0.737508737051909,0,-1.34147440207727,0.108263247565946,0.31780716904046,0.0675649386032631,0.507013405506412
"3147","7803","1","0","1","2",0,0.0669775639268432,-0.948904038802791,-1.01890877283321,-0.737508737051909,1.22459298388913,-1.34147440207727,0.180438745943243,0.31780716904046,0.0675649386032631,0.507013405506412
"3148","7803","1","0","1","2",0,0.0669775639268432,-0.948904038802791,-1.01890877283321,-0.737508737051909,-1.22459298388913,-0.447158134025757,0.25261424432054,0.31780716904046,0.0675649386032631,0.507013405506412
"3149","7803","1","0","1","2",0,0.0669775639268432,-0.948904038802791,-1.01890877283321,-0.737508737051909,0,-0.447158134025757,0.324789742697837,0.31780716904046,0.0675649386032631,0.507013405506412
"3150","7803","0","0","1","2",0,0.0669775639268432,-0.948904038802791,-1.01890877283321,-0.737508737051909,1.22459298388913,-0.447158134025757,0.396965241075134,0.31780716904046,0.0675649386032631,0.507013405506412
"3151","7803","1","0","1","2",0,0.0669775639268432,-0.948904038802791,-1.01890877283321,-0.737508737051909,-1.22459298388913,0.447158134025757,0.469140739452431,0.31780716904046,0.0675649386032631,0.507013405506412
"3152","7803","1","0","1","2",0,0.0669775639268432,-0.948904038802791,-1.01890877283321,-0.737508737051909,0,0.447158134025757,0.541316237829728,0.31780716904046,0.0675649386032631,0.507013405506412
"3153","7803","0","0","1","2",0,0.0669775639268432,-0.948904038802791,-1.01890877283321,-0.737508737051909,1.22459298388913,0.447158134025757,0.613491736207025,0.31780716904046,0.0675649386032631,0.507013405506412
"3154","7803","0","0","1","2",0,0.0669775639268432,-0.948904038802791,-1.01890877283321,-0.737508737051909,-1.22459298388913,1.34147440207727,0.685667234584322,0.31780716904046,0.0675649386032631,0.507013405506412
"3155","7803","0","0","1","2",0,0.0669775639268432,-0.948904038802791,-1.01890877283321,-0.737508737051909,0,1.34147440207727,0.757842732961619,0.31780716904046,0.0675649386032631,0.507013405506412
"3156","7803","1","0","1","2",0,0.0669775639268432,-0.948904038802791,-1.01890877283321,-0.737508737051909,1.22459298388913,1.34147440207727,0.830018231338916,0.31780716904046,0.0675649386032631,0.507013405506412
"3157","7803","0","0","1","2",0,0.0669775639268432,-0.948904038802791,-1.01890877283321,-0.737508737051909,-1.22459298388913,-1.34147440207727,0.902193729716213,0.31780716904046,0.0675649386032631,0.507013405506412
"3158","7803","1","0","1","2",0,0.0669775639268432,-0.948904038802791,-1.01890877283321,-0.737508737051909,0,-1.34147440207727,0.97436922809351,0.31780716904046,0.0675649386032631,0.507013405506412
"3159","7803","1","0","1","2",0,0.0669775639268432,-0.948904038802791,-1.01890877283321,-0.737508737051909,1.22459298388913,-1.34147440207727,1.04654472647081,0.31780716904046,0.0675649386032631,0.507013405506412
"3160","7803","1","0","1","2",0,0.0669775639268432,-0.948904038802791,-1.01890877283321,-0.737508737051909,-1.22459298388913,-0.447158134025757,1.1187202248481,0.31780716904046,0.0675649386032631,0.507013405506412
"3161","7803","0","0","1","2",0,0.0669775639268432,-0.948904038802791,-1.01890877283321,-0.737508737051909,0,-0.447158134025757,1.1908957232254,0.31780716904046,0.0675649386032631,0.507013405506412
"3162","7803","1","0","1","2",0,0.0669775639268432,-0.948904038802791,-1.01890877283321,-0.737508737051909,1.22459298388913,-0.447158134025757,1.2630712216027,0.31780716904046,0.0675649386032631,0.507013405506412
"3163","7803","0","0","1","2",0,0.0669775639268432,-0.948904038802791,-1.01890877283321,-0.737508737051909,-1.22459298388913,0.447158134025757,1.33524671998,0.31780716904046,0.0675649386032631,0.507013405506412
"3164","7803","1","0","1","2",0,0.0669775639268432,-0.948904038802791,-1.01890877283321,-0.737508737051909,0,0.447158134025757,1.40742221835729,0.31780716904046,0.0675649386032631,0.507013405506412
"3165","7803","0","0","1","2",0,0.0669775639268432,-0.948904038802791,-1.01890877283321,-0.737508737051909,1.22459298388913,0.447158134025757,1.47959771673459,0.31780716904046,0.0675649386032631,0.507013405506412
"3166","7803","0","0","1","2",0,0.0669775639268432,-0.948904038802791,-1.01890877283321,-0.737508737051909,-1.22459298388913,1.34147440207727,1.55177321511189,0.31780716904046,0.0675649386032631,0.507013405506412
"3167","7803","0","0","1","2",0,0.0669775639268432,-0.948904038802791,-1.01890877283321,-0.737508737051909,0,1.34147440207727,1.62394871348918,0.31780716904046,0.0675649386032631,0.507013405506412
"3168","7803","1","0","1","2",0,0.0669775639268432,-0.948904038802791,-1.01890877283321,-0.737508737051909,1.22459298388913,1.34147440207727,1.69612421186648,0.31780716904046,0.0675649386032631,0.507013405506412
"3169","7875","1","1","0","1",0,-0.517830468403387,0.501639346858359,1.23370036610847,-0.737508737051909,-1.22459298388913,-1.34147440207727,-1.69612421186648,-1.54252747900125,-1.283733833462,-1.21898967706861
"3170","7875","1","1","0","1",0,-0.517830468403387,0.501639346858359,1.23370036610847,-0.737508737051909,0,-1.34147440207727,-1.62394871348918,-1.54252747900125,-1.283733833462,-1.21898967706861
"3171","7875","1","1","0","1",0,-0.517830468403387,0.501639346858359,1.23370036610847,-0.737508737051909,1.22459298388913,-1.34147440207727,-1.55177321511189,-1.54252747900125,-1.283733833462,-1.21898967706861
"3172","7875","1","1","0","1",0,-0.517830468403387,0.501639346858359,1.23370036610847,-0.737508737051909,-1.22459298388913,-0.447158134025757,-1.47959771673459,-1.54252747900125,-1.283733833462,-1.21898967706861
"3173","7875","1","1","0","1",0,-0.517830468403387,0.501639346858359,1.23370036610847,-0.737508737051909,0,-0.447158134025757,-1.40742221835729,-1.54252747900125,-1.283733833462,-1.21898967706861
"3174","7875","1","1","0","1",0,-0.517830468403387,0.501639346858359,1.23370036610847,-0.737508737051909,1.22459298388913,-0.447158134025757,-1.33524671998,-1.54252747900125,-1.283733833462,-1.21898967706861
"3175","7875","1","1","0","1",0,-0.517830468403387,0.501639346858359,1.23370036610847,-0.737508737051909,-1.22459298388913,0.447158134025757,-1.2630712216027,-1.54252747900125,-1.283733833462,-1.21898967706861
"3176","7875","1","1","0","1",0,-0.517830468403387,0.501639346858359,1.23370036610847,-0.737508737051909,0,0.447158134025757,-1.1908957232254,-1.54252747900125,-1.283733833462,-1.21898967706861
"3177","7875","1","1","0","1",0,-0.517830468403387,0.501639346858359,1.23370036610847,-0.737508737051909,1.22459298388913,0.447158134025757,-1.1187202248481,-1.54252747900125,-1.283733833462,-1.21898967706861
"3178","7875","1","1","0","1",0,-0.517830468403387,0.501639346858359,1.23370036610847,-0.737508737051909,-1.22459298388913,1.34147440207727,-1.04654472647081,-1.54252747900125,-1.283733833462,-1.21898967706861
"3179","7875","1","1","0","1",0,-0.517830468403387,0.501639346858359,1.23370036610847,-0.737508737051909,0,1.34147440207727,-0.97436922809351,-1.54252747900125,-1.283733833462,-1.21898967706861
"3180","7875","1","1","0","1",0,-0.517830468403387,0.501639346858359,1.23370036610847,-0.737508737051909,1.22459298388913,1.34147440207727,-0.902193729716213,-1.54252747900125,-1.283733833462,-1.21898967706861
"3181","7875","1","1","0","1",1,-0.517830468403387,0.501639346858359,1.23370036610847,-0.737508737051909,-1.22459298388913,-1.34147440207727,-0.830018231338916,-1.54252747900125,-1.283733833462,-1.21898967706861
"3182","7875","1","1","0","1",0,-0.517830468403387,0.501639346858359,1.23370036610847,-0.737508737051909,0,-1.34147440207727,-0.757842732961619,-1.54252747900125,-1.283733833462,-1.21898967706861
"3183","7875","1","1","0","1",0,-0.517830468403387,0.501639346858359,1.23370036610847,-0.737508737051909,1.22459298388913,-1.34147440207727,-0.685667234584322,-1.54252747900125,-1.283733833462,-1.21898967706861
"3184","7875","1","1","0","1",0,-0.517830468403387,0.501639346858359,1.23370036610847,-0.737508737051909,-1.22459298388913,-0.447158134025757,-0.613491736207025,-1.54252747900125,-1.283733833462,-1.21898967706861
"3185","7875","1","1","0","1",0,-0.517830468403387,0.501639346858359,1.23370036610847,-0.737508737051909,0,-0.447158134025757,-0.541316237829728,-1.54252747900125,-1.283733833462,-1.21898967706861
"3186","7875","1","1","0","1",0,-0.517830468403387,0.501639346858359,1.23370036610847,-0.737508737051909,1.22459298388913,-0.447158134025757,-0.469140739452431,-1.54252747900125,-1.283733833462,-1.21898967706861
"3187","7875","1","1","0","1",1,-0.517830468403387,0.501639346858359,1.23370036610847,-0.737508737051909,-1.22459298388913,0.447158134025757,-0.396965241075134,-1.54252747900125,-1.283733833462,-1.21898967706861
"3188","7875","1","1","0","1",0,-0.517830468403387,0.501639346858359,1.23370036610847,-0.737508737051909,0,0.447158134025757,-0.324789742697837,-1.54252747900125,-1.283733833462,-1.21898967706861
"3189","7875","1","1","0","1",0,-0.517830468403387,0.501639346858359,1.23370036610847,-0.737508737051909,1.22459298388913,0.447158134025757,-0.25261424432054,-1.54252747900125,-1.283733833462,-1.21898967706861
"3190","7875","1","1","0","1",0,-0.517830468403387,0.501639346858359,1.23370036610847,-0.737508737051909,-1.22459298388913,1.34147440207727,-0.180438745943243,-1.54252747900125,-1.283733833462,-1.21898967706861
"3191","7875","1","1","0","1",0,-0.517830468403387,0.501639346858359,1.23370036610847,-0.737508737051909,0,1.34147440207727,-0.108263247565946,-1.54252747900125,-1.283733833462,-1.21898967706861
"3192","7875","1","1","0","1",1,-0.517830468403387,0.501639346858359,1.23370036610847,-0.737508737051909,1.22459298388913,1.34147440207727,-0.0360877491886485,-1.54252747900125,-1.283733833462,-1.21898967706861
"3194","7875","1","1","1","1",0,-0.517830468403387,0.501639346858359,1.23370036610847,-0.737508737051909,0,-1.34147440207727,0.108263247565946,-1.54252747900125,-1.283733833462,-1.21898967706861
"3195","7875","1","1","1","1",0,-0.517830468403387,0.501639346858359,1.23370036610847,-0.737508737051909,1.22459298388913,-1.34147440207727,0.180438745943243,-1.54252747900125,-1.283733833462,-1.21898967706861
"3196","7875","1","1","1","1",0,-0.517830468403387,0.501639346858359,1.23370036610847,-0.737508737051909,-1.22459298388913,-0.447158134025757,0.25261424432054,-1.54252747900125,-1.283733833462,-1.21898967706861
"3197","7875","1","1","1","1",0,-0.517830468403387,0.501639346858359,1.23370036610847,-0.737508737051909,0,-0.447158134025757,0.324789742697837,-1.54252747900125,-1.283733833462,-1.21898967706861
"3198","7875","1","1","1","1",0,-0.517830468403387,0.501639346858359,1.23370036610847,-0.737508737051909,1.22459298388913,-0.447158134025757,0.396965241075134,-1.54252747900125,-1.283733833462,-1.21898967706861
"3200","7875","1","1","1","1",0,-0.517830468403387,0.501639346858359,1.23370036610847,-0.737508737051909,0,0.447158134025757,0.541316237829728,-1.54252747900125,-1.283733833462,-1.21898967706861
"3201","7875","1","1","1","1",0,-0.517830468403387,0.501639346858359,1.23370036610847,-0.737508737051909,1.22459298388913,0.447158134025757,0.613491736207025,-1.54252747900125,-1.283733833462,-1.21898967706861
"3202","7875","1","1","1","1",0,-0.517830468403387,0.501639346858359,1.23370036610847,-0.737508737051909,-1.22459298388913,1.34147440207727,0.685667234584322,-1.54252747900125,-1.283733833462,-1.21898967706861
"3203","7875","1","1","1","1",0,-0.517830468403387,0.501639346858359,1.23370036610847,-0.737508737051909,0,1.34147440207727,0.757842732961619,-1.54252747900125,-1.283733833462,-1.21898967706861
"3205","7875","1","1","1","1",0,-0.517830468403387,0.501639346858359,1.23370036610847,-0.737508737051909,-1.22459298388913,-1.34147440207727,0.902193729716213,-1.54252747900125,-1.283733833462,-1.21898967706861
"3206","7875","1","1","1","1",0,-0.517830468403387,0.501639346858359,1.23370036610847,-0.737508737051909,0,-1.34147440207727,0.97436922809351,-1.54252747900125,-1.283733833462,-1.21898967706861
"3207","7875","1","1","1","1",0,-0.517830468403387,0.501639346858359,1.23370036610847,-0.737508737051909,1.22459298388913,-1.34147440207727,1.04654472647081,-1.54252747900125,-1.283733833462,-1.21898967706861
"3208","7875","1","1","1","1",0,-0.517830468403387,0.501639346858359,1.23370036610847,-0.737508737051909,-1.22459298388913,-0.447158134025757,1.1187202248481,-1.54252747900125,-1.283733833462,-1.21898967706861
"3209","7875","1","1","1","1",0,-0.517830468403387,0.501639346858359,1.23370036610847,-0.737508737051909,0,-0.447158134025757,1.1908957232254,-1.54252747900125,-1.283733833462,-1.21898967706861
"3210","7875","1","1","1","1",0,-0.517830468403387,0.501639346858359,1.23370036610847,-0.737508737051909,1.22459298388913,-0.447158134025757,1.2630712216027,-1.54252747900125,-1.283733833462,-1.21898967706861
"3211","7875","1","1","1","1",0,-0.517830468403387,0.501639346858359,1.23370036610847,-0.737508737051909,-1.22459298388913,0.447158134025757,1.33524671998,-1.54252747900125,-1.283733833462,-1.21898967706861
"3212","7875","1","1","1","1",0,-0.517830468403387,0.501639346858359,1.23370036610847,-0.737508737051909,0,0.447158134025757,1.40742221835729,-1.54252747900125,-1.283733833462,-1.21898967706861
"3213","7875","1","1","1","1",0,-0.517830468403387,0.501639346858359,1.23370036610847,-0.737508737051909,1.22459298388913,0.447158134025757,1.47959771673459,-1.54252747900125,-1.283733833462,-1.21898967706861
"3214","7875","1","1","1","1",0,-0.517830468403387,0.501639346858359,1.23370036610847,-0.737508737051909,-1.22459298388913,1.34147440207727,1.55177321511189,-1.54252747900125,-1.283733833462,-1.21898967706861
"3216","7875","1","1","1","1",0,-0.517830468403387,0.501639346858359,1.23370036610847,-0.737508737051909,1.22459298388913,1.34147440207727,1.69612421186648,-1.54252747900125,-1.283733833462,-1.21898967706861
"3217","7927","1","0","0","1",0,0.971218555092913,-0.444114940592711,0.106720149025474,-0.0849509912336239,-1.22459298388913,-1.34147440207727,-1.69612421186648,-0.302304380306779,0.0675649386032631,-0.355988135781098
"3218","7927","1","0","0","1",0,0.971218555092913,-0.444114940592711,0.106720149025474,-0.0849509912336239,0,-1.34147440207727,-1.62394871348918,-0.302304380306779,0.0675649386032631,-0.355988135781098
"3219","7927","1","0","0","1",0,0.971218555092913,-0.444114940592711,0.106720149025474,-0.0849509912336239,1.22459298388913,-1.34147440207727,-1.55177321511189,-0.302304380306779,0.0675649386032631,-0.355988135781098
"3220","7927","1","0","0","1",0,0.971218555092913,-0.444114940592711,0.106720149025474,-0.0849509912336239,-1.22459298388913,-0.447158134025757,-1.47959771673459,-0.302304380306779,0.0675649386032631,-0.355988135781098
"3221","7927","1","0","0","1",0,0.971218555092913,-0.444114940592711,0.106720149025474,-0.0849509912336239,0,-0.447158134025757,-1.40742221835729,-0.302304380306779,0.0675649386032631,-0.355988135781098
"3222","7927","1","0","0","1",0,0.971218555092913,-0.444114940592711,0.106720149025474,-0.0849509912336239,1.22459298388913,-0.447158134025757,-1.33524671998,-0.302304380306779,0.0675649386032631,-0.355988135781098
"3223","7927","1","0","0","1",0,0.971218555092913,-0.444114940592711,0.106720149025474,-0.0849509912336239,-1.22459298388913,0.447158134025757,-1.2630712216027,-0.302304380306779,0.0675649386032631,-0.355988135781098
"3224","7927","1","0","0","1",0,0.971218555092913,-0.444114940592711,0.106720149025474,-0.0849509912336239,0,0.447158134025757,-1.1908957232254,-0.302304380306779,0.0675649386032631,-0.355988135781098
"3225","7927","1","0","0","1",0,0.971218555092913,-0.444114940592711,0.106720149025474,-0.0849509912336239,1.22459298388913,0.447158134025757,-1.1187202248481,-0.302304380306779,0.0675649386032631,-0.355988135781098
"3226","7927","1","0","0","1",0,0.971218555092913,-0.444114940592711,0.106720149025474,-0.0849509912336239,-1.22459298388913,1.34147440207727,-1.04654472647081,-0.302304380306779,0.0675649386032631,-0.355988135781098
"3227","7927","1","0","0","1",0,0.971218555092913,-0.444114940592711,0.106720149025474,-0.0849509912336239,0,1.34147440207727,-0.97436922809351,-0.302304380306779,0.0675649386032631,-0.355988135781098
"3228","7927","1","0","0","1",0,0.971218555092913,-0.444114940592711,0.106720149025474,-0.0849509912336239,1.22459298388913,1.34147440207727,-0.902193729716213,-0.302304380306779,0.0675649386032631,-0.355988135781098
"3229","7927","1","0","0","1",0,0.971218555092913,-0.444114940592711,0.106720149025474,-0.0849509912336239,-1.22459298388913,-1.34147440207727,-0.830018231338916,-0.302304380306779,0.0675649386032631,-0.355988135781098
"3230","7927","1","0","0","1",0,0.971218555092913,-0.444114940592711,0.106720149025474,-0.0849509912336239,0,-1.34147440207727,-0.757842732961619,-0.302304380306779,0.0675649386032631,-0.355988135781098
"3231","7927","1","0","0","1",0,0.971218555092913,-0.444114940592711,0.106720149025474,-0.0849509912336239,1.22459298388913,-1.34147440207727,-0.685667234584322,-0.302304380306779,0.0675649386032631,-0.355988135781098
"3232","7927","1","0","0","1",0,0.971218555092913,-0.444114940592711,0.106720149025474,-0.0849509912336239,-1.22459298388913,-0.447158134025757,-0.613491736207025,-0.302304380306779,0.0675649386032631,-0.355988135781098
"3233","7927","1","0","0","1",0,0.971218555092913,-0.444114940592711,0.106720149025474,-0.0849509912336239,0,-0.447158134025757,-0.541316237829728,-0.302304380306779,0.0675649386032631,-0.355988135781098
"3234","7927","1","0","0","1",0,0.971218555092913,-0.444114940592711,0.106720149025474,-0.0849509912336239,1.22459298388913,-0.447158134025757,-0.469140739452431,-0.302304380306779,0.0675649386032631,-0.355988135781098
"3235","7927","1","0","0","1",0,0.971218555092913,-0.444114940592711,0.106720149025474,-0.0849509912336239,-1.22459298388913,0.447158134025757,-0.396965241075134,-0.302304380306779,0.0675649386032631,-0.355988135781098
"3237","7927","1","0","0","1",0,0.971218555092913,-0.444114940592711,0.106720149025474,-0.0849509912336239,1.22459298388913,0.447158134025757,-0.25261424432054,-0.302304380306779,0.0675649386032631,-0.355988135781098
"3238","7927","1","0","0","1",1,0.971218555092913,-0.444114940592711,0.106720149025474,-0.0849509912336239,-1.22459298388913,1.34147440207727,-0.180438745943243,-0.302304380306779,0.0675649386032631,-0.355988135781098
"3239","7927","1","0","0","1",0,0.971218555092913,-0.444114940592711,0.106720149025474,-0.0849509912336239,0,1.34147440207727,-0.108263247565946,-0.302304380306779,0.0675649386032631,-0.355988135781098
"3240","7927","1","0","0","1",0,0.971218555092913,-0.444114940592711,0.106720149025474,-0.0849509912336239,1.22459298388913,1.34147440207727,-0.0360877491886485,-0.302304380306779,0.0675649386032631,-0.355988135781098
"3241","7927","1","0","1","1",0,0.971218555092913,-0.444114940592711,0.106720149025474,-0.0849509912336239,-1.22459298388913,-1.34147440207727,0.0360877491886485,-0.302304380306779,0.0675649386032631,-0.355988135781098
"3242","7927","1","0","1","1",0,0.971218555092913,-0.444114940592711,0.106720149025474,-0.0849509912336239,0,-1.34147440207727,0.108263247565946,-0.302304380306779,0.0675649386032631,-0.355988135781098
"3243","7927","1","0","1","1",0,0.971218555092913,-0.444114940592711,0.106720149025474,-0.0849509912336239,1.22459298388913,-1.34147440207727,0.180438745943243,-0.302304380306779,0.0675649386032631,-0.355988135781098
"3244","7927","1","0","1","1",0,0.971218555092913,-0.444114940592711,0.106720149025474,-0.0849509912336239,-1.22459298388913,-0.447158134025757,0.25261424432054,-0.302304380306779,0.0675649386032631,-0.355988135781098
"3245","7927","1","0","1","1",0,0.971218555092913,-0.444114940592711,0.106720149025474,-0.0849509912336239,0,-0.447158134025757,0.324789742697837,-0.302304380306779,0.0675649386032631,-0.355988135781098
"3246","7927","1","0","1","1",0,0.971218555092913,-0.444114940592711,0.106720149025474,-0.0849509912336239,1.22459298388913,-0.447158134025757,0.396965241075134,-0.302304380306779,0.0675649386032631,-0.355988135781098
"3247","7927","1","0","1","1",0,0.971218555092913,-0.444114940592711,0.106720149025474,-0.0849509912336239,-1.22459298388913,0.447158134025757,0.469140739452431,-0.302304380306779,0.0675649386032631,-0.355988135781098
"3248","7927","1","0","1","1",1,0.971218555092913,-0.444114940592711,0.106720149025474,-0.0849509912336239,0,0.447158134025757,0.541316237829728,-0.302304380306779,0.0675649386032631,-0.355988135781098
"3249","7927","1","0","1","1",0,0.971218555092913,-0.444114940592711,0.106720149025474,-0.0849509912336239,1.22459298388913,0.447158134025757,0.613491736207025,-0.302304380306779,0.0675649386032631,-0.355988135781098
"3251","7927","1","0","1","1",1,0.971218555092913,-0.444114940592711,0.106720149025474,-0.0849509912336239,0,1.34147440207727,0.757842732961619,-0.302304380306779,0.0675649386032631,-0.355988135781098
"3252","7927","1","0","1","1",0,0.971218555092913,-0.444114940592711,0.106720149025474,-0.0849509912336239,1.22459298388913,1.34147440207727,0.830018231338916,-0.302304380306779,0.0675649386032631,-0.355988135781098
"3253","7927","1","0","1","1",0,0.971218555092913,-0.444114940592711,0.106720149025474,-0.0849509912336239,-1.22459298388913,-1.34147440207727,0.902193729716213,-0.302304380306779,0.0675649386032631,-0.355988135781098
"3254","7927","1","0","1","1",0,0.971218555092913,-0.444114940592711,0.106720149025474,-0.0849509912336239,0,-1.34147440207727,0.97436922809351,-0.302304380306779,0.0675649386032631,-0.355988135781098
"3255","7927","1","0","1","1",0,0.971218555092913,-0.444114940592711,0.106720149025474,-0.0849509912336239,1.22459298388913,-1.34147440207727,1.04654472647081,-0.302304380306779,0.0675649386032631,-0.355988135781098
"3256","7927","1","0","1","1",0,0.971218555092913,-0.444114940592711,0.106720149025474,-0.0849509912336239,-1.22459298388913,-0.447158134025757,1.1187202248481,-0.302304380306779,0.0675649386032631,-0.355988135781098
"3258","7927","1","0","1","1",0,0.971218555092913,-0.444114940592711,0.106720149025474,-0.0849509912336239,1.22459298388913,-0.447158134025757,1.2630712216027,-0.302304380306779,0.0675649386032631,-0.355988135781098
"3259","7927","1","0","1","1",0,0.971218555092913,-0.444114940592711,0.106720149025474,-0.0849509912336239,-1.22459298388913,0.447158134025757,1.33524671998,-0.302304380306779,0.0675649386032631,-0.355988135781098
"3260","7927","1","0","1","1",0,0.971218555092913,-0.444114940592711,0.106720149025474,-0.0849509912336239,0,0.447158134025757,1.40742221835729,-0.302304380306779,0.0675649386032631,-0.355988135781098
"3261","7927","1","0","1","1",0,0.971218555092913,-0.444114940592711,0.106720149025474,-0.0849509912336239,1.22459298388913,0.447158134025757,1.47959771673459,-0.302304380306779,0.0675649386032631,-0.355988135781098
"3262","7927","1","0","1","1",1,0.971218555092913,-0.444114940592711,0.106720149025474,-0.0849509912336239,-1.22459298388913,1.34147440207727,1.55177321511189,-0.302304380306779,0.0675649386032631,-0.355988135781098
"3263","7927","1","0","1","1",1,0.971218555092913,-0.444114940592711,0.106720149025474,-0.0849509912336239,0,1.34147440207727,1.62394871348918,-0.302304380306779,0.0675649386032631,-0.355988135781098
"3264","7927","1","0","1","1",0,0.971218555092913,-0.444114940592711,0.106720149025474,-0.0849509912336239,1.22459298388913,1.34147440207727,1.69612421186648,-0.302304380306779,0.0675649386032631,-0.355988135781098
"3265","7937","1","1","0","1",0,0.261913574703587,-0.948904038802791,-0.455418664291706,0.566041867904042,-1.22459298388913,-1.34147440207727,-1.69612421186648,-1.54252747900125,-1.283733833462,-1.21898967706861
"3266","7937","1","1","0","1",0,0.261913574703587,-0.948904038802791,-0.455418664291706,0.566041867904042,0,-1.34147440207727,-1.62394871348918,-1.54252747900125,-1.283733833462,-1.21898967706861
"3267","7937","1","1","0","1",0,0.261913574703587,-0.948904038802791,-0.455418664291706,0.566041867904042,1.22459298388913,-1.34147440207727,-1.55177321511189,-1.54252747900125,-1.283733833462,-1.21898967706861
"3268","7937","1","1","0","1",0,0.261913574703587,-0.948904038802791,-0.455418664291706,0.566041867904042,-1.22459298388913,-0.447158134025757,-1.47959771673459,-1.54252747900125,-1.283733833462,-1.21898967706861
"3269","7937","1","1","0","1",0,0.261913574703587,-0.948904038802791,-0.455418664291706,0.566041867904042,0,-0.447158134025757,-1.40742221835729,-1.54252747900125,-1.283733833462,-1.21898967706861
"3270","7937","1","1","0","1",0,0.261913574703587,-0.948904038802791,-0.455418664291706,0.566041867904042,1.22459298388913,-0.447158134025757,-1.33524671998,-1.54252747900125,-1.283733833462,-1.21898967706861
"3272","7937","1","1","0","1",0,0.261913574703587,-0.948904038802791,-0.455418664291706,0.566041867904042,0,0.447158134025757,-1.1908957232254,-1.54252747900125,-1.283733833462,-1.21898967706861
"3273","7937","1","1","0","1",0,0.261913574703587,-0.948904038802791,-0.455418664291706,0.566041867904042,1.22459298388913,0.447158134025757,-1.1187202248481,-1.54252747900125,-1.283733833462,-1.21898967706861
"3274","7937","1","1","0","1",0,0.261913574703587,-0.948904038802791,-0.455418664291706,0.566041867904042,-1.22459298388913,1.34147440207727,-1.04654472647081,-1.54252747900125,-1.283733833462,-1.21898967706861
"3275","7937","1","1","0","1",0,0.261913574703587,-0.948904038802791,-0.455418664291706,0.566041867904042,0,1.34147440207727,-0.97436922809351,-1.54252747900125,-1.283733833462,-1.21898967706861
"3276","7937","1","1","0","1",0,0.261913574703587,-0.948904038802791,-0.455418664291706,0.566041867904042,1.22459298388913,1.34147440207727,-0.902193729716213,-1.54252747900125,-1.283733833462,-1.21898967706861
"3278","7937","1","1","0","1",0,0.261913574703587,-0.948904038802791,-0.455418664291706,0.566041867904042,0,-1.34147440207727,-0.757842732961619,-1.54252747900125,-1.283733833462,-1.21898967706861
"3279","7937","1","1","0","1",0,0.261913574703587,-0.948904038802791,-0.455418664291706,0.566041867904042,1.22459298388913,-1.34147440207727,-0.685667234584322,-1.54252747900125,-1.283733833462,-1.21898967706861
"3280","7937","1","1","0","1",0,0.261913574703587,-0.948904038802791,-0.455418664291706,0.566041867904042,-1.22459298388913,-0.447158134025757,-0.613491736207025,-1.54252747900125,-1.283733833462,-1.21898967706861
"3281","7937","1","1","0","1",0,0.261913574703587,-0.948904038802791,-0.455418664291706,0.566041867904042,0,-0.447158134025757,-0.541316237829728,-1.54252747900125,-1.283733833462,-1.21898967706861
"3282","7937","1","1","0","1",0,0.261913574703587,-0.948904038802791,-0.455418664291706,0.566041867904042,1.22459298388913,-0.447158134025757,-0.469140739452431,-1.54252747900125,-1.283733833462,-1.21898967706861
"3283","7937","1","1","0","1",0,0.261913574703587,-0.948904038802791,-0.455418664291706,0.566041867904042,-1.22459298388913,0.447158134025757,-0.396965241075134,-1.54252747900125,-1.283733833462,-1.21898967706861
"3284","7937","1","1","0","1",0,0.261913574703587,-0.948904038802791,-0.455418664291706,0.566041867904042,0,0.447158134025757,-0.324789742697837,-1.54252747900125,-1.283733833462,-1.21898967706861
"3285","7937","1","1","0","1",0,0.261913574703587,-0.948904038802791,-0.455418664291706,0.566041867904042,1.22459298388913,0.447158134025757,-0.25261424432054,-1.54252747900125,-1.283733833462,-1.21898967706861
"3286","7937","1","1","0","1",0,0.261913574703587,-0.948904038802791,-0.455418664291706,0.566041867904042,-1.22459298388913,1.34147440207727,-0.180438745943243,-1.54252747900125,-1.283733833462,-1.21898967706861
"3287","7937","1","1","0","1",0,0.261913574703587,-0.948904038802791,-0.455418664291706,0.566041867904042,0,1.34147440207727,-0.108263247565946,-1.54252747900125,-1.283733833462,-1.21898967706861
"3288","7937","1","1","0","1",0,0.261913574703587,-0.948904038802791,-0.455418664291706,0.566041867904042,1.22459298388913,1.34147440207727,-0.0360877491886485,-1.54252747900125,-1.283733833462,-1.21898967706861
"3289","7937","1","1","1","1",1,0.261913574703587,-0.948904038802791,-0.455418664291706,0.566041867904042,-1.22459298388913,-1.34147440207727,0.0360877491886485,-1.54252747900125,-1.283733833462,-1.21898967706861
"3290","7937","1","1","1","1",0,0.261913574703587,-0.948904038802791,-0.455418664291706,0.566041867904042,0,-1.34147440207727,0.108263247565946,-1.54252747900125,-1.283733833462,-1.21898967706861
"3291","7937","1","1","1","1",0,0.261913574703587,-0.948904038802791,-0.455418664291706,0.566041867904042,1.22459298388913,-1.34147440207727,0.180438745943243,-1.54252747900125,-1.283733833462,-1.21898967706861
"3292","7937","1","1","1","1",0,0.261913574703587,-0.948904038802791,-0.455418664291706,0.566041867904042,-1.22459298388913,-0.447158134025757,0.25261424432054,-1.54252747900125,-1.283733833462,-1.21898967706861
"3293","7937","1","1","1","1",0,0.261913574703587,-0.948904038802791,-0.455418664291706,0.566041867904042,0,-0.447158134025757,0.324789742697837,-1.54252747900125,-1.283733833462,-1.21898967706861
"3294","7937","1","1","1","1",0,0.261913574703587,-0.948904038802791,-0.455418664291706,0.566041867904042,1.22459298388913,-0.447158134025757,0.396965241075134,-1.54252747900125,-1.283733833462,-1.21898967706861
"3295","7937","1","1","1","1",0,0.261913574703587,-0.948904038802791,-0.455418664291706,0.566041867904042,-1.22459298388913,0.447158134025757,0.469140739452431,-1.54252747900125,-1.283733833462,-1.21898967706861
"3296","7937","1","1","1","1",0,0.261913574703587,-0.948904038802791,-0.455418664291706,0.566041867904042,0,0.447158134025757,0.541316237829728,-1.54252747900125,-1.283733833462,-1.21898967706861
"3297","7937","1","1","1","1",0,0.261913574703587,-0.948904038802791,-0.455418664291706,0.566041867904042,1.22459298388913,0.447158134025757,0.613491736207025,-1.54252747900125,-1.283733833462,-1.21898967706861
"3298","7937","1","1","1","1",0,0.261913574703587,-0.948904038802791,-0.455418664291706,0.566041867904042,-1.22459298388913,1.34147440207727,0.685667234584322,-1.54252747900125,-1.283733833462,-1.21898967706861
"3299","7937","1","1","1","1",0,0.261913574703587,-0.948904038802791,-0.455418664291706,0.566041867904042,0,1.34147440207727,0.757842732961619,-1.54252747900125,-1.283733833462,-1.21898967706861
"3300","7937","1","1","1","1",0,0.261913574703587,-0.948904038802791,-0.455418664291706,0.566041867904042,1.22459298388913,1.34147440207727,0.830018231338916,-1.54252747900125,-1.283733833462,-1.21898967706861
"3301","7937","0","1","1","1",0,0.261913574703587,-0.948904038802791,-0.455418664291706,0.566041867904042,-1.22459298388913,-1.34147440207727,0.902193729716213,-1.54252747900125,-1.283733833462,-1.21898967706861
"3302","7937","0","1","1","1",0,0.261913574703587,-0.948904038802791,-0.455418664291706,0.566041867904042,0,-1.34147440207727,0.97436922809351,-1.54252747900125,-1.283733833462,-1.21898967706861
"3304","7937","1","1","1","1",1,0.261913574703587,-0.948904038802791,-0.455418664291706,0.566041867904042,-1.22459298388913,-0.447158134025757,1.1187202248481,-1.54252747900125,-1.283733833462,-1.21898967706861
"3305","7937","1","1","1","1",0,0.261913574703587,-0.948904038802791,-0.455418664291706,0.566041867904042,0,-0.447158134025757,1.1908957232254,-1.54252747900125,-1.283733833462,-1.21898967706861
"3306","7937","1","1","1","1",0,0.261913574703587,-0.948904038802791,-0.455418664291706,0.566041867904042,1.22459298388913,-0.447158134025757,1.2630712216027,-1.54252747900125,-1.283733833462,-1.21898967706861
"3307","7937","1","1","1","1",0,0.261913574703587,-0.948904038802791,-0.455418664291706,0.566041867904042,-1.22459298388913,0.447158134025757,1.33524671998,-1.54252747900125,-1.283733833462,-1.21898967706861
"3308","7937","1","1","1","1",0,0.261913574703587,-0.948904038802791,-0.455418664291706,0.566041867904042,0,0.447158134025757,1.40742221835729,-1.54252747900125,-1.283733833462,-1.21898967706861
"3309","7937","1","1","1","1",0,0.261913574703587,-0.948904038802791,-0.455418664291706,0.566041867904042,1.22459298388913,0.447158134025757,1.47959771673459,-1.54252747900125,-1.283733833462,-1.21898967706861
"3310","7937","1","1","1","1",0,0.261913574703587,-0.948904038802791,-0.455418664291706,0.566041867904042,-1.22459298388913,1.34147440207727,1.55177321511189,-1.54252747900125,-1.283733833462,-1.21898967706861
"3311","7937","1","1","1","1",0,0.261913574703587,-0.948904038802791,-0.455418664291706,0.566041867904042,0,1.34147440207727,1.62394871348918,-1.54252747900125,-1.283733833462,-1.21898967706861
"3312","7937","1","1","1","1",0,0.261913574703587,-0.948904038802791,-0.455418664291706,0.566041867904042,1.22459298388913,1.34147440207727,1.69612421186648,-1.54252747900125,-1.283733833462,-1.21898967706861
"3313","8228","1","1","0","1",0,-0.517830468403387,-0.948904038802791,-1.01890877283321,-0.737508737051909,-1.22459298388913,-1.34147440207727,-1.69612421186648,-0.922415929654017,-1.283733833462,-1.21898967706861
"3314","8228","0","1","0","1",0,-0.517830468403387,-0.948904038802791,-1.01890877283321,-0.737508737051909,0,-1.34147440207727,-1.62394871348918,-0.922415929654017,-1.283733833462,-1.21898967706861
"3315","8228","1","1","0","1",0,-0.517830468403387,-0.948904038802791,-1.01890877283321,-0.737508737051909,1.22459298388913,-1.34147440207727,-1.55177321511189,-0.922415929654017,-1.283733833462,-1.21898967706861
"3316","8228","1","1","0","1",0,-0.517830468403387,-0.948904038802791,-1.01890877283321,-0.737508737051909,-1.22459298388913,-0.447158134025757,-1.47959771673459,-0.922415929654017,-1.283733833462,-1.21898967706861
"3317","8228","1","1","0","1",0,-0.517830468403387,-0.948904038802791,-1.01890877283321,-0.737508737051909,0,-0.447158134025757,-1.40742221835729,-0.922415929654017,-1.283733833462,-1.21898967706861
"3318","8228","0","1","0","1",0,-0.517830468403387,-0.948904038802791,-1.01890877283321,-0.737508737051909,1.22459298388913,-0.447158134025757,-1.33524671998,-0.922415929654017,-1.283733833462,-1.21898967706861
"3319","8228","1","1","0","1",0,-0.517830468403387,-0.948904038802791,-1.01890877283321,-0.737508737051909,-1.22459298388913,0.447158134025757,-1.2630712216027,-0.922415929654017,-1.283733833462,-1.21898967706861
"3320","8228","1","1","0","1",0,-0.517830468403387,-0.948904038802791,-1.01890877283321,-0.737508737051909,0,0.447158134025757,-1.1908957232254,-0.922415929654017,-1.283733833462,-1.21898967706861
"3321","8228","1","1","0","1",0,-0.517830468403387,-0.948904038802791,-1.01890877283321,-0.737508737051909,1.22459298388913,0.447158134025757,-1.1187202248481,-0.922415929654017,-1.283733833462,-1.21898967706861
"3322","8228","1","1","0","1",0,-0.517830468403387,-0.948904038802791,-1.01890877283321,-0.737508737051909,-1.22459298388913,1.34147440207727,-1.04654472647081,-0.922415929654017,-1.283733833462,-1.21898967706861
"3323","8228","1","1","0","1",0,-0.517830468403387,-0.948904038802791,-1.01890877283321,-0.737508737051909,0,1.34147440207727,-0.97436922809351,-0.922415929654017,-1.283733833462,-1.21898967706861
"3324","8228","1","1","0","1",0,-0.517830468403387,-0.948904038802791,-1.01890877283321,-0.737508737051909,1.22459298388913,1.34147440207727,-0.902193729716213,-0.922415929654017,-1.283733833462,-1.21898967706861
"3325","8228","1","1","0","1",0,-0.517830468403387,-0.948904038802791,-1.01890877283321,-0.737508737051909,-1.22459298388913,-1.34147440207727,-0.830018231338916,-0.922415929654017,-1.283733833462,-1.21898967706861
"3326","8228","1","1","0","1",0,-0.517830468403387,-0.948904038802791,-1.01890877283321,-0.737508737051909,0,-1.34147440207727,-0.757842732961619,-0.922415929654017,-1.283733833462,-1.21898967706861
"3327","8228","1","1","0","1",0,-0.517830468403387,-0.948904038802791,-1.01890877283321,-0.737508737051909,1.22459298388913,-1.34147440207727,-0.685667234584322,-0.922415929654017,-1.283733833462,-1.21898967706861
"3328","8228","1","1","0","1",0,-0.517830468403387,-0.948904038802791,-1.01890877283321,-0.737508737051909,-1.22459298388913,-0.447158134025757,-0.613491736207025,-0.922415929654017,-1.283733833462,-1.21898967706861
"3329","8228","1","1","0","1",0,-0.517830468403387,-0.948904038802791,-1.01890877283321,-0.737508737051909,0,-0.447158134025757,-0.541316237829728,-0.922415929654017,-1.283733833462,-1.21898967706861
"3330","8228","1","1","0","1",0,-0.517830468403387,-0.948904038802791,-1.01890877283321,-0.737508737051909,1.22459298388913,-0.447158134025757,-0.469140739452431,-0.922415929654017,-1.283733833462,-1.21898967706861
"3331","8228","1","1","0","1",0,-0.517830468403387,-0.948904038802791,-1.01890877283321,-0.737508737051909,-1.22459298388913,0.447158134025757,-0.396965241075134,-0.922415929654017,-1.283733833462,-1.21898967706861
"3332","8228","1","1","0","1",0,-0.517830468403387,-0.948904038802791,-1.01890877283321,-0.737508737051909,0,0.447158134025757,-0.324789742697837,-0.922415929654017,-1.283733833462,-1.21898967706861
"3333","8228","1","1","0","1",0,-0.517830468403387,-0.948904038802791,-1.01890877283321,-0.737508737051909,1.22459298388913,0.447158134025757,-0.25261424432054,-0.922415929654017,-1.283733833462,-1.21898967706861
"3334","8228","0","1","0","1",0,-0.517830468403387,-0.948904038802791,-1.01890877283321,-0.737508737051909,-1.22459298388913,1.34147440207727,-0.180438745943243,-0.922415929654017,-1.283733833462,-1.21898967706861
"3335","8228","1","1","0","1",0,-0.517830468403387,-0.948904038802791,-1.01890877283321,-0.737508737051909,0,1.34147440207727,-0.108263247565946,-0.922415929654017,-1.283733833462,-1.21898967706861
"3336","8228","1","1","0","1",0,-0.517830468403387,-0.948904038802791,-1.01890877283321,-0.737508737051909,1.22459298388913,1.34147440207727,-0.0360877491886485,-0.922415929654017,-1.283733833462,-1.21898967706861
"3337","8228","1","1","1","1",0,-0.517830468403387,-0.948904038802791,-1.01890877283321,-0.737508737051909,-1.22459298388913,-1.34147440207727,0.0360877491886485,-0.922415929654017,-1.283733833462,-1.21898967706861
"3338","8228","1","1","1","1",0,-0.517830468403387,-0.948904038802791,-1.01890877283321,-0.737508737051909,0,-1.34147440207727,0.108263247565946,-0.922415929654017,-1.283733833462,-1.21898967706861
"3339","8228","1","1","1","1",0,-0.517830468403387,-0.948904038802791,-1.01890877283321,-0.737508737051909,1.22459298388913,-1.34147440207727,0.180438745943243,-0.922415929654017,-1.283733833462,-1.21898967706861
"3340","8228","0","1","1","1",0,-0.517830468403387,-0.948904038802791,-1.01890877283321,-0.737508737051909,-1.22459298388913,-0.447158134025757,0.25261424432054,-0.922415929654017,-1.283733833462,-1.21898967706861
"3341","8228","0","1","1","1",0,-0.517830468403387,-0.948904038802791,-1.01890877283321,-0.737508737051909,0,-0.447158134025757,0.324789742697837,-0.922415929654017,-1.283733833462,-1.21898967706861
"3342","8228","1","1","1","1",0,-0.517830468403387,-0.948904038802791,-1.01890877283321,-0.737508737051909,1.22459298388913,-0.447158134025757,0.396965241075134,-0.922415929654017,-1.283733833462,-1.21898967706861
"3343","8228","0","1","1","1",0,-0.517830468403387,-0.948904038802791,-1.01890877283321,-0.737508737051909,-1.22459298388913,0.447158134025757,0.469140739452431,-0.922415929654017,-1.283733833462,-1.21898967706861
"3344","8228","0","1","1","1",0,-0.517830468403387,-0.948904038802791,-1.01890877283321,-0.737508737051909,0,0.447158134025757,0.541316237829728,-0.922415929654017,-1.283733833462,-1.21898967706861
"3345","8228","0","1","1","1",0,-0.517830468403387,-0.948904038802791,-1.01890877283321,-0.737508737051909,1.22459298388913,0.447158134025757,0.613491736207025,-0.922415929654017,-1.283733833462,-1.21898967706861
"3346","8228","1","1","1","1",0,-0.517830468403387,-0.948904038802791,-1.01890877283321,-0.737508737051909,-1.22459298388913,1.34147440207727,0.685667234584322,-0.922415929654017,-1.283733833462,-1.21898967706861
"3347","8228","1","1","1","1",0,-0.517830468403387,-0.948904038802791,-1.01890877283321,-0.737508737051909,0,1.34147440207727,0.757842732961619,-0.922415929654017,-1.283733833462,-1.21898967706861
"3348","8228","0","1","1","1",0,-0.517830468403387,-0.948904038802791,-1.01890877283321,-0.737508737051909,1.22459298388913,1.34147440207727,0.830018231338916,-0.922415929654017,-1.283733833462,-1.21898967706861
"3349","8228","0","1","1","1",0,-0.517830468403387,-0.948904038802791,-1.01890877283321,-0.737508737051909,-1.22459298388913,-1.34147440207727,0.902193729716213,-0.922415929654017,-1.283733833462,-1.21898967706861
"3350","8228","1","1","1","1",0,-0.517830468403387,-0.948904038802791,-1.01890877283321,-0.737508737051909,0,-1.34147440207727,0.97436922809351,-0.922415929654017,-1.283733833462,-1.21898967706861
"3351","8228","1","1","1","1",0,-0.517830468403387,-0.948904038802791,-1.01890877283321,-0.737508737051909,1.22459298388913,-1.34147440207727,1.04654472647081,-0.922415929654017,-1.283733833462,-1.21898967706861
"3352","8228","1","1","1","1",0,-0.517830468403387,-0.948904038802791,-1.01890877283321,-0.737508737051909,-1.22459298388913,-0.447158134025757,1.1187202248481,-0.922415929654017,-1.283733833462,-1.21898967706861
"3353","8228","0","1","1","1",0,-0.517830468403387,-0.948904038802791,-1.01890877283321,-0.737508737051909,0,-0.447158134025757,1.1908957232254,-0.922415929654017,-1.283733833462,-1.21898967706861
"3354","8228","1","1","1","1",0,-0.517830468403387,-0.948904038802791,-1.01890877283321,-0.737508737051909,1.22459298388913,-0.447158134025757,1.2630712216027,-0.922415929654017,-1.283733833462,-1.21898967706861
"3355","8228","0","1","1","1",0,-0.517830468403387,-0.948904038802791,-1.01890877283321,-0.737508737051909,-1.22459298388913,0.447158134025757,1.33524671998,-0.922415929654017,-1.283733833462,-1.21898967706861
"3356","8228","0","1","1","1",0,-0.517830468403387,-0.948904038802791,-1.01890877283321,-0.737508737051909,0,0.447158134025757,1.40742221835729,-0.922415929654017,-1.283733833462,-1.21898967706861
"3357","8228","0","1","1","1",0,-0.517830468403387,-0.948904038802791,-1.01890877283321,-0.737508737051909,1.22459298388913,0.447158134025757,1.47959771673459,-0.922415929654017,-1.283733833462,-1.21898967706861
"3358","8228","1","1","1","1",0,-0.517830468403387,-0.948904038802791,-1.01890877283321,-0.737508737051909,-1.22459298388913,1.34147440207727,1.55177321511189,-0.922415929654017,-1.283733833462,-1.21898967706861
"3359","8228","1","1","1","1",0,-0.517830468403387,-0.948904038802791,-1.01890877283321,-0.737508737051909,0,1.34147440207727,1.62394871348918,-0.922415929654017,-1.283733833462,-1.21898967706861
"3360","8228","0","1","1","1",0,-0.517830468403387,-0.948904038802791,-1.01890877283321,-0.737508737051909,1.22459298388913,1.34147440207727,1.69612421186648,-0.922415929654017,-1.283733833462,-1.21898967706861
"3361","8251","1","1","0","1",0,4.16227190797607,2.9188248447241,-1.01890877283321,-0.737508737051909,-1.22459298388913,-1.34147440207727,-1.69612421186648,-0.302304380306779,0.0675649386032631,-0.355988135781098
"3362","8251","1","1","0","1",0,4.16227190797607,2.9188248447241,-1.01890877283321,-0.737508737051909,0,-1.34147440207727,-1.62394871348918,-0.302304380306779,0.0675649386032631,-0.355988135781098
"3363","8251","1","1","0","1",0,4.16227190797607,2.9188248447241,-1.01890877283321,-0.737508737051909,1.22459298388913,-1.34147440207727,-1.55177321511189,-0.302304380306779,0.0675649386032631,-0.355988135781098
"3364","8251","1","1","0","1",0,4.16227190797607,2.9188248447241,-1.01890877283321,-0.737508737051909,-1.22459298388913,-0.447158134025757,-1.47959771673459,-0.302304380306779,0.0675649386032631,-0.355988135781098
"3365","8251","1","1","0","1",0,4.16227190797607,2.9188248447241,-1.01890877283321,-0.737508737051909,0,-0.447158134025757,-1.40742221835729,-0.302304380306779,0.0675649386032631,-0.355988135781098
"3366","8251","1","1","0","1",0,4.16227190797607,2.9188248447241,-1.01890877283321,-0.737508737051909,1.22459298388913,-0.447158134025757,-1.33524671998,-0.302304380306779,0.0675649386032631,-0.355988135781098
"3367","8251","1","1","0","1",0,4.16227190797607,2.9188248447241,-1.01890877283321,-0.737508737051909,-1.22459298388913,0.447158134025757,-1.2630712216027,-0.302304380306779,0.0675649386032631,-0.355988135781098
"3368","8251","1","1","0","1",0,4.16227190797607,2.9188248447241,-1.01890877283321,-0.737508737051909,0,0.447158134025757,-1.1908957232254,-0.302304380306779,0.0675649386032631,-0.355988135781098
"3369","8251","1","1","0","1",0,4.16227190797607,2.9188248447241,-1.01890877283321,-0.737508737051909,1.22459298388913,0.447158134025757,-1.1187202248481,-0.302304380306779,0.0675649386032631,-0.355988135781098
"3370","8251","1","1","0","1",0,4.16227190797607,2.9188248447241,-1.01890877283321,-0.737508737051909,-1.22459298388913,1.34147440207727,-1.04654472647081,-0.302304380306779,0.0675649386032631,-0.355988135781098
"3371","8251","1","1","0","1",0,4.16227190797607,2.9188248447241,-1.01890877283321,-0.737508737051909,0,1.34147440207727,-0.97436922809351,-0.302304380306779,0.0675649386032631,-0.355988135781098
"3372","8251","1","1","0","1",0,4.16227190797607,2.9188248447241,-1.01890877283321,-0.737508737051909,1.22459298388913,1.34147440207727,-0.902193729716213,-0.302304380306779,0.0675649386032631,-0.355988135781098
"3373","8251","1","1","0","1",1,4.16227190797607,2.9188248447241,-1.01890877283321,-0.737508737051909,-1.22459298388913,-1.34147440207727,-0.830018231338916,-0.302304380306779,0.0675649386032631,-0.355988135781098
"3374","8251","1","1","0","1",1,4.16227190797607,2.9188248447241,-1.01890877283321,-0.737508737051909,0,-1.34147440207727,-0.757842732961619,-0.302304380306779,0.0675649386032631,-0.355988135781098
"3375","8251","1","1","0","1",1,4.16227190797607,2.9188248447241,-1.01890877283321,-0.737508737051909,1.22459298388913,-1.34147440207727,-0.685667234584322,-0.302304380306779,0.0675649386032631,-0.355988135781098
"3376","8251","1","1","0","1",1,4.16227190797607,2.9188248447241,-1.01890877283321,-0.737508737051909,-1.22459298388913,-0.447158134025757,-0.613491736207025,-0.302304380306779,0.0675649386032631,-0.355988135781098
"3377","8251","1","1","0","1",0,4.16227190797607,2.9188248447241,-1.01890877283321,-0.737508737051909,0,-0.447158134025757,-0.541316237829728,-0.302304380306779,0.0675649386032631,-0.355988135781098
"3378","8251","1","1","0","1",1,4.16227190797607,2.9188248447241,-1.01890877283321,-0.737508737051909,1.22459298388913,-0.447158134025757,-0.469140739452431,-0.302304380306779,0.0675649386032631,-0.355988135781098
"3379","8251","1","1","0","1",0,4.16227190797607,2.9188248447241,-1.01890877283321,-0.737508737051909,-1.22459298388913,0.447158134025757,-0.396965241075134,-0.302304380306779,0.0675649386032631,-0.355988135781098
"3380","8251","1","1","0","1",0,4.16227190797607,2.9188248447241,-1.01890877283321,-0.737508737051909,0,0.447158134025757,-0.324789742697837,-0.302304380306779,0.0675649386032631,-0.355988135781098
"3381","8251","1","1","0","1",1,4.16227190797607,2.9188248447241,-1.01890877283321,-0.737508737051909,1.22459298388913,0.447158134025757,-0.25261424432054,-0.302304380306779,0.0675649386032631,-0.355988135781098
"3382","8251","1","1","0","1",1,4.16227190797607,2.9188248447241,-1.01890877283321,-0.737508737051909,-1.22459298388913,1.34147440207727,-0.180438745943243,-0.302304380306779,0.0675649386032631,-0.355988135781098
"3383","8251","1","1","0","1",0,4.16227190797607,2.9188248447241,-1.01890877283321,-0.737508737051909,0,1.34147440207727,-0.108263247565946,-0.302304380306779,0.0675649386032631,-0.355988135781098
"3384","8251","1","1","0","1",1,4.16227190797607,2.9188248447241,-1.01890877283321,-0.737508737051909,1.22459298388913,1.34147440207727,-0.0360877491886485,-0.302304380306779,0.0675649386032631,-0.355988135781098
"3385","8251","1","1","1","1",0,4.16227190797607,2.9188248447241,-1.01890877283321,-0.737508737051909,-1.22459298388913,-1.34147440207727,0.0360877491886485,-0.302304380306779,0.0675649386032631,-0.355988135781098
"3386","8251","1","1","1","1",0,4.16227190797607,2.9188248447241,-1.01890877283321,-0.737508737051909,0,-1.34147440207727,0.108263247565946,-0.302304380306779,0.0675649386032631,-0.355988135781098
"3387","8251","1","1","1","1",0,4.16227190797607,2.9188248447241,-1.01890877283321,-0.737508737051909,1.22459298388913,-1.34147440207727,0.180438745943243,-0.302304380306779,0.0675649386032631,-0.355988135781098
"3388","8251","1","1","1","1",0,4.16227190797607,2.9188248447241,-1.01890877283321,-0.737508737051909,-1.22459298388913,-0.447158134025757,0.25261424432054,-0.302304380306779,0.0675649386032631,-0.355988135781098
"3389","8251","0","1","1","1",0,4.16227190797607,2.9188248447241,-1.01890877283321,-0.737508737051909,0,-0.447158134025757,0.324789742697837,-0.302304380306779,0.0675649386032631,-0.355988135781098
"3390","8251","1","1","1","1",0,4.16227190797607,2.9188248447241,-1.01890877283321,-0.737508737051909,1.22459298388913,-0.447158134025757,0.396965241075134,-0.302304380306779,0.0675649386032631,-0.355988135781098
"3391","8251","0","1","1","1",0,4.16227190797607,2.9188248447241,-1.01890877283321,-0.737508737051909,-1.22459298388913,0.447158134025757,0.469140739452431,-0.302304380306779,0.0675649386032631,-0.355988135781098
"3392","8251","0","1","1","1",0,4.16227190797607,2.9188248447241,-1.01890877283321,-0.737508737051909,0,0.447158134025757,0.541316237829728,-0.302304380306779,0.0675649386032631,-0.355988135781098
"3393","8251","1","1","1","1",0,4.16227190797607,2.9188248447241,-1.01890877283321,-0.737508737051909,1.22459298388913,0.447158134025757,0.613491736207025,-0.302304380306779,0.0675649386032631,-0.355988135781098
"3394","8251","1","1","1","1",0,4.16227190797607,2.9188248447241,-1.01890877283321,-0.737508737051909,-1.22459298388913,1.34147440207727,0.685667234584322,-0.302304380306779,0.0675649386032631,-0.355988135781098
"3395","8251","1","1","1","1",0,4.16227190797607,2.9188248447241,-1.01890877283321,-0.737508737051909,0,1.34147440207727,0.757842732961619,-0.302304380306779,0.0675649386032631,-0.355988135781098
"3396","8251","1","1","1","1",0,4.16227190797607,2.9188248447241,-1.01890877283321,-0.737508737051909,1.22459298388913,1.34147440207727,0.830018231338916,-0.302304380306779,0.0675649386032631,-0.355988135781098
"3397","8251","1","1","1","1",1,4.16227190797607,2.9188248447241,-1.01890877283321,-0.737508737051909,-1.22459298388913,-1.34147440207727,0.902193729716213,-0.302304380306779,0.0675649386032631,-0.355988135781098
"3398","8251","1","1","1","1",1,4.16227190797607,2.9188248447241,-1.01890877283321,-0.737508737051909,0,-1.34147440207727,0.97436922809351,-0.302304380306779,0.0675649386032631,-0.355988135781098
"3399","8251","1","1","1","1",1,4.16227190797607,2.9188248447241,-1.01890877283321,-0.737508737051909,1.22459298388913,-1.34147440207727,1.04654472647081,-0.302304380306779,0.0675649386032631,-0.355988135781098
"3400","8251","1","1","1","1",1,4.16227190797607,2.9188248447241,-1.01890877283321,-0.737508737051909,-1.22459298388913,-0.447158134025757,1.1187202248481,-0.302304380306779,0.0675649386032631,-0.355988135781098
"3401","8251","1","1","1","1",1,4.16227190797607,2.9188248447241,-1.01890877283321,-0.737508737051909,0,-0.447158134025757,1.1908957232254,-0.302304380306779,0.0675649386032631,-0.355988135781098
"3402","8251","1","1","1","1",1,4.16227190797607,2.9188248447241,-1.01890877283321,-0.737508737051909,1.22459298388913,-0.447158134025757,1.2630712216027,-0.302304380306779,0.0675649386032631,-0.355988135781098
"3403","8251","1","1","1","1",1,4.16227190797607,2.9188248447241,-1.01890877283321,-0.737508737051909,-1.22459298388913,0.447158134025757,1.33524671998,-0.302304380306779,0.0675649386032631,-0.355988135781098
"3404","8251","1","1","1","1",1,4.16227190797607,2.9188248447241,-1.01890877283321,-0.737508737051909,0,0.447158134025757,1.40742221835729,-0.302304380306779,0.0675649386032631,-0.355988135781098
"3405","8251","1","1","1","1",1,4.16227190797607,2.9188248447241,-1.01890877283321,-0.737508737051909,1.22459298388913,0.447158134025757,1.47959771673459,-0.302304380306779,0.0675649386032631,-0.355988135781098
"3406","8251","1","1","1","1",1,4.16227190797607,2.9188248447241,-1.01890877283321,-0.737508737051909,-1.22459298388913,1.34147440207727,1.55177321511189,-0.302304380306779,0.0675649386032631,-0.355988135781098
"3407","8251","1","1","1","1",1,4.16227190797607,2.9188248447241,-1.01890877283321,-0.737508737051909,0,1.34147440207727,1.62394871348918,-0.302304380306779,0.0675649386032631,-0.355988135781098
"3408","8251","1","1","1","1",1,4.16227190797607,2.9188248447241,-1.01890877283321,-0.737508737051909,1.22459298388913,1.34147440207727,1.69612421186648,-0.302304380306779,0.0675649386032631,-0.355988135781098
"3409","8604","1","1","0",NA,0,0.906512904456936,-0.368686684538331,-0.455418664291706,1.87115735954061,-1.22459298388913,-1.34147440207727,-1.69612421186648,NA,NA,NA
"3410","8604","1","1","0",NA,0,0.906512904456936,-0.368686684538331,-0.455418664291706,1.87115735954061,0,-1.34147440207727,-1.62394871348918,NA,NA,NA
"3411","8604","1","1","0",NA,0,0.906512904456936,-0.368686684538331,-0.455418664291706,1.87115735954061,1.22459298388913,-1.34147440207727,-1.55177321511189,NA,NA,NA
"3412","8604","1","1","0",NA,0,0.906512904456936,-0.368686684538331,-0.455418664291706,1.87115735954061,-1.22459298388913,-0.447158134025757,-1.47959771673459,NA,NA,NA
"3413","8604","1","1","0",NA,0,0.906512904456936,-0.368686684538331,-0.455418664291706,1.87115735954061,0,-0.447158134025757,-1.40742221835729,NA,NA,NA
"3414","8604","1","1","0",NA,0,0.906512904456936,-0.368686684538331,-0.455418664291706,1.87115735954061,1.22459298388913,-0.447158134025757,-1.33524671998,NA,NA,NA
"3416","8604","1","1","0",NA,0,0.906512904456936,-0.368686684538331,-0.455418664291706,1.87115735954061,0,0.447158134025757,-1.1908957232254,NA,NA,NA
"3417","8604","1","1","0",NA,0,0.906512904456936,-0.368686684538331,-0.455418664291706,1.87115735954061,1.22459298388913,0.447158134025757,-1.1187202248481,NA,NA,NA
"3418","8604","1","1","0",NA,0,0.906512904456936,-0.368686684538331,-0.455418664291706,1.87115735954061,-1.22459298388913,1.34147440207727,-1.04654472647081,NA,NA,NA
"3419","8604","1","1","0",NA,0,0.906512904456936,-0.368686684538331,-0.455418664291706,1.87115735954061,0,1.34147440207727,-0.97436922809351,NA,NA,NA
"3420","8604","1","1","0",NA,1,0.906512904456936,-0.368686684538331,-0.455418664291706,1.87115735954061,1.22459298388913,1.34147440207727,-0.902193729716213,NA,NA,NA
"3421","8604","1","1","0",NA,0,0.906512904456936,-0.368686684538331,-0.455418664291706,1.87115735954061,-1.22459298388913,-1.34147440207727,-0.830018231338916,NA,NA,NA
"3424","8604","1","1","0",NA,0,0.906512904456936,-0.368686684538331,-0.455418664291706,1.87115735954061,-1.22459298388913,-0.447158134025757,-0.613491736207025,NA,NA,NA
"3425","8604","1","1","0",NA,0,0.906512904456936,-0.368686684538331,-0.455418664291706,1.87115735954061,0,-0.447158134025757,-0.541316237829728,NA,NA,NA
"3426","8604","1","1","0",NA,0,0.906512904456936,-0.368686684538331,-0.455418664291706,1.87115735954061,1.22459298388913,-0.447158134025757,-0.469140739452431,NA,NA,NA
"3428","8604","1","1","0",NA,0,0.906512904456936,-0.368686684538331,-0.455418664291706,1.87115735954061,0,0.447158134025757,-0.324789742697837,NA,NA,NA
"3429","8604","1","1","0",NA,0,0.906512904456936,-0.368686684538331,-0.455418664291706,1.87115735954061,1.22459298388913,0.447158134025757,-0.25261424432054,NA,NA,NA
"3430","8604","1","1","0",NA,0,0.906512904456936,-0.368686684538331,-0.455418664291706,1.87115735954061,-1.22459298388913,1.34147440207727,-0.180438745943243,NA,NA,NA
"3431","8604","1","1","0",NA,0,0.906512904456936,-0.368686684538331,-0.455418664291706,1.87115735954061,0,1.34147440207727,-0.108263247565946,NA,NA,NA
"3432","8604","1","1","0",NA,0,0.906512904456936,-0.368686684538331,-0.455418664291706,1.87115735954061,1.22459298388913,1.34147440207727,-0.0360877491886485,NA,NA,NA
"3433","8604","1","1","1",NA,0,0.906512904456936,-0.368686684538331,-0.455418664291706,1.87115735954061,-1.22459298388913,-1.34147440207727,0.0360877491886485,NA,NA,NA
"3434","8604","1","1","1",NA,1,0.906512904456936,-0.368686684538331,-0.455418664291706,1.87115735954061,0,-1.34147440207727,0.108263247565946,NA,NA,NA
"3435","8604","1","1","1",NA,1,0.906512904456936,-0.368686684538331,-0.455418664291706,1.87115735954061,1.22459298388913,-1.34147440207727,0.180438745943243,NA,NA,NA
"3436","8604","1","1","1",NA,0,0.906512904456936,-0.368686684538331,-0.455418664291706,1.87115735954061,-1.22459298388913,-0.447158134025757,0.25261424432054,NA,NA,NA
"3437","8604","1","1","1",NA,0,0.906512904456936,-0.368686684538331,-0.455418664291706,1.87115735954061,0,-0.447158134025757,0.324789742697837,NA,NA,NA
"3438","8604","1","1","1",NA,0,0.906512904456936,-0.368686684538331,-0.455418664291706,1.87115735954061,1.22459298388913,-0.447158134025757,0.396965241075134,NA,NA,NA
"3439","8604","1","1","1",NA,1,0.906512904456936,-0.368686684538331,-0.455418664291706,1.87115735954061,-1.22459298388913,0.447158134025757,0.469140739452431,NA,NA,NA
"3440","8604","1","1","1",NA,0,0.906512904456936,-0.368686684538331,-0.455418664291706,1.87115735954061,0,0.447158134025757,0.541316237829728,NA,NA,NA
"3441","8604","1","1","1",NA,0,0.906512904456936,-0.368686684538331,-0.455418664291706,1.87115735954061,1.22459298388913,0.447158134025757,0.613491736207025,NA,NA,NA
"3442","8604","1","1","1",NA,0,0.906512904456936,-0.368686684538331,-0.455418664291706,1.87115735954061,-1.22459298388913,1.34147440207727,0.685667234584322,NA,NA,NA
"3443","8604","1","1","1",NA,0,0.906512904456936,-0.368686684538331,-0.455418664291706,1.87115735954061,0,1.34147440207727,0.757842732961619,NA,NA,NA
"3444","8604","1","1","1",NA,0,0.906512904456936,-0.368686684538331,-0.455418664291706,1.87115735954061,1.22459298388913,1.34147440207727,0.830018231338916,NA,NA,NA
"3445","8604","1","1","1",NA,0,0.906512904456936,-0.368686684538331,-0.455418664291706,1.87115735954061,-1.22459298388913,-1.34147440207727,0.902193729716213,NA,NA,NA
"3446","8604","1","1","1",NA,0,0.906512904456936,-0.368686684538331,-0.455418664291706,1.87115735954061,0,-1.34147440207727,0.97436922809351,NA,NA,NA
"3447","8604","1","1","1",NA,0,0.906512904456936,-0.368686684538331,-0.455418664291706,1.87115735954061,1.22459298388913,-1.34147440207727,1.04654472647081,NA,NA,NA
"3448","8604","1","1","1",NA,0,0.906512904456936,-0.368686684538331,-0.455418664291706,1.87115735954061,-1.22459298388913,-0.447158134025757,1.1187202248481,NA,NA,NA
"3449","8604","1","1","1",NA,0,0.906512904456936,-0.368686684538331,-0.455418664291706,1.87115735954061,0,-0.447158134025757,1.1908957232254,NA,NA,NA
"3450","8604","1","1","1",NA,0,0.906512904456936,-0.368686684538331,-0.455418664291706,1.87115735954061,1.22459298388913,-0.447158134025757,1.2630712216027,NA,NA,NA
"3451","8604","1","1","1",NA,0,0.906512904456936,-0.368686684538331,-0.455418664291706,1.87115735954061,-1.22459298388913,0.447158134025757,1.33524671998,NA,NA,NA
"3452","8604","1","1","1",NA,0,0.906512904456936,-0.368686684538331,-0.455418664291706,1.87115735954061,0,0.447158134025757,1.40742221835729,NA,NA,NA
"3453","8604","1","1","1",NA,1,0.906512904456936,-0.368686684538331,-0.455418664291706,1.87115735954061,1.22459298388913,0.447158134025757,1.47959771673459,NA,NA,NA
"3454","8604","1","1","1",NA,0,0.906512904456936,-0.368686684538331,-0.455418664291706,1.87115735954061,-1.22459298388913,1.34147440207727,1.55177321511189,NA,NA,NA
"3456","8604","1","1","1",NA,0,0.906512904456936,-0.368686684538331,-0.455418664291706,1.87115735954061,1.22459298388913,1.34147440207727,1.69612421186648,NA,NA,NA
"3457","8704","1","0","0","2",0,-0.0624337373451125,-0.420906246422132,-0.455418664291706,-0.0849509912336239,-1.22459298388913,-1.34147440207727,-1.69612421186648,0.937918718387698,1.41886371066852,1.37001494679392
"3458","8704","1","0","0","2",0,-0.0624337373451125,-0.420906246422132,-0.455418664291706,-0.0849509912336239,0,-1.34147440207727,-1.62394871348918,0.937918718387698,1.41886371066852,1.37001494679392
"3459","8704","1","0","0","2",0,-0.0624337373451125,-0.420906246422132,-0.455418664291706,-0.0849509912336239,1.22459298388913,-1.34147440207727,-1.55177321511189,0.937918718387698,1.41886371066852,1.37001494679392
"3460","8704","1","0","0","2",0,-0.0624337373451125,-0.420906246422132,-0.455418664291706,-0.0849509912336239,-1.22459298388913,-0.447158134025757,-1.47959771673459,0.937918718387698,1.41886371066852,1.37001494679392
"3461","8704","1","0","0","2",0,-0.0624337373451125,-0.420906246422132,-0.455418664291706,-0.0849509912336239,0,-0.447158134025757,-1.40742221835729,0.937918718387698,1.41886371066852,1.37001494679392
"3462","8704","1","0","0","2",0,-0.0624337373451125,-0.420906246422132,-0.455418664291706,-0.0849509912336239,1.22459298388913,-0.447158134025757,-1.33524671998,0.937918718387698,1.41886371066852,1.37001494679392
"3463","8704","1","0","0","2",0,-0.0624337373451125,-0.420906246422132,-0.455418664291706,-0.0849509912336239,-1.22459298388913,0.447158134025757,-1.2630712216027,0.937918718387698,1.41886371066852,1.37001494679392
"3464","8704","1","0","0","2",0,-0.0624337373451125,-0.420906246422132,-0.455418664291706,-0.0849509912336239,0,0.447158134025757,-1.1908957232254,0.937918718387698,1.41886371066852,1.37001494679392
"3465","8704","1","0","0","2",0,-0.0624337373451125,-0.420906246422132,-0.455418664291706,-0.0849509912336239,1.22459298388913,0.447158134025757,-1.1187202248481,0.937918718387698,1.41886371066852,1.37001494679392
"3466","8704","0","0","0","2",0,-0.0624337373451125,-0.420906246422132,-0.455418664291706,-0.0849509912336239,-1.22459298388913,1.34147440207727,-1.04654472647081,0.937918718387698,1.41886371066852,1.37001494679392
"3467","8704","1","0","0","2",0,-0.0624337373451125,-0.420906246422132,-0.455418664291706,-0.0849509912336239,0,1.34147440207727,-0.97436922809351,0.937918718387698,1.41886371066852,1.37001494679392
"3468","8704","1","0","0","2",1,-0.0624337373451125,-0.420906246422132,-0.455418664291706,-0.0849509912336239,1.22459298388913,1.34147440207727,-0.902193729716213,0.937918718387698,1.41886371066852,1.37001494679392
"3469","8704","1","0","0","2",0,-0.0624337373451125,-0.420906246422132,-0.455418664291706,-0.0849509912336239,-1.22459298388913,-1.34147440207727,-0.830018231338916,0.937918718387698,1.41886371066852,1.37001494679392
"3470","8704","1","0","0","2",0,-0.0624337373451125,-0.420906246422132,-0.455418664291706,-0.0849509912336239,0,-1.34147440207727,-0.757842732961619,0.937918718387698,1.41886371066852,1.37001494679392
"3471","8704","1","0","0","2",0,-0.0624337373451125,-0.420906246422132,-0.455418664291706,-0.0849509912336239,1.22459298388913,-1.34147440207727,-0.685667234584322,0.937918718387698,1.41886371066852,1.37001494679392
"3472","8704","1","0","0","2",0,-0.0624337373451125,-0.420906246422132,-0.455418664291706,-0.0849509912336239,-1.22459298388913,-0.447158134025757,-0.613491736207025,0.937918718387698,1.41886371066852,1.37001494679392
"3473","8704","1","0","0","2",0,-0.0624337373451125,-0.420906246422132,-0.455418664291706,-0.0849509912336239,0,-0.447158134025757,-0.541316237829728,0.937918718387698,1.41886371066852,1.37001494679392
"3474","8704","1","0","0","2",0,-0.0624337373451125,-0.420906246422132,-0.455418664291706,-0.0849509912336239,1.22459298388913,-0.447158134025757,-0.469140739452431,0.937918718387698,1.41886371066852,1.37001494679392
"3475","8704","1","0","0","2",0,-0.0624337373451125,-0.420906246422132,-0.455418664291706,-0.0849509912336239,-1.22459298388913,0.447158134025757,-0.396965241075134,0.937918718387698,1.41886371066852,1.37001494679392
"3477","8704","1","0","0","2",0,-0.0624337373451125,-0.420906246422132,-0.455418664291706,-0.0849509912336239,1.22459298388913,0.447158134025757,-0.25261424432054,0.937918718387698,1.41886371066852,1.37001494679392
"3478","8704","1","0","0","2",0,-0.0624337373451125,-0.420906246422132,-0.455418664291706,-0.0849509912336239,-1.22459298388913,1.34147440207727,-0.180438745943243,0.937918718387698,1.41886371066852,1.37001494679392
"3479","8704","1","0","0","2",0,-0.0624337373451125,-0.420906246422132,-0.455418664291706,-0.0849509912336239,0,1.34147440207727,-0.108263247565946,0.937918718387698,1.41886371066852,1.37001494679392
"3480","8704","1","0","0","2",0,-0.0624337373451125,-0.420906246422132,-0.455418664291706,-0.0849509912336239,1.22459298388913,1.34147440207727,-0.0360877491886485,0.937918718387698,1.41886371066852,1.37001494679392
"3481","8704","1","0","1","2",0,-0.0624337373451125,-0.420906246422132,-0.455418664291706,-0.0849509912336239,-1.22459298388913,-1.34147440207727,0.0360877491886485,0.937918718387698,1.41886371066852,1.37001494679392
"3482","8704","1","0","1","2",0,-0.0624337373451125,-0.420906246422132,-0.455418664291706,-0.0849509912336239,0,-1.34147440207727,0.108263247565946,0.937918718387698,1.41886371066852,1.37001494679392
"3483","8704","1","0","1","2",0,-0.0624337373451125,-0.420906246422132,-0.455418664291706,-0.0849509912336239,1.22459298388913,-1.34147440207727,0.180438745943243,0.937918718387698,1.41886371066852,1.37001494679392
"3484","8704","1","0","1","2",0,-0.0624337373451125,-0.420906246422132,-0.455418664291706,-0.0849509912336239,-1.22459298388913,-0.447158134025757,0.25261424432054,0.937918718387698,1.41886371066852,1.37001494679392
"3485","8704","1","0","1","2",0,-0.0624337373451125,-0.420906246422132,-0.455418664291706,-0.0849509912336239,0,-0.447158134025757,0.324789742697837,0.937918718387698,1.41886371066852,1.37001494679392
"3486","8704","0","0","1","2",0,-0.0624337373451125,-0.420906246422132,-0.455418664291706,-0.0849509912336239,1.22459298388913,-0.447158134025757,0.396965241075134,0.937918718387698,1.41886371066852,1.37001494679392
"3487","8704","1","0","1","2",0,-0.0624337373451125,-0.420906246422132,-0.455418664291706,-0.0849509912336239,-1.22459298388913,0.447158134025757,0.469140739452431,0.937918718387698,1.41886371066852,1.37001494679392
"3488","8704","1","0","1","2",1,-0.0624337373451125,-0.420906246422132,-0.455418664291706,-0.0849509912336239,0,0.447158134025757,0.541316237829728,0.937918718387698,1.41886371066852,1.37001494679392
"3489","8704","1","0","1","2",0,-0.0624337373451125,-0.420906246422132,-0.455418664291706,-0.0849509912336239,1.22459298388913,0.447158134025757,0.613491736207025,0.937918718387698,1.41886371066852,1.37001494679392
"3490","8704","0","0","1","2",0,-0.0624337373451125,-0.420906246422132,-0.455418664291706,-0.0849509912336239,-1.22459298388913,1.34147440207727,0.685667234584322,0.937918718387698,1.41886371066852,1.37001494679392
"3491","8704","1","0","1","2",0,-0.0624337373451125,-0.420906246422132,-0.455418664291706,-0.0849509912336239,0,1.34147440207727,0.757842732961619,0.937918718387698,1.41886371066852,1.37001494679392
"3492","8704","1","0","1","2",0,-0.0624337373451125,-0.420906246422132,-0.455418664291706,-0.0849509912336239,1.22459298388913,1.34147440207727,0.830018231338916,0.937918718387698,1.41886371066852,1.37001494679392
"3493","8704","1","0","1","2",0,-0.0624337373451125,-0.420906246422132,-0.455418664291706,-0.0849509912336239,-1.22459298388913,-1.34147440207727,0.902193729716213,0.937918718387698,1.41886371066852,1.37001494679392
"3494","8704","1","0","1","2",0,-0.0624337373451125,-0.420906246422132,-0.455418664291706,-0.0849509912336239,0,-1.34147440207727,0.97436922809351,0.937918718387698,1.41886371066852,1.37001494679392
"3495","8704","1","0","1","2",0,-0.0624337373451125,-0.420906246422132,-0.455418664291706,-0.0849509912336239,1.22459298388913,-1.34147440207727,1.04654472647081,0.937918718387698,1.41886371066852,1.37001494679392
"3496","8704","1","0","1","2",0,-0.0624337373451125,-0.420906246422132,-0.455418664291706,-0.0849509912336239,-1.22459298388913,-0.447158134025757,1.1187202248481,0.937918718387698,1.41886371066852,1.37001494679392
"3497","8704","1","0","1","2",0,-0.0624337373451125,-0.420906246422132,-0.455418664291706,-0.0849509912336239,0,-0.447158134025757,1.1908957232254,0.937918718387698,1.41886371066852,1.37001494679392
"3498","8704","1","0","1","2",0,-0.0624337373451125,-0.420906246422132,-0.455418664291706,-0.0849509912336239,1.22459298388913,-0.447158134025757,1.2630712216027,0.937918718387698,1.41886371066852,1.37001494679392
"3499","8704","0","0","1","2",0,-0.0624337373451125,-0.420906246422132,-0.455418664291706,-0.0849509912336239,-1.22459298388913,0.447158134025757,1.33524671998,0.937918718387698,1.41886371066852,1.37001494679392
"3500","8704","1","0","1","2",0,-0.0624337373451125,-0.420906246422132,-0.455418664291706,-0.0849509912336239,0,0.447158134025757,1.40742221835729,0.937918718387698,1.41886371066852,1.37001494679392
"3501","8704","1","0","1","2",0,-0.0624337373451125,-0.420906246422132,-0.455418664291706,-0.0849509912336239,1.22459298388913,0.447158134025757,1.47959771673459,0.937918718387698,1.41886371066852,1.37001494679392
"3502","8704","0","0","1","2",0,-0.0624337373451125,-0.420906246422132,-0.455418664291706,-0.0849509912336239,-1.22459298388913,1.34147440207727,1.55177321511189,0.937918718387698,1.41886371066852,1.37001494679392
"3503","8704","0","0","1","2",0,-0.0624337373451125,-0.420906246422132,-0.455418664291706,-0.0849509912336239,0,1.34147440207727,1.62394871348918,0.937918718387698,1.41886371066852,1.37001494679392
"3505","8925","1","1","0","1",0,-0.517830468403387,-0.948904038802791,-1.01890877283321,-0.737508737051909,-1.22459298388913,-1.34147440207727,-1.69612421186648,-0.922415929654017,-1.283733833462,-1.21898967706861
"3506","8925","1","1","0","1",0,-0.517830468403387,-0.948904038802791,-1.01890877283321,-0.737508737051909,0,-1.34147440207727,-1.62394871348918,-0.922415929654017,-1.283733833462,-1.21898967706861
"3507","8925","1","1","0","1",0,-0.517830468403387,-0.948904038802791,-1.01890877283321,-0.737508737051909,1.22459298388913,-1.34147440207727,-1.55177321511189,-0.922415929654017,-1.283733833462,-1.21898967706861
"3508","8925","1","1","0","1",0,-0.517830468403387,-0.948904038802791,-1.01890877283321,-0.737508737051909,-1.22459298388913,-0.447158134025757,-1.47959771673459,-0.922415929654017,-1.283733833462,-1.21898967706861
"3509","8925","1","1","0","1",0,-0.517830468403387,-0.948904038802791,-1.01890877283321,-0.737508737051909,0,-0.447158134025757,-1.40742221835729,-0.922415929654017,-1.283733833462,-1.21898967706861
"3510","8925","1","1","0","1",0,-0.517830468403387,-0.948904038802791,-1.01890877283321,-0.737508737051909,1.22459298388913,-0.447158134025757,-1.33524671998,-0.922415929654017,-1.283733833462,-1.21898967706861
"3511","8925","1","1","0","1",0,-0.517830468403387,-0.948904038802791,-1.01890877283321,-0.737508737051909,-1.22459298388913,0.447158134025757,-1.2630712216027,-0.922415929654017,-1.283733833462,-1.21898967706861
"3512","8925","1","1","0","1",0,-0.517830468403387,-0.948904038802791,-1.01890877283321,-0.737508737051909,0,0.447158134025757,-1.1908957232254,-0.922415929654017,-1.283733833462,-1.21898967706861
"3513","8925","1","1","0","1",0,-0.517830468403387,-0.948904038802791,-1.01890877283321,-0.737508737051909,1.22459298388913,0.447158134025757,-1.1187202248481,-0.922415929654017,-1.283733833462,-1.21898967706861
"3514","8925","1","1","0","1",0,-0.517830468403387,-0.948904038802791,-1.01890877283321,-0.737508737051909,-1.22459298388913,1.34147440207727,-1.04654472647081,-0.922415929654017,-1.283733833462,-1.21898967706861
"3515","8925","0","1","0","1",0,-0.517830468403387,-0.948904038802791,-1.01890877283321,-0.737508737051909,0,1.34147440207727,-0.97436922809351,-0.922415929654017,-1.283733833462,-1.21898967706861
"3516","8925","1","1","0","1",0,-0.517830468403387,-0.948904038802791,-1.01890877283321,-0.737508737051909,1.22459298388913,1.34147440207727,-0.902193729716213,-0.922415929654017,-1.283733833462,-1.21898967706861
"3517","8925","1","1","0","1",0,-0.517830468403387,-0.948904038802791,-1.01890877283321,-0.737508737051909,-1.22459298388913,-1.34147440207727,-0.830018231338916,-0.922415929654017,-1.283733833462,-1.21898967706861
"3518","8925","1","1","0","1",0,-0.517830468403387,-0.948904038802791,-1.01890877283321,-0.737508737051909,0,-1.34147440207727,-0.757842732961619,-0.922415929654017,-1.283733833462,-1.21898967706861
"3519","8925","1","1","0","1",0,-0.517830468403387,-0.948904038802791,-1.01890877283321,-0.737508737051909,1.22459298388913,-1.34147440207727,-0.685667234584322,-0.922415929654017,-1.283733833462,-1.21898967706861
"3520","8925","1","1","0","1",0,-0.517830468403387,-0.948904038802791,-1.01890877283321,-0.737508737051909,-1.22459298388913,-0.447158134025757,-0.613491736207025,-0.922415929654017,-1.283733833462,-1.21898967706861
"3521","8925","1","1","0","1",0,-0.517830468403387,-0.948904038802791,-1.01890877283321,-0.737508737051909,0,-0.447158134025757,-0.541316237829728,-0.922415929654017,-1.283733833462,-1.21898967706861
"3522","8925","1","1","0","1",0,-0.517830468403387,-0.948904038802791,-1.01890877283321,-0.737508737051909,1.22459298388913,-0.447158134025757,-0.469140739452431,-0.922415929654017,-1.283733833462,-1.21898967706861
"3523","8925","1","1","0","1",0,-0.517830468403387,-0.948904038802791,-1.01890877283321,-0.737508737051909,-1.22459298388913,0.447158134025757,-0.396965241075134,-0.922415929654017,-1.283733833462,-1.21898967706861
"3524","8925","1","1","0","1",0,-0.517830468403387,-0.948904038802791,-1.01890877283321,-0.737508737051909,0,0.447158134025757,-0.324789742697837,-0.922415929654017,-1.283733833462,-1.21898967706861
"3525","8925","1","1","0","1",0,-0.517830468403387,-0.948904038802791,-1.01890877283321,-0.737508737051909,1.22459298388913,0.447158134025757,-0.25261424432054,-0.922415929654017,-1.283733833462,-1.21898967706861
"3526","8925","1","1","0","1",0,-0.517830468403387,-0.948904038802791,-1.01890877283321,-0.737508737051909,-1.22459298388913,1.34147440207727,-0.180438745943243,-0.922415929654017,-1.283733833462,-1.21898967706861
"3527","8925","1","1","0","1",0,-0.517830468403387,-0.948904038802791,-1.01890877283321,-0.737508737051909,0,1.34147440207727,-0.108263247565946,-0.922415929654017,-1.283733833462,-1.21898967706861
"3528","8925","1","1","0","1",0,-0.517830468403387,-0.948904038802791,-1.01890877283321,-0.737508737051909,1.22459298388913,1.34147440207727,-0.0360877491886485,-0.922415929654017,-1.283733833462,-1.21898967706861
"3529","8925","1","1","1","1",0,-0.517830468403387,-0.948904038802791,-1.01890877283321,-0.737508737051909,-1.22459298388913,-1.34147440207727,0.0360877491886485,-0.922415929654017,-1.283733833462,-1.21898967706861
"3530","8925","1","1","1","1",0,-0.517830468403387,-0.948904038802791,-1.01890877283321,-0.737508737051909,0,-1.34147440207727,0.108263247565946,-0.922415929654017,-1.283733833462,-1.21898967706861
"3531","8925","1","1","1","1",0,-0.517830468403387,-0.948904038802791,-1.01890877283321,-0.737508737051909,1.22459298388913,-1.34147440207727,0.180438745943243,-0.922415929654017,-1.283733833462,-1.21898967706861
"3532","8925","1","1","1","1",0,-0.517830468403387,-0.948904038802791,-1.01890877283321,-0.737508737051909,-1.22459298388913,-0.447158134025757,0.25261424432054,-0.922415929654017,-1.283733833462,-1.21898967706861
"3533","8925","1","1","1","1",0,-0.517830468403387,-0.948904038802791,-1.01890877283321,-0.737508737051909,0,-0.447158134025757,0.324789742697837,-0.922415929654017,-1.283733833462,-1.21898967706861
"3534","8925","1","1","1","1",0,-0.517830468403387,-0.948904038802791,-1.01890877283321,-0.737508737051909,1.22459298388913,-0.447158134025757,0.396965241075134,-0.922415929654017,-1.283733833462,-1.21898967706861
"3535","8925","1","1","1","1",0,-0.517830468403387,-0.948904038802791,-1.01890877283321,-0.737508737051909,-1.22459298388913,0.447158134025757,0.469140739452431,-0.922415929654017,-1.283733833462,-1.21898967706861
"3536","8925","1","1","1","1",0,-0.517830468403387,-0.948904038802791,-1.01890877283321,-0.737508737051909,0,0.447158134025757,0.541316237829728,-0.922415929654017,-1.283733833462,-1.21898967706861
"3537","8925","0","1","1","1",0,-0.517830468403387,-0.948904038802791,-1.01890877283321,-0.737508737051909,1.22459298388913,0.447158134025757,0.613491736207025,-0.922415929654017,-1.283733833462,-1.21898967706861
"3538","8925","1","1","1","1",0,-0.517830468403387,-0.948904038802791,-1.01890877283321,-0.737508737051909,-1.22459298388913,1.34147440207727,0.685667234584322,-0.922415929654017,-1.283733833462,-1.21898967706861
"3539","8925","0","1","1","1",0,-0.517830468403387,-0.948904038802791,-1.01890877283321,-0.737508737051909,0,1.34147440207727,0.757842732961619,-0.922415929654017,-1.283733833462,-1.21898967706861
"3540","8925","1","1","1","1",0,-0.517830468403387,-0.948904038802791,-1.01890877283321,-0.737508737051909,1.22459298388913,1.34147440207727,0.830018231338916,-0.922415929654017,-1.283733833462,-1.21898967706861
"3541","8925","0","1","1","1",0,-0.517830468403387,-0.948904038802791,-1.01890877283321,-0.737508737051909,-1.22459298388913,-1.34147440207727,0.902193729716213,-0.922415929654017,-1.283733833462,-1.21898967706861
"3542","8925","0","1","1","1",0,-0.517830468403387,-0.948904038802791,-1.01890877283321,-0.737508737051909,0,-1.34147440207727,0.97436922809351,-0.922415929654017,-1.283733833462,-1.21898967706861
"3543","8925","0","1","1","1",0,-0.517830468403387,-0.948904038802791,-1.01890877283321,-0.737508737051909,1.22459298388913,-1.34147440207727,1.04654472647081,-0.922415929654017,-1.283733833462,-1.21898967706861
"3544","8925","0","1","1","1",0,-0.517830468403387,-0.948904038802791,-1.01890877283321,-0.737508737051909,-1.22459298388913,-0.447158134025757,1.1187202248481,-0.922415929654017,-1.283733833462,-1.21898967706861
"3545","8925","0","1","1","1",0,-0.517830468403387,-0.948904038802791,-1.01890877283321,-0.737508737051909,0,-0.447158134025757,1.1908957232254,-0.922415929654017,-1.283733833462,-1.21898967706861
"3546","8925","0","1","1","1",0,-0.517830468403387,-0.948904038802791,-1.01890877283321,-0.737508737051909,1.22459298388913,-0.447158134025757,1.2630712216027,-0.922415929654017,-1.283733833462,-1.21898967706861
"3547","8925","1","1","1","1",0,-0.517830468403387,-0.948904038802791,-1.01890877283321,-0.737508737051909,-1.22459298388913,0.447158134025757,1.33524671998,-0.922415929654017,-1.283733833462,-1.21898967706861
"3548","8925","1","1","1","1",0,-0.517830468403387,-0.948904038802791,-1.01890877283321,-0.737508737051909,0,0.447158134025757,1.40742221835729,-0.922415929654017,-1.283733833462,-1.21898967706861
"3549","8925","1","1","1","1",0,-0.517830468403387,-0.948904038802791,-1.01890877283321,-0.737508737051909,1.22459298388913,0.447158134025757,1.47959771673459,-0.922415929654017,-1.283733833462,-1.21898967706861
"3550","8925","0","1","1","1",0,-0.517830468403387,-0.948904038802791,-1.01890877283321,-0.737508737051909,-1.22459298388913,1.34147440207727,1.55177321511189,-0.922415929654017,-1.283733833462,-1.21898967706861
"3551","8925","0","1","1","1",0,-0.517830468403387,-0.948904038802791,-1.01890877283321,-0.737508737051909,0,1.34147440207727,1.62394871348918,-0.922415929654017,-1.283733833462,-1.21898967706861
"3552","8925","0","1","1","1",0,-0.517830468403387,-0.948904038802791,-1.01890877283321,-0.737508737051909,1.22459298388913,1.34147440207727,1.69612421186648,-0.922415929654017,-1.283733833462,-1.21898967706861
"3553","8949","1","0","0","2",0,-0.517830468403387,-0.948904038802791,-0.455418664291706,-0.737508737051909,-1.22459298388913,-1.34147440207727,-1.69612421186648,1.55803026773494,1.41886371066852,1.37001494679392
"3554","8949","0","0","0","2",0,-0.517830468403387,-0.948904038802791,-0.455418664291706,-0.737508737051909,0,-1.34147440207727,-1.62394871348918,1.55803026773494,1.41886371066852,1.37001494679392
"3555","8949","0","0","0","2",0,-0.517830468403387,-0.948904038802791,-0.455418664291706,-0.737508737051909,1.22459298388913,-1.34147440207727,-1.55177321511189,1.55803026773494,1.41886371066852,1.37001494679392
"3556","8949","1","0","0","2",0,-0.517830468403387,-0.948904038802791,-0.455418664291706,-0.737508737051909,-1.22459298388913,-0.447158134025757,-1.47959771673459,1.55803026773494,1.41886371066852,1.37001494679392
"3557","8949","1","0","0","2",0,-0.517830468403387,-0.948904038802791,-0.455418664291706,-0.737508737051909,0,-0.447158134025757,-1.40742221835729,1.55803026773494,1.41886371066852,1.37001494679392
"3558","8949","1","0","0","2",0,-0.517830468403387,-0.948904038802791,-0.455418664291706,-0.737508737051909,1.22459298388913,-0.447158134025757,-1.33524671998,1.55803026773494,1.41886371066852,1.37001494679392
"3559","8949","1","0","0","2",0,-0.517830468403387,-0.948904038802791,-0.455418664291706,-0.737508737051909,-1.22459298388913,0.447158134025757,-1.2630712216027,1.55803026773494,1.41886371066852,1.37001494679392
"3560","8949","1","0","0","2",0,-0.517830468403387,-0.948904038802791,-0.455418664291706,-0.737508737051909,0,0.447158134025757,-1.1908957232254,1.55803026773494,1.41886371066852,1.37001494679392
"3561","8949","1","0","0","2",0,-0.517830468403387,-0.948904038802791,-0.455418664291706,-0.737508737051909,1.22459298388913,0.447158134025757,-1.1187202248481,1.55803026773494,1.41886371066852,1.37001494679392
"3562","8949","1","0","0","2",0,-0.517830468403387,-0.948904038802791,-0.455418664291706,-0.737508737051909,-1.22459298388913,1.34147440207727,-1.04654472647081,1.55803026773494,1.41886371066852,1.37001494679392
"3563","8949","1","0","0","2",0,-0.517830468403387,-0.948904038802791,-0.455418664291706,-0.737508737051909,0,1.34147440207727,-0.97436922809351,1.55803026773494,1.41886371066852,1.37001494679392
"3564","8949","1","0","0","2",0,-0.517830468403387,-0.948904038802791,-0.455418664291706,-0.737508737051909,1.22459298388913,1.34147440207727,-0.902193729716213,1.55803026773494,1.41886371066852,1.37001494679392
"3565","8949","0","0","0","2",0,-0.517830468403387,-0.948904038802791,-0.455418664291706,-0.737508737051909,-1.22459298388913,-1.34147440207727,-0.830018231338916,1.55803026773494,1.41886371066852,1.37001494679392
"3566","8949","1","0","0","2",0,-0.517830468403387,-0.948904038802791,-0.455418664291706,-0.737508737051909,0,-1.34147440207727,-0.757842732961619,1.55803026773494,1.41886371066852,1.37001494679392
"3567","8949","1","0","0","2",0,-0.517830468403387,-0.948904038802791,-0.455418664291706,-0.737508737051909,1.22459298388913,-1.34147440207727,-0.685667234584322,1.55803026773494,1.41886371066852,1.37001494679392
"3568","8949","0","0","0","2",0,-0.517830468403387,-0.948904038802791,-0.455418664291706,-0.737508737051909,-1.22459298388913,-0.447158134025757,-0.613491736207025,1.55803026773494,1.41886371066852,1.37001494679392
"3569","8949","0","0","0","2",0,-0.517830468403387,-0.948904038802791,-0.455418664291706,-0.737508737051909,0,-0.447158134025757,-0.541316237829728,1.55803026773494,1.41886371066852,1.37001494679392
"3570","8949","1","0","0","2",0,-0.517830468403387,-0.948904038802791,-0.455418664291706,-0.737508737051909,1.22459298388913,-0.447158134025757,-0.469140739452431,1.55803026773494,1.41886371066852,1.37001494679392
"3571","8949","0","0","0","2",0,-0.517830468403387,-0.948904038802791,-0.455418664291706,-0.737508737051909,-1.22459298388913,0.447158134025757,-0.396965241075134,1.55803026773494,1.41886371066852,1.37001494679392
"3572","8949","1","0","0","2",0,-0.517830468403387,-0.948904038802791,-0.455418664291706,-0.737508737051909,0,0.447158134025757,-0.324789742697837,1.55803026773494,1.41886371066852,1.37001494679392
"3573","8949","1","0","0","2",0,-0.517830468403387,-0.948904038802791,-0.455418664291706,-0.737508737051909,1.22459298388913,0.447158134025757,-0.25261424432054,1.55803026773494,1.41886371066852,1.37001494679392
"3574","8949","0","0","0","2",0,-0.517830468403387,-0.948904038802791,-0.455418664291706,-0.737508737051909,-1.22459298388913,1.34147440207727,-0.180438745943243,1.55803026773494,1.41886371066852,1.37001494679392
"3575","8949","1","0","0","2",0,-0.517830468403387,-0.948904038802791,-0.455418664291706,-0.737508737051909,0,1.34147440207727,-0.108263247565946,1.55803026773494,1.41886371066852,1.37001494679392
"3576","8949","1","0","0","2",0,-0.517830468403387,-0.948904038802791,-0.455418664291706,-0.737508737051909,1.22459298388913,1.34147440207727,-0.0360877491886485,1.55803026773494,1.41886371066852,1.37001494679392
"3577","8949","1","0","1","2",0,-0.517830468403387,-0.948904038802791,-0.455418664291706,-0.737508737051909,-1.22459298388913,-1.34147440207727,0.0360877491886485,1.55803026773494,1.41886371066852,1.37001494679392
"3578","8949","1","0","1","2",0,-0.517830468403387,-0.948904038802791,-0.455418664291706,-0.737508737051909,0,-1.34147440207727,0.108263247565946,1.55803026773494,1.41886371066852,1.37001494679392
"3579","8949","1","0","1","2",0,-0.517830468403387,-0.948904038802791,-0.455418664291706,-0.737508737051909,1.22459298388913,-1.34147440207727,0.180438745943243,1.55803026773494,1.41886371066852,1.37001494679392
"3580","8949","1","0","1","2",0,-0.517830468403387,-0.948904038802791,-0.455418664291706,-0.737508737051909,-1.22459298388913,-0.447158134025757,0.25261424432054,1.55803026773494,1.41886371066852,1.37001494679392
"3581","8949","1","0","1","2",0,-0.517830468403387,-0.948904038802791,-0.455418664291706,-0.737508737051909,0,-0.447158134025757,0.324789742697837,1.55803026773494,1.41886371066852,1.37001494679392
"3582","8949","1","0","1","2",0,-0.517830468403387,-0.948904038802791,-0.455418664291706,-0.737508737051909,1.22459298388913,-0.447158134025757,0.396965241075134,1.55803026773494,1.41886371066852,1.37001494679392
"3583","8949","1","0","1","2",0,-0.517830468403387,-0.948904038802791,-0.455418664291706,-0.737508737051909,-1.22459298388913,0.447158134025757,0.469140739452431,1.55803026773494,1.41886371066852,1.37001494679392
"3584","8949","1","0","1","2",0,-0.517830468403387,-0.948904038802791,-0.455418664291706,-0.737508737051909,0,0.447158134025757,0.541316237829728,1.55803026773494,1.41886371066852,1.37001494679392
"3585","8949","1","0","1","2",0,-0.517830468403387,-0.948904038802791,-0.455418664291706,-0.737508737051909,1.22459298388913,0.447158134025757,0.613491736207025,1.55803026773494,1.41886371066852,1.37001494679392
"3586","8949","1","0","1","2",0,-0.517830468403387,-0.948904038802791,-0.455418664291706,-0.737508737051909,-1.22459298388913,1.34147440207727,0.685667234584322,1.55803026773494,1.41886371066852,1.37001494679392
"3587","8949","0","0","1","2",0,-0.517830468403387,-0.948904038802791,-0.455418664291706,-0.737508737051909,0,1.34147440207727,0.757842732961619,1.55803026773494,1.41886371066852,1.37001494679392
"3588","8949","0","0","1","2",0,-0.517830468403387,-0.948904038802791,-0.455418664291706,-0.737508737051909,1.22459298388913,1.34147440207727,0.830018231338916,1.55803026773494,1.41886371066852,1.37001494679392
"3590","8949","0","0","1","2",0,-0.517830468403387,-0.948904038802791,-0.455418664291706,-0.737508737051909,0,-1.34147440207727,0.97436922809351,1.55803026773494,1.41886371066852,1.37001494679392
"3591","8949","1","0","1","2",0,-0.517830468403387,-0.948904038802791,-0.455418664291706,-0.737508737051909,1.22459298388913,-1.34147440207727,1.04654472647081,1.55803026773494,1.41886371066852,1.37001494679392
"3592","8949","1","0","1","2",0,-0.517830468403387,-0.948904038802791,-0.455418664291706,-0.737508737051909,-1.22459298388913,-0.447158134025757,1.1187202248481,1.55803026773494,1.41886371066852,1.37001494679392
"3593","8949","1","0","1","2",0,-0.517830468403387,-0.948904038802791,-0.455418664291706,-0.737508737051909,0,-0.447158134025757,1.1908957232254,1.55803026773494,1.41886371066852,1.37001494679392
"3594","8949","1","0","1","2",0,-0.517830468403387,-0.948904038802791,-0.455418664291706,-0.737508737051909,1.22459298388913,-0.447158134025757,1.2630712216027,1.55803026773494,1.41886371066852,1.37001494679392
"3595","8949","0","0","1","2",0,-0.517830468403387,-0.948904038802791,-0.455418664291706,-0.737508737051909,-1.22459298388913,0.447158134025757,1.33524671998,1.55803026773494,1.41886371066852,1.37001494679392
"3596","8949","1","0","1","2",0,-0.517830468403387,-0.948904038802791,-0.455418664291706,-0.737508737051909,0,0.447158134025757,1.40742221835729,1.55803026773494,1.41886371066852,1.37001494679392
"3597","8949","1","0","1","2",0,-0.517830468403387,-0.948904038802791,-0.455418664291706,-0.737508737051909,1.22459298388913,0.447158134025757,1.47959771673459,1.55803026773494,1.41886371066852,1.37001494679392
"3598","8949","0","0","1","2",0,-0.517830468403387,-0.948904038802791,-0.455418664291706,-0.737508737051909,-1.22459298388913,1.34147440207727,1.55177321511189,1.55803026773494,1.41886371066852,1.37001494679392
"3599","8949","1","0","1","2",0,-0.517830468403387,-0.948904038802791,-0.455418664291706,-0.737508737051909,0,1.34147440207727,1.62394871348918,1.55803026773494,1.41886371066852,1.37001494679392
"3600","8949","0","0","1","2",0,-0.517830468403387,-0.948904038802791,-0.455418664291706,-0.737508737051909,1.22459298388913,1.34147440207727,1.69612421186648,1.55803026773494,1.41886371066852,1.37001494679392
"3601","8987","1","0","0","2",0,-0.517830468403387,-0.948904038802791,-1.01890877283321,-0.0849509912336239,-1.22459298388913,-1.34147440207727,-1.69612421186648,0.31780716904046,0.0675649386032631,0.507013405506412
"3602","8987","1","0","0","2",0,-0.517830468403387,-0.948904038802791,-1.01890877283321,-0.0849509912336239,0,-1.34147440207727,-1.62394871348918,0.31780716904046,0.0675649386032631,0.507013405506412
"3603","8987","1","0","0","2",0,-0.517830468403387,-0.948904038802791,-1.01890877283321,-0.0849509912336239,1.22459298388913,-1.34147440207727,-1.55177321511189,0.31780716904046,0.0675649386032631,0.507013405506412
"3604","8987","0","0","0","2",0,-0.517830468403387,-0.948904038802791,-1.01890877283321,-0.0849509912336239,-1.22459298388913,-0.447158134025757,-1.47959771673459,0.31780716904046,0.0675649386032631,0.507013405506412
"3605","8987","1","0","0","2",0,-0.517830468403387,-0.948904038802791,-1.01890877283321,-0.0849509912336239,0,-0.447158134025757,-1.40742221835729,0.31780716904046,0.0675649386032631,0.507013405506412
"3606","8987","1","0","0","2",0,-0.517830468403387,-0.948904038802791,-1.01890877283321,-0.0849509912336239,1.22459298388913,-0.447158134025757,-1.33524671998,0.31780716904046,0.0675649386032631,0.507013405506412
"3608","8987","1","0","0","2",0,-0.517830468403387,-0.948904038802791,-1.01890877283321,-0.0849509912336239,0,0.447158134025757,-1.1908957232254,0.31780716904046,0.0675649386032631,0.507013405506412
"3609","8987","1","0","0","2",0,-0.517830468403387,-0.948904038802791,-1.01890877283321,-0.0849509912336239,1.22459298388913,0.447158134025757,-1.1187202248481,0.31780716904046,0.0675649386032631,0.507013405506412
"3610","8987","0","0","0","2",0,-0.517830468403387,-0.948904038802791,-1.01890877283321,-0.0849509912336239,-1.22459298388913,1.34147440207727,-1.04654472647081,0.31780716904046,0.0675649386032631,0.507013405506412
"3611","8987","1","0","0","2",0,-0.517830468403387,-0.948904038802791,-1.01890877283321,-0.0849509912336239,0,1.34147440207727,-0.97436922809351,0.31780716904046,0.0675649386032631,0.507013405506412
"3612","8987","1","0","0","2",0,-0.517830468403387,-0.948904038802791,-1.01890877283321,-0.0849509912336239,1.22459298388913,1.34147440207727,-0.902193729716213,0.31780716904046,0.0675649386032631,0.507013405506412
"3613","8987","1","0","0","2",0,-0.517830468403387,-0.948904038802791,-1.01890877283321,-0.0849509912336239,-1.22459298388913,-1.34147440207727,-0.830018231338916,0.31780716904046,0.0675649386032631,0.507013405506412
"3614","8987","1","0","0","2",0,-0.517830468403387,-0.948904038802791,-1.01890877283321,-0.0849509912336239,0,-1.34147440207727,-0.757842732961619,0.31780716904046,0.0675649386032631,0.507013405506412
"3615","8987","1","0","0","2",0,-0.517830468403387,-0.948904038802791,-1.01890877283321,-0.0849509912336239,1.22459298388913,-1.34147440207727,-0.685667234584322,0.31780716904046,0.0675649386032631,0.507013405506412
"3616","8987","1","0","0","2",0,-0.517830468403387,-0.948904038802791,-1.01890877283321,-0.0849509912336239,-1.22459298388913,-0.447158134025757,-0.613491736207025,0.31780716904046,0.0675649386032631,0.507013405506412
"3617","8987","1","0","0","2",0,-0.517830468403387,-0.948904038802791,-1.01890877283321,-0.0849509912336239,0,-0.447158134025757,-0.541316237829728,0.31780716904046,0.0675649386032631,0.507013405506412
"3618","8987","1","0","0","2",0,-0.517830468403387,-0.948904038802791,-1.01890877283321,-0.0849509912336239,1.22459298388913,-0.447158134025757,-0.469140739452431,0.31780716904046,0.0675649386032631,0.507013405506412
"3619","8987","1","0","0","2",0,-0.517830468403387,-0.948904038802791,-1.01890877283321,-0.0849509912336239,-1.22459298388913,0.447158134025757,-0.396965241075134,0.31780716904046,0.0675649386032631,0.507013405506412
"3620","8987","1","0","0","2",0,-0.517830468403387,-0.948904038802791,-1.01890877283321,-0.0849509912336239,0,0.447158134025757,-0.324789742697837,0.31780716904046,0.0675649386032631,0.507013405506412
"3621","8987","1","0","0","2",0,-0.517830468403387,-0.948904038802791,-1.01890877283321,-0.0849509912336239,1.22459298388913,0.447158134025757,-0.25261424432054,0.31780716904046,0.0675649386032631,0.507013405506412
"3622","8987","1","0","0","2",0,-0.517830468403387,-0.948904038802791,-1.01890877283321,-0.0849509912336239,-1.22459298388913,1.34147440207727,-0.180438745943243,0.31780716904046,0.0675649386032631,0.507013405506412
"3623","8987","1","0","0","2",0,-0.517830468403387,-0.948904038802791,-1.01890877283321,-0.0849509912336239,0,1.34147440207727,-0.108263247565946,0.31780716904046,0.0675649386032631,0.507013405506412
"3624","8987","1","0","0","2",0,-0.517830468403387,-0.948904038802791,-1.01890877283321,-0.0849509912336239,1.22459298388913,1.34147440207727,-0.0360877491886485,0.31780716904046,0.0675649386032631,0.507013405506412
"3625","8987","0","0","1","2",0,-0.517830468403387,-0.948904038802791,-1.01890877283321,-0.0849509912336239,-1.22459298388913,-1.34147440207727,0.0360877491886485,0.31780716904046,0.0675649386032631,0.507013405506412
"3626","8987","1","0","1","2",0,-0.517830468403387,-0.948904038802791,-1.01890877283321,-0.0849509912336239,0,-1.34147440207727,0.108263247565946,0.31780716904046,0.0675649386032631,0.507013405506412
"3627","8987","1","0","1","2",0,-0.517830468403387,-0.948904038802791,-1.01890877283321,-0.0849509912336239,1.22459298388913,-1.34147440207727,0.180438745943243,0.31780716904046,0.0675649386032631,0.507013405506412
"3628","8987","1","0","1","2",0,-0.517830468403387,-0.948904038802791,-1.01890877283321,-0.0849509912336239,-1.22459298388913,-0.447158134025757,0.25261424432054,0.31780716904046,0.0675649386032631,0.507013405506412
"3629","8987","1","0","1","2",0,-0.517830468403387,-0.948904038802791,-1.01890877283321,-0.0849509912336239,0,-0.447158134025757,0.324789742697837,0.31780716904046,0.0675649386032631,0.507013405506412
"3630","8987","1","0","1","2",0,-0.517830468403387,-0.948904038802791,-1.01890877283321,-0.0849509912336239,1.22459298388913,-0.447158134025757,0.396965241075134,0.31780716904046,0.0675649386032631,0.507013405506412
"3631","8987","0","0","1","2",0,-0.517830468403387,-0.948904038802791,-1.01890877283321,-0.0849509912336239,-1.22459298388913,0.447158134025757,0.469140739452431,0.31780716904046,0.0675649386032631,0.507013405506412
"3632","8987","1","0","1","2",0,-0.517830468403387,-0.948904038802791,-1.01890877283321,-0.0849509912336239,0,0.447158134025757,0.541316237829728,0.31780716904046,0.0675649386032631,0.507013405506412
"3633","8987","1","0","1","2",0,-0.517830468403387,-0.948904038802791,-1.01890877283321,-0.0849509912336239,1.22459298388913,0.447158134025757,0.613491736207025,0.31780716904046,0.0675649386032631,0.507013405506412
"3634","8987","1","0","1","2",0,-0.517830468403387,-0.948904038802791,-1.01890877283321,-0.0849509912336239,-1.22459298388913,1.34147440207727,0.685667234584322,0.31780716904046,0.0675649386032631,0.507013405506412
"3635","8987","1","0","1","2",0,-0.517830468403387,-0.948904038802791,-1.01890877283321,-0.0849509912336239,0,1.34147440207727,0.757842732961619,0.31780716904046,0.0675649386032631,0.507013405506412
"3636","8987","1","0","1","2",0,-0.517830468403387,-0.948904038802791,-1.01890877283321,-0.0849509912336239,1.22459298388913,1.34147440207727,0.830018231338916,0.31780716904046,0.0675649386032631,0.507013405506412
"3637","8987","0","0","1","2",0,-0.517830468403387,-0.948904038802791,-1.01890877283321,-0.0849509912336239,-1.22459298388913,-1.34147440207727,0.902193729716213,0.31780716904046,0.0675649386032631,0.507013405506412
"3638","8987","1","0","1","2",0,-0.517830468403387,-0.948904038802791,-1.01890877283321,-0.0849509912336239,0,-1.34147440207727,0.97436922809351,0.31780716904046,0.0675649386032631,0.507013405506412
"3639","8987","1","0","1","2",0,-0.517830468403387,-0.948904038802791,-1.01890877283321,-0.0849509912336239,1.22459298388913,-1.34147440207727,1.04654472647081,0.31780716904046,0.0675649386032631,0.507013405506412
"3640","8987","1","0","1","2",0,-0.517830468403387,-0.948904038802791,-1.01890877283321,-0.0849509912336239,-1.22459298388913,-0.447158134025757,1.1187202248481,0.31780716904046,0.0675649386032631,0.507013405506412
"3641","8987","1","0","1","2",0,-0.517830468403387,-0.948904038802791,-1.01890877283321,-0.0849509912336239,0,-0.447158134025757,1.1908957232254,0.31780716904046,0.0675649386032631,0.507013405506412
"3642","8987","1","0","1","2",0,-0.517830468403387,-0.948904038802791,-1.01890877283321,-0.0849509912336239,1.22459298388913,-0.447158134025757,1.2630712216027,0.31780716904046,0.0675649386032631,0.507013405506412
"3643","8987","1","0","1","2",0,-0.517830468403387,-0.948904038802791,-1.01890877283321,-0.0849509912336239,-1.22459298388913,0.447158134025757,1.33524671998,0.31780716904046,0.0675649386032631,0.507013405506412
"3644","8987","1","0","1","2",0,-0.517830468403387,-0.948904038802791,-1.01890877283321,-0.0849509912336239,0,0.447158134025757,1.40742221835729,0.31780716904046,0.0675649386032631,0.507013405506412
"3645","8987","1","0","1","2",0,-0.517830468403387,-0.948904038802791,-1.01890877283321,-0.0849509912336239,1.22459298388913,0.447158134025757,1.47959771673459,0.31780716904046,0.0675649386032631,0.507013405506412
"3646","8987","1","0","1","2",0,-0.517830468403387,-0.948904038802791,-1.01890877283321,-0.0849509912336239,-1.22459298388913,1.34147440207727,1.55177321511189,0.31780716904046,0.0675649386032631,0.507013405506412
"3647","8987","1","0","1","2",0,-0.517830468403387,-0.948904038802791,-1.01890877283321,-0.0849509912336239,0,1.34147440207727,1.62394871348918,0.31780716904046,0.0675649386032631,0.507013405506412
"3648","8987","1","0","1","2",0,-0.517830468403387,-0.948904038802791,-1.01890877283321,-0.0849509912336239,1.22459298388913,1.34147440207727,1.69612421186648,0.31780716904046,0.0675649386032631,0.507013405506412
"3649","9045","0","0","0","2",0,0.0669775639268432,-0.948904038802791,-0.455418664291706,-0.737508737051909,-1.22459298388913,-1.34147440207727,-1.69612421186648,0.31780716904046,0.0675649386032631,0.507013405506412
"3650","9045","1","0","0","2",0,0.0669775639268432,-0.948904038802791,-0.455418664291706,-0.737508737051909,0,-1.34147440207727,-1.62394871348918,0.31780716904046,0.0675649386032631,0.507013405506412
"3651","9045","1","0","0","2",0,0.0669775639268432,-0.948904038802791,-0.455418664291706,-0.737508737051909,1.22459298388913,-1.34147440207727,-1.55177321511189,0.31780716904046,0.0675649386032631,0.507013405506412
"3652","9045","0","0","0","2",0,0.0669775639268432,-0.948904038802791,-0.455418664291706,-0.737508737051909,-1.22459298388913,-0.447158134025757,-1.47959771673459,0.31780716904046,0.0675649386032631,0.507013405506412
"3653","9045","1","0","0","2",0,0.0669775639268432,-0.948904038802791,-0.455418664291706,-0.737508737051909,0,-0.447158134025757,-1.40742221835729,0.31780716904046,0.0675649386032631,0.507013405506412
"3654","9045","1","0","0","2",0,0.0669775639268432,-0.948904038802791,-0.455418664291706,-0.737508737051909,1.22459298388913,-0.447158134025757,-1.33524671998,0.31780716904046,0.0675649386032631,0.507013405506412
"3655","9045","0","0","0","2",0,0.0669775639268432,-0.948904038802791,-0.455418664291706,-0.737508737051909,-1.22459298388913,0.447158134025757,-1.2630712216027,0.31780716904046,0.0675649386032631,0.507013405506412
"3656","9045","1","0","0","2",0,0.0669775639268432,-0.948904038802791,-0.455418664291706,-0.737508737051909,0,0.447158134025757,-1.1908957232254,0.31780716904046,0.0675649386032631,0.507013405506412
"3657","9045","1","0","0","2",0,0.0669775639268432,-0.948904038802791,-0.455418664291706,-0.737508737051909,1.22459298388913,0.447158134025757,-1.1187202248481,0.31780716904046,0.0675649386032631,0.507013405506412
"3658","9045","1","0","0","2",0,0.0669775639268432,-0.948904038802791,-0.455418664291706,-0.737508737051909,-1.22459298388913,1.34147440207727,-1.04654472647081,0.31780716904046,0.0675649386032631,0.507013405506412
"3659","9045","1","0","0","2",0,0.0669775639268432,-0.948904038802791,-0.455418664291706,-0.737508737051909,0,1.34147440207727,-0.97436922809351,0.31780716904046,0.0675649386032631,0.507013405506412
"3660","9045","1","0","0","2",0,0.0669775639268432,-0.948904038802791,-0.455418664291706,-0.737508737051909,1.22459298388913,1.34147440207727,-0.902193729716213,0.31780716904046,0.0675649386032631,0.507013405506412
"3661","9045","0","0","0","2",0,0.0669775639268432,-0.948904038802791,-0.455418664291706,-0.737508737051909,-1.22459298388913,-1.34147440207727,-0.830018231338916,0.31780716904046,0.0675649386032631,0.507013405506412
"3662","9045","1","0","0","2",0,0.0669775639268432,-0.948904038802791,-0.455418664291706,-0.737508737051909,0,-1.34147440207727,-0.757842732961619,0.31780716904046,0.0675649386032631,0.507013405506412
"3663","9045","1","0","0","2",0,0.0669775639268432,-0.948904038802791,-0.455418664291706,-0.737508737051909,1.22459298388913,-1.34147440207727,-0.685667234584322,0.31780716904046,0.0675649386032631,0.507013405506412
"3664","9045","0","0","0","2",0,0.0669775639268432,-0.948904038802791,-0.455418664291706,-0.737508737051909,-1.22459298388913,-0.447158134025757,-0.613491736207025,0.31780716904046,0.0675649386032631,0.507013405506412
"3665","9045","1","0","0","2",0,0.0669775639268432,-0.948904038802791,-0.455418664291706,-0.737508737051909,0,-0.447158134025757,-0.541316237829728,0.31780716904046,0.0675649386032631,0.507013405506412
"3666","9045","1","0","0","2",0,0.0669775639268432,-0.948904038802791,-0.455418664291706,-0.737508737051909,1.22459298388913,-0.447158134025757,-0.469140739452431,0.31780716904046,0.0675649386032631,0.507013405506412
"3667","9045","0","0","0","2",0,0.0669775639268432,-0.948904038802791,-0.455418664291706,-0.737508737051909,-1.22459298388913,0.447158134025757,-0.396965241075134,0.31780716904046,0.0675649386032631,0.507013405506412
"3668","9045","1","0","0","2",0,0.0669775639268432,-0.948904038802791,-0.455418664291706,-0.737508737051909,0,0.447158134025757,-0.324789742697837,0.31780716904046,0.0675649386032631,0.507013405506412
"3669","9045","1","0","0","2",0,0.0669775639268432,-0.948904038802791,-0.455418664291706,-0.737508737051909,1.22459298388913,0.447158134025757,-0.25261424432054,0.31780716904046,0.0675649386032631,0.507013405506412
"3670","9045","0","0","0","2",0,0.0669775639268432,-0.948904038802791,-0.455418664291706,-0.737508737051909,-1.22459298388913,1.34147440207727,-0.180438745943243,0.31780716904046,0.0675649386032631,0.507013405506412
"3671","9045","1","0","0","2",0,0.0669775639268432,-0.948904038802791,-0.455418664291706,-0.737508737051909,0,1.34147440207727,-0.108263247565946,0.31780716904046,0.0675649386032631,0.507013405506412
"3672","9045","1","0","0","2",0,0.0669775639268432,-0.948904038802791,-0.455418664291706,-0.737508737051909,1.22459298388913,1.34147440207727,-0.0360877491886485,0.31780716904046,0.0675649386032631,0.507013405506412
"3673","9045","0","0","1","2",0,0.0669775639268432,-0.948904038802791,-0.455418664291706,-0.737508737051909,-1.22459298388913,-1.34147440207727,0.0360877491886485,0.31780716904046,0.0675649386032631,0.507013405506412
"3674","9045","0","0","1","2",0,0.0669775639268432,-0.948904038802791,-0.455418664291706,-0.737508737051909,0,-1.34147440207727,0.108263247565946,0.31780716904046,0.0675649386032631,0.507013405506412
"3675","9045","1","0","1","2",0,0.0669775639268432,-0.948904038802791,-0.455418664291706,-0.737508737051909,1.22459298388913,-1.34147440207727,0.180438745943243,0.31780716904046,0.0675649386032631,0.507013405506412
"3676","9045","1","0","1","2",0,0.0669775639268432,-0.948904038802791,-0.455418664291706,-0.737508737051909,-1.22459298388913,-0.447158134025757,0.25261424432054,0.31780716904046,0.0675649386032631,0.507013405506412
"3677","9045","1","0","1","2",0,0.0669775639268432,-0.948904038802791,-0.455418664291706,-0.737508737051909,0,-0.447158134025757,0.324789742697837,0.31780716904046,0.0675649386032631,0.507013405506412
"3678","9045","1","0","1","2",0,0.0669775639268432,-0.948904038802791,-0.455418664291706,-0.737508737051909,1.22459298388913,-0.447158134025757,0.396965241075134,0.31780716904046,0.0675649386032631,0.507013405506412
"3679","9045","0","0","1","2",0,0.0669775639268432,-0.948904038802791,-0.455418664291706,-0.737508737051909,-1.22459298388913,0.447158134025757,0.469140739452431,0.31780716904046,0.0675649386032631,0.507013405506412
"3680","9045","0","0","1","2",0,0.0669775639268432,-0.948904038802791,-0.455418664291706,-0.737508737051909,0,0.447158134025757,0.541316237829728,0.31780716904046,0.0675649386032631,0.507013405506412
"3681","9045","1","0","1","2",0,0.0669775639268432,-0.948904038802791,-0.455418664291706,-0.737508737051909,1.22459298388913,0.447158134025757,0.613491736207025,0.31780716904046,0.0675649386032631,0.507013405506412
"3682","9045","0","0","1","2",0,0.0669775639268432,-0.948904038802791,-0.455418664291706,-0.737508737051909,-1.22459298388913,1.34147440207727,0.685667234584322,0.31780716904046,0.0675649386032631,0.507013405506412
"3683","9045","1","0","1","2",0,0.0669775639268432,-0.948904038802791,-0.455418664291706,-0.737508737051909,0,1.34147440207727,0.757842732961619,0.31780716904046,0.0675649386032631,0.507013405506412
"3684","9045","1","0","1","2",0,0.0669775639268432,-0.948904038802791,-0.455418664291706,-0.737508737051909,1.22459298388913,1.34147440207727,0.830018231338916,0.31780716904046,0.0675649386032631,0.507013405506412
"3685","9045","0","0","1","2",0,0.0669775639268432,-0.948904038802791,-0.455418664291706,-0.737508737051909,-1.22459298388913,-1.34147440207727,0.902193729716213,0.31780716904046,0.0675649386032631,0.507013405506412
"3686","9045","1","0","1","2",0,0.0669775639268432,-0.948904038802791,-0.455418664291706,-0.737508737051909,0,-1.34147440207727,0.97436922809351,0.31780716904046,0.0675649386032631,0.507013405506412
"3687","9045","1","0","1","2",0,0.0669775639268432,-0.948904038802791,-0.455418664291706,-0.737508737051909,1.22459298388913,-1.34147440207727,1.04654472647081,0.31780716904046,0.0675649386032631,0.507013405506412
"3688","9045","0","0","1","2",0,0.0669775639268432,-0.948904038802791,-0.455418664291706,-0.737508737051909,-1.22459298388913,-0.447158134025757,1.1187202248481,0.31780716904046,0.0675649386032631,0.507013405506412
"3689","9045","1","0","1","2",0,0.0669775639268432,-0.948904038802791,-0.455418664291706,-0.737508737051909,0,-0.447158134025757,1.1908957232254,0.31780716904046,0.0675649386032631,0.507013405506412
"3690","9045","1","0","1","2",0,0.0669775639268432,-0.948904038802791,-0.455418664291706,-0.737508737051909,1.22459298388913,-0.447158134025757,1.2630712216027,0.31780716904046,0.0675649386032631,0.507013405506412
"3691","9045","0","0","1","2",0,0.0669775639268432,-0.948904038802791,-0.455418664291706,-0.737508737051909,-1.22459298388913,0.447158134025757,1.33524671998,0.31780716904046,0.0675649386032631,0.507013405506412
"3692","9045","1","0","1","2",0,0.0669775639268432,-0.948904038802791,-0.455418664291706,-0.737508737051909,0,0.447158134025757,1.40742221835729,0.31780716904046,0.0675649386032631,0.507013405506412
"3693","9045","1","0","1","2",0,0.0669775639268432,-0.948904038802791,-0.455418664291706,-0.737508737051909,1.22459298388913,0.447158134025757,1.47959771673459,0.31780716904046,0.0675649386032631,0.507013405506412
"3695","9045","0","0","1","2",0,0.0669775639268432,-0.948904038802791,-0.455418664291706,-0.737508737051909,0,1.34147440207727,1.62394871348918,0.31780716904046,0.0675649386032631,0.507013405506412
"3696","9045","1","0","1","2",1,0.0669775639268432,-0.948904038802791,-0.455418664291706,-0.737508737051909,1.22459298388913,1.34147440207727,1.69612421186648,0.31780716904046,0.0675649386032631,0.507013405506412
"3697","9203","1","0","0","2",0,-0.517830468403387,0.0177380734017993,-1.01890877283321,-0.737508737051909,-1.22459298388913,-1.34147440207727,-1.69612421186648,1.55803026773494,1.41886371066852,1.37001494679392
"3698","9203","1","0","0","2",0,-0.517830468403387,0.0177380734017993,-1.01890877283321,-0.737508737051909,0,-1.34147440207727,-1.62394871348918,1.55803026773494,1.41886371066852,1.37001494679392
"3699","9203","1","0","0","2",0,-0.517830468403387,0.0177380734017993,-1.01890877283321,-0.737508737051909,1.22459298388913,-1.34147440207727,-1.55177321511189,1.55803026773494,1.41886371066852,1.37001494679392
"3700","9203","1","0","0","2",0,-0.517830468403387,0.0177380734017993,-1.01890877283321,-0.737508737051909,-1.22459298388913,-0.447158134025757,-1.47959771673459,1.55803026773494,1.41886371066852,1.37001494679392
"3701","9203","1","0","0","2",0,-0.517830468403387,0.0177380734017993,-1.01890877283321,-0.737508737051909,0,-0.447158134025757,-1.40742221835729,1.55803026773494,1.41886371066852,1.37001494679392
"3702","9203","1","0","0","2",0,-0.517830468403387,0.0177380734017993,-1.01890877283321,-0.737508737051909,1.22459298388913,-0.447158134025757,-1.33524671998,1.55803026773494,1.41886371066852,1.37001494679392
"3703","9203","1","0","0","2",0,-0.517830468403387,0.0177380734017993,-1.01890877283321,-0.737508737051909,-1.22459298388913,0.447158134025757,-1.2630712216027,1.55803026773494,1.41886371066852,1.37001494679392
"3704","9203","1","0","0","2",0,-0.517830468403387,0.0177380734017993,-1.01890877283321,-0.737508737051909,0,0.447158134025757,-1.1908957232254,1.55803026773494,1.41886371066852,1.37001494679392
"3705","9203","1","0","0","2",0,-0.517830468403387,0.0177380734017993,-1.01890877283321,-0.737508737051909,1.22459298388913,0.447158134025757,-1.1187202248481,1.55803026773494,1.41886371066852,1.37001494679392
"3706","9203","1","0","0","2",1,-0.517830468403387,0.0177380734017993,-1.01890877283321,-0.737508737051909,-1.22459298388913,1.34147440207727,-1.04654472647081,1.55803026773494,1.41886371066852,1.37001494679392
"3707","9203","1","0","0","2",0,-0.517830468403387,0.0177380734017993,-1.01890877283321,-0.737508737051909,0,1.34147440207727,-0.97436922809351,1.55803026773494,1.41886371066852,1.37001494679392
"3708","9203","1","0","0","2",0,-0.517830468403387,0.0177380734017993,-1.01890877283321,-0.737508737051909,1.22459298388913,1.34147440207727,-0.902193729716213,1.55803026773494,1.41886371066852,1.37001494679392
"3709","9203","1","0","0","2",0,-0.517830468403387,0.0177380734017993,-1.01890877283321,-0.737508737051909,-1.22459298388913,-1.34147440207727,-0.830018231338916,1.55803026773494,1.41886371066852,1.37001494679392
"3710","9203","1","0","0","2",0,-0.517830468403387,0.0177380734017993,-1.01890877283321,-0.737508737051909,0,-1.34147440207727,-0.757842732961619,1.55803026773494,1.41886371066852,1.37001494679392
"3711","9203","1","0","0","2",0,-0.517830468403387,0.0177380734017993,-1.01890877283321,-0.737508737051909,1.22459298388913,-1.34147440207727,-0.685667234584322,1.55803026773494,1.41886371066852,1.37001494679392
"3712","9203","1","0","0","2",0,-0.517830468403387,0.0177380734017993,-1.01890877283321,-0.737508737051909,-1.22459298388913,-0.447158134025757,-0.613491736207025,1.55803026773494,1.41886371066852,1.37001494679392
"3713","9203","1","0","0","2",0,-0.517830468403387,0.0177380734017993,-1.01890877283321,-0.737508737051909,0,-0.447158134025757,-0.541316237829728,1.55803026773494,1.41886371066852,1.37001494679392
"3714","9203","1","0","0","2",0,-0.517830468403387,0.0177380734017993,-1.01890877283321,-0.737508737051909,1.22459298388913,-0.447158134025757,-0.469140739452431,1.55803026773494,1.41886371066852,1.37001494679392
"3715","9203","1","0","0","2",0,-0.517830468403387,0.0177380734017993,-1.01890877283321,-0.737508737051909,-1.22459298388913,0.447158134025757,-0.396965241075134,1.55803026773494,1.41886371066852,1.37001494679392
"3716","9203","1","0","0","2",0,-0.517830468403387,0.0177380734017993,-1.01890877283321,-0.737508737051909,0,0.447158134025757,-0.324789742697837,1.55803026773494,1.41886371066852,1.37001494679392
"3717","9203","1","0","0","2",0,-0.517830468403387,0.0177380734017993,-1.01890877283321,-0.737508737051909,1.22459298388913,0.447158134025757,-0.25261424432054,1.55803026773494,1.41886371066852,1.37001494679392
"3718","9203","1","0","0","2",0,-0.517830468403387,0.0177380734017993,-1.01890877283321,-0.737508737051909,-1.22459298388913,1.34147440207727,-0.180438745943243,1.55803026773494,1.41886371066852,1.37001494679392
"3719","9203","1","0","0","2",0,-0.517830468403387,0.0177380734017993,-1.01890877283321,-0.737508737051909,0,1.34147440207727,-0.108263247565946,1.55803026773494,1.41886371066852,1.37001494679392
"3720","9203","1","0","0","2",1,-0.517830468403387,0.0177380734017993,-1.01890877283321,-0.737508737051909,1.22459298388913,1.34147440207727,-0.0360877491886485,1.55803026773494,1.41886371066852,1.37001494679392
"3721","9203","1","0","1","2",0,-0.517830468403387,0.0177380734017993,-1.01890877283321,-0.737508737051909,-1.22459298388913,-1.34147440207727,0.0360877491886485,1.55803026773494,1.41886371066852,1.37001494679392
"3722","9203","1","0","1","2",0,-0.517830468403387,0.0177380734017993,-1.01890877283321,-0.737508737051909,0,-1.34147440207727,0.108263247565946,1.55803026773494,1.41886371066852,1.37001494679392
"3723","9203","1","0","1","2",0,-0.517830468403387,0.0177380734017993,-1.01890877283321,-0.737508737051909,1.22459298388913,-1.34147440207727,0.180438745943243,1.55803026773494,1.41886371066852,1.37001494679392
"3724","9203","1","0","1","2",0,-0.517830468403387,0.0177380734017993,-1.01890877283321,-0.737508737051909,-1.22459298388913,-0.447158134025757,0.25261424432054,1.55803026773494,1.41886371066852,1.37001494679392
"3725","9203","1","0","1","2",0,-0.517830468403387,0.0177380734017993,-1.01890877283321,-0.737508737051909,0,-0.447158134025757,0.324789742697837,1.55803026773494,1.41886371066852,1.37001494679392
"3726","9203","1","0","1","2",0,-0.517830468403387,0.0177380734017993,-1.01890877283321,-0.737508737051909,1.22459298388913,-0.447158134025757,0.396965241075134,1.55803026773494,1.41886371066852,1.37001494679392
"3727","9203","1","0","1","2",0,-0.517830468403387,0.0177380734017993,-1.01890877283321,-0.737508737051909,-1.22459298388913,0.447158134025757,0.469140739452431,1.55803026773494,1.41886371066852,1.37001494679392
"3728","9203","1","0","1","2",0,-0.517830468403387,0.0177380734017993,-1.01890877283321,-0.737508737051909,0,0.447158134025757,0.541316237829728,1.55803026773494,1.41886371066852,1.37001494679392
"3729","9203","1","0","1","2",0,-0.517830468403387,0.0177380734017993,-1.01890877283321,-0.737508737051909,1.22459298388913,0.447158134025757,0.613491736207025,1.55803026773494,1.41886371066852,1.37001494679392
"3730","9203","1","0","1","2",0,-0.517830468403387,0.0177380734017993,-1.01890877283321,-0.737508737051909,-1.22459298388913,1.34147440207727,0.685667234584322,1.55803026773494,1.41886371066852,1.37001494679392
"3731","9203","1","0","1","2",0,-0.517830468403387,0.0177380734017993,-1.01890877283321,-0.737508737051909,0,1.34147440207727,0.757842732961619,1.55803026773494,1.41886371066852,1.37001494679392
"3732","9203","1","0","1","2",0,-0.517830468403387,0.0177380734017993,-1.01890877283321,-0.737508737051909,1.22459298388913,1.34147440207727,0.830018231338916,1.55803026773494,1.41886371066852,1.37001494679392
"3733","9203","1","0","1","2",0,-0.517830468403387,0.0177380734017993,-1.01890877283321,-0.737508737051909,-1.22459298388913,-1.34147440207727,0.902193729716213,1.55803026773494,1.41886371066852,1.37001494679392
"3734","9203","1","0","1","2",0,-0.517830468403387,0.0177380734017993,-1.01890877283321,-0.737508737051909,0,-1.34147440207727,0.97436922809351,1.55803026773494,1.41886371066852,1.37001494679392
"3735","9203","1","0","1","2",0,-0.517830468403387,0.0177380734017993,-1.01890877283321,-0.737508737051909,1.22459298388913,-1.34147440207727,1.04654472647081,1.55803026773494,1.41886371066852,1.37001494679392
"3736","9203","1","0","1","2",0,-0.517830468403387,0.0177380734017993,-1.01890877283321,-0.737508737051909,-1.22459298388913,-0.447158134025757,1.1187202248481,1.55803026773494,1.41886371066852,1.37001494679392
"3737","9203","1","0","1","2",0,-0.517830468403387,0.0177380734017993,-1.01890877283321,-0.737508737051909,0,-0.447158134025757,1.1908957232254,1.55803026773494,1.41886371066852,1.37001494679392
"3738","9203","1","0","1","2",0,-0.517830468403387,0.0177380734017993,-1.01890877283321,-0.737508737051909,1.22459298388913,-0.447158134025757,1.2630712216027,1.55803026773494,1.41886371066852,1.37001494679392
"3739","9203","1","0","1","2",0,-0.517830468403387,0.0177380734017993,-1.01890877283321,-0.737508737051909,-1.22459298388913,0.447158134025757,1.33524671998,1.55803026773494,1.41886371066852,1.37001494679392
"3740","9203","1","0","1","2",0,-0.517830468403387,0.0177380734017993,-1.01890877283321,-0.737508737051909,0,0.447158134025757,1.40742221835729,1.55803026773494,1.41886371066852,1.37001494679392
"3741","9203","1","0","1","2",0,-0.517830468403387,0.0177380734017993,-1.01890877283321,-0.737508737051909,1.22459298388913,0.447158134025757,1.47959771673459,1.55803026773494,1.41886371066852,1.37001494679392
"3742","9203","1","0","1","2",0,-0.517830468403387,0.0177380734017993,-1.01890877283321,-0.737508737051909,-1.22459298388913,1.34147440207727,1.55177321511189,1.55803026773494,1.41886371066852,1.37001494679392
"3743","9203","1","0","1","2",0,-0.517830468403387,0.0177380734017993,-1.01890877283321,-0.737508737051909,0,1.34147440207727,1.62394871348918,1.55803026773494,1.41886371066852,1.37001494679392
"3744","9203","1","0","1","2",0,-0.517830468403387,0.0177380734017993,-1.01890877283321,-0.737508737051909,1.22459298388913,1.34147440207727,1.69612421186648,1.55803026773494,1.41886371066852,1.37001494679392
"3745","9350","1","0","0","2",0,-0.517830468403387,-0.948904038802791,-1.01890877283321,-0.737508737051909,-1.22459298388913,-1.34147440207727,-1.69612421186648,1.55803026773494,1.41886371066852,1.37001494679392
"3746","9350","1","0","0","2",0,-0.517830468403387,-0.948904038802791,-1.01890877283321,-0.737508737051909,0,-1.34147440207727,-1.62394871348918,1.55803026773494,1.41886371066852,1.37001494679392
"3747","9350","1","0","0","2",0,-0.517830468403387,-0.948904038802791,-1.01890877283321,-0.737508737051909,1.22459298388913,-1.34147440207727,-1.55177321511189,1.55803026773494,1.41886371066852,1.37001494679392
"3748","9350","1","0","0","2",0,-0.517830468403387,-0.948904038802791,-1.01890877283321,-0.737508737051909,-1.22459298388913,-0.447158134025757,-1.47959771673459,1.55803026773494,1.41886371066852,1.37001494679392
"3749","9350","1","0","0","2",0,-0.517830468403387,-0.948904038802791,-1.01890877283321,-0.737508737051909,0,-0.447158134025757,-1.40742221835729,1.55803026773494,1.41886371066852,1.37001494679392
"3750","9350","1","0","0","2",0,-0.517830468403387,-0.948904038802791,-1.01890877283321,-0.737508737051909,1.22459298388913,-0.447158134025757,-1.33524671998,1.55803026773494,1.41886371066852,1.37001494679392
"3751","9350","1","0","0","2",0,-0.517830468403387,-0.948904038802791,-1.01890877283321,-0.737508737051909,-1.22459298388913,0.447158134025757,-1.2630712216027,1.55803026773494,1.41886371066852,1.37001494679392
"3752","9350","1","0","0","2",0,-0.517830468403387,-0.948904038802791,-1.01890877283321,-0.737508737051909,0,0.447158134025757,-1.1908957232254,1.55803026773494,1.41886371066852,1.37001494679392
"3753","9350","1","0","0","2",0,-0.517830468403387,-0.948904038802791,-1.01890877283321,-0.737508737051909,1.22459298388913,0.447158134025757,-1.1187202248481,1.55803026773494,1.41886371066852,1.37001494679392
"3754","9350","1","0","0","2",0,-0.517830468403387,-0.948904038802791,-1.01890877283321,-0.737508737051909,-1.22459298388913,1.34147440207727,-1.04654472647081,1.55803026773494,1.41886371066852,1.37001494679392
"3755","9350","1","0","0","2",0,-0.517830468403387,-0.948904038802791,-1.01890877283321,-0.737508737051909,0,1.34147440207727,-0.97436922809351,1.55803026773494,1.41886371066852,1.37001494679392
"3756","9350","1","0","0","2",0,-0.517830468403387,-0.948904038802791,-1.01890877283321,-0.737508737051909,1.22459298388913,1.34147440207727,-0.902193729716213,1.55803026773494,1.41886371066852,1.37001494679392
"3757","9350","1","0","0","2",0,-0.517830468403387,-0.948904038802791,-1.01890877283321,-0.737508737051909,-1.22459298388913,-1.34147440207727,-0.830018231338916,1.55803026773494,1.41886371066852,1.37001494679392
"3758","9350","1","0","0","2",0,-0.517830468403387,-0.948904038802791,-1.01890877283321,-0.737508737051909,0,-1.34147440207727,-0.757842732961619,1.55803026773494,1.41886371066852,1.37001494679392
"3759","9350","1","0","0","2",0,-0.517830468403387,-0.948904038802791,-1.01890877283321,-0.737508737051909,1.22459298388913,-1.34147440207727,-0.685667234584322,1.55803026773494,1.41886371066852,1.37001494679392
"3760","9350","1","0","0","2",0,-0.517830468403387,-0.948904038802791,-1.01890877283321,-0.737508737051909,-1.22459298388913,-0.447158134025757,-0.613491736207025,1.55803026773494,1.41886371066852,1.37001494679392
"3761","9350","1","0","0","2",0,-0.517830468403387,-0.948904038802791,-1.01890877283321,-0.737508737051909,0,-0.447158134025757,-0.541316237829728,1.55803026773494,1.41886371066852,1.37001494679392
"3762","9350","1","0","0","2",0,-0.517830468403387,-0.948904038802791,-1.01890877283321,-0.737508737051909,1.22459298388913,-0.447158134025757,-0.469140739452431,1.55803026773494,1.41886371066852,1.37001494679392
"3763","9350","1","0","0","2",0,-0.517830468403387,-0.948904038802791,-1.01890877283321,-0.737508737051909,-1.22459298388913,0.447158134025757,-0.396965241075134,1.55803026773494,1.41886371066852,1.37001494679392
"3764","9350","1","0","0","2",0,-0.517830468403387,-0.948904038802791,-1.01890877283321,-0.737508737051909,0,0.447158134025757,-0.324789742697837,1.55803026773494,1.41886371066852,1.37001494679392
"3765","9350","1","0","0","2",0,-0.517830468403387,-0.948904038802791,-1.01890877283321,-0.737508737051909,1.22459298388913,0.447158134025757,-0.25261424432054,1.55803026773494,1.41886371066852,1.37001494679392
"3766","9350","1","0","0","2",0,-0.517830468403387,-0.948904038802791,-1.01890877283321,-0.737508737051909,-1.22459298388913,1.34147440207727,-0.180438745943243,1.55803026773494,1.41886371066852,1.37001494679392
"3767","9350","1","0","0","2",0,-0.517830468403387,-0.948904038802791,-1.01890877283321,-0.737508737051909,0,1.34147440207727,-0.108263247565946,1.55803026773494,1.41886371066852,1.37001494679392
"3768","9350","1","0","0","2",0,-0.517830468403387,-0.948904038802791,-1.01890877283321,-0.737508737051909,1.22459298388913,1.34147440207727,-0.0360877491886485,1.55803026773494,1.41886371066852,1.37001494679392
"3769","9350","1","0","1","2",0,-0.517830468403387,-0.948904038802791,-1.01890877283321,-0.737508737051909,-1.22459298388913,-1.34147440207727,0.0360877491886485,1.55803026773494,1.41886371066852,1.37001494679392
"3770","9350","1","0","1","2",0,-0.517830468403387,-0.948904038802791,-1.01890877283321,-0.737508737051909,0,-1.34147440207727,0.108263247565946,1.55803026773494,1.41886371066852,1.37001494679392
"3771","9350","1","0","1","2",0,-0.517830468403387,-0.948904038802791,-1.01890877283321,-0.737508737051909,1.22459298388913,-1.34147440207727,0.180438745943243,1.55803026773494,1.41886371066852,1.37001494679392
"3772","9350","1","0","1","2",0,-0.517830468403387,-0.948904038802791,-1.01890877283321,-0.737508737051909,-1.22459298388913,-0.447158134025757,0.25261424432054,1.55803026773494,1.41886371066852,1.37001494679392
"3773","9350","1","0","1","2",0,-0.517830468403387,-0.948904038802791,-1.01890877283321,-0.737508737051909,0,-0.447158134025757,0.324789742697837,1.55803026773494,1.41886371066852,1.37001494679392
"3774","9350","1","0","1","2",0,-0.517830468403387,-0.948904038802791,-1.01890877283321,-0.737508737051909,1.22459298388913,-0.447158134025757,0.396965241075134,1.55803026773494,1.41886371066852,1.37001494679392
"3775","9350","1","0","1","2",0,-0.517830468403387,-0.948904038802791,-1.01890877283321,-0.737508737051909,-1.22459298388913,0.447158134025757,0.469140739452431,1.55803026773494,1.41886371066852,1.37001494679392
"3776","9350","1","0","1","2",0,-0.517830468403387,-0.948904038802791,-1.01890877283321,-0.737508737051909,0,0.447158134025757,0.541316237829728,1.55803026773494,1.41886371066852,1.37001494679392
"3777","9350","1","0","1","2",0,-0.517830468403387,-0.948904038802791,-1.01890877283321,-0.737508737051909,1.22459298388913,0.447158134025757,0.613491736207025,1.55803026773494,1.41886371066852,1.37001494679392
"3778","9350","1","0","1","2",0,-0.517830468403387,-0.948904038802791,-1.01890877283321,-0.737508737051909,-1.22459298388913,1.34147440207727,0.685667234584322,1.55803026773494,1.41886371066852,1.37001494679392
"3779","9350","1","0","1","2",0,-0.517830468403387,-0.948904038802791,-1.01890877283321,-0.737508737051909,0,1.34147440207727,0.757842732961619,1.55803026773494,1.41886371066852,1.37001494679392
"3780","9350","1","0","1","2",0,-0.517830468403387,-0.948904038802791,-1.01890877283321,-0.737508737051909,1.22459298388913,1.34147440207727,0.830018231338916,1.55803026773494,1.41886371066852,1.37001494679392
"3781","9350","1","0","1","2",0,-0.517830468403387,-0.948904038802791,-1.01890877283321,-0.737508737051909,-1.22459298388913,-1.34147440207727,0.902193729716213,1.55803026773494,1.41886371066852,1.37001494679392
"3782","9350","1","0","1","2",0,-0.517830468403387,-0.948904038802791,-1.01890877283321,-0.737508737051909,0,-1.34147440207727,0.97436922809351,1.55803026773494,1.41886371066852,1.37001494679392
"3783","9350","1","0","1","2",0,-0.517830468403387,-0.948904038802791,-1.01890877283321,-0.737508737051909,1.22459298388913,-1.34147440207727,1.04654472647081,1.55803026773494,1.41886371066852,1.37001494679392
"3784","9350","1","0","1","2",0,-0.517830468403387,-0.948904038802791,-1.01890877283321,-0.737508737051909,-1.22459298388913,-0.447158134025757,1.1187202248481,1.55803026773494,1.41886371066852,1.37001494679392
"3785","9350","1","0","1","2",0,-0.517830468403387,-0.948904038802791,-1.01890877283321,-0.737508737051909,0,-0.447158134025757,1.1908957232254,1.55803026773494,1.41886371066852,1.37001494679392
"3786","9350","1","0","1","2",0,-0.517830468403387,-0.948904038802791,-1.01890877283321,-0.737508737051909,1.22459298388913,-0.447158134025757,1.2630712216027,1.55803026773494,1.41886371066852,1.37001494679392
"3787","9350","1","0","1","2",0,-0.517830468403387,-0.948904038802791,-1.01890877283321,-0.737508737051909,-1.22459298388913,0.447158134025757,1.33524671998,1.55803026773494,1.41886371066852,1.37001494679392
"3788","9350","1","0","1","2",0,-0.517830468403387,-0.948904038802791,-1.01890877283321,-0.737508737051909,0,0.447158134025757,1.40742221835729,1.55803026773494,1.41886371066852,1.37001494679392
"3789","9350","1","0","1","2",0,-0.517830468403387,-0.948904038802791,-1.01890877283321,-0.737508737051909,1.22459298388913,0.447158134025757,1.47959771673459,1.55803026773494,1.41886371066852,1.37001494679392
"3790","9350","1","0","1","2",0,-0.517830468403387,-0.948904038802791,-1.01890877283321,-0.737508737051909,-1.22459298388913,1.34147440207727,1.55177321511189,1.55803026773494,1.41886371066852,1.37001494679392
"3791","9350","1","0","1","2",0,-0.517830468403387,-0.948904038802791,-1.01890877283321,-0.737508737051909,0,1.34147440207727,1.62394871348918,1.55803026773494,1.41886371066852,1.37001494679392
"3792","9350","1","0","1","2",0,-0.517830468403387,-0.948904038802791,-1.01890877283321,-0.737508737051909,1.22459298388913,1.34147440207727,1.69612421186648,1.55803026773494,1.41886371066852,1.37001494679392
"3793","9477","1","1","0","1",0,0.392143934844352,0.883422365964374,2.35932928796715,2.52215021867828,-1.22459298388913,-1.34147440207727,-1.69612421186648,-0.922415929654017,-1.283733833462,-1.21898967706861
"3794","9477","1","1","0","1",0,0.392143934844352,0.883422365964374,2.35932928796715,2.52215021867828,0,-1.34147440207727,-1.62394871348918,-0.922415929654017,-1.283733833462,-1.21898967706861
"3795","9477","1","1","0","1",0,0.392143934844352,0.883422365964374,2.35932928796715,2.52215021867828,1.22459298388913,-1.34147440207727,-1.55177321511189,-0.922415929654017,-1.283733833462,-1.21898967706861
"3796","9477","1","1","0","1",0,0.392143934844352,0.883422365964374,2.35932928796715,2.52215021867828,-1.22459298388913,-0.447158134025757,-1.47959771673459,-0.922415929654017,-1.283733833462,-1.21898967706861
"3797","9477","1","1","0","1",0,0.392143934844352,0.883422365964374,2.35932928796715,2.52215021867828,0,-0.447158134025757,-1.40742221835729,-0.922415929654017,-1.283733833462,-1.21898967706861
"3798","9477","1","1","0","1",0,0.392143934844352,0.883422365964374,2.35932928796715,2.52215021867828,1.22459298388913,-0.447158134025757,-1.33524671998,-0.922415929654017,-1.283733833462,-1.21898967706861
"3799","9477","1","1","0","1",0,0.392143934844352,0.883422365964374,2.35932928796715,2.52215021867828,-1.22459298388913,0.447158134025757,-1.2630712216027,-0.922415929654017,-1.283733833462,-1.21898967706861
"3800","9477","1","1","0","1",0,0.392143934844352,0.883422365964374,2.35932928796715,2.52215021867828,0,0.447158134025757,-1.1908957232254,-0.922415929654017,-1.283733833462,-1.21898967706861
"3801","9477","1","1","0","1",0,0.392143934844352,0.883422365964374,2.35932928796715,2.52215021867828,1.22459298388913,0.447158134025757,-1.1187202248481,-0.922415929654017,-1.283733833462,-1.21898967706861
"3803","9477","1","1","0","1",0,0.392143934844352,0.883422365964374,2.35932928796715,2.52215021867828,0,1.34147440207727,-0.97436922809351,-0.922415929654017,-1.283733833462,-1.21898967706861
"3804","9477","1","1","0","1",0,0.392143934844352,0.883422365964374,2.35932928796715,2.52215021867828,1.22459298388913,1.34147440207727,-0.902193729716213,-0.922415929654017,-1.283733833462,-1.21898967706861
"3806","9477","1","1","0","1",1,0.392143934844352,0.883422365964374,2.35932928796715,2.52215021867828,0,-1.34147440207727,-0.757842732961619,-0.922415929654017,-1.283733833462,-1.21898967706861
"3807","9477","1","1","0","1",0,0.392143934844352,0.883422365964374,2.35932928796715,2.52215021867828,1.22459298388913,-1.34147440207727,-0.685667234584322,-0.922415929654017,-1.283733833462,-1.21898967706861
"3808","9477","1","1","0","1",0,0.392143934844352,0.883422365964374,2.35932928796715,2.52215021867828,-1.22459298388913,-0.447158134025757,-0.613491736207025,-0.922415929654017,-1.283733833462,-1.21898967706861
"3810","9477","1","1","0","1",1,0.392143934844352,0.883422365964374,2.35932928796715,2.52215021867828,1.22459298388913,-0.447158134025757,-0.469140739452431,-0.922415929654017,-1.283733833462,-1.21898967706861
"3811","9477","1","1","0","1",0,0.392143934844352,0.883422365964374,2.35932928796715,2.52215021867828,-1.22459298388913,0.447158134025757,-0.396965241075134,-0.922415929654017,-1.283733833462,-1.21898967706861
"3812","9477","1","1","0","1",0,0.392143934844352,0.883422365964374,2.35932928796715,2.52215021867828,0,0.447158134025757,-0.324789742697837,-0.922415929654017,-1.283733833462,-1.21898967706861
"3813","9477","1","1","0","1",0,0.392143934844352,0.883422365964374,2.35932928796715,2.52215021867828,1.22459298388913,0.447158134025757,-0.25261424432054,-0.922415929654017,-1.283733833462,-1.21898967706861
"3815","9477","1","1","0","1",1,0.392143934844352,0.883422365964374,2.35932928796715,2.52215021867828,0,1.34147440207727,-0.108263247565946,-0.922415929654017,-1.283733833462,-1.21898967706861
"3817","9477","1","1","1","1",1,0.392143934844352,0.883422365964374,2.35932928796715,2.52215021867828,-1.22459298388913,-1.34147440207727,0.0360877491886485,-0.922415929654017,-1.283733833462,-1.21898967706861
"3819","9477","1","1","1","1",0,0.392143934844352,0.883422365964374,2.35932928796715,2.52215021867828,1.22459298388913,-1.34147440207727,0.180438745943243,-0.922415929654017,-1.283733833462,-1.21898967706861
"3820","9477","1","1","1","1",0,0.392143934844352,0.883422365964374,2.35932928796715,2.52215021867828,-1.22459298388913,-0.447158134025757,0.25261424432054,-0.922415929654017,-1.283733833462,-1.21898967706861
"3821","9477","1","1","1","1",1,0.392143934844352,0.883422365964374,2.35932928796715,2.52215021867828,0,-0.447158134025757,0.324789742697837,-0.922415929654017,-1.283733833462,-1.21898967706861
"3823","9477","1","1","1","1",0,0.392143934844352,0.883422365964374,2.35932928796715,2.52215021867828,-1.22459298388913,0.447158134025757,0.469140739452431,-0.922415929654017,-1.283733833462,-1.21898967706861
"3824","9477","1","1","1","1",0,0.392143934844352,0.883422365964374,2.35932928796715,2.52215021867828,0,0.447158134025757,0.541316237829728,-0.922415929654017,-1.283733833462,-1.21898967706861
"3825","9477","1","1","1","1",0,0.392143934844352,0.883422365964374,2.35932928796715,2.52215021867828,1.22459298388913,0.447158134025757,0.613491736207025,-0.922415929654017,-1.283733833462,-1.21898967706861
"3829","9477","1","1","1","1",0,0.392143934844352,0.883422365964374,2.35932928796715,2.52215021867828,-1.22459298388913,-1.34147440207727,0.902193729716213,-0.922415929654017,-1.283733833462,-1.21898967706861
"3830","9477","1","1","1","1",0,0.392143934844352,0.883422365964374,2.35932928796715,2.52215021867828,0,-1.34147440207727,0.97436922809351,-0.922415929654017,-1.283733833462,-1.21898967706861
"3831","9477","1","1","1","1",0,0.392143934844352,0.883422365964374,2.35932928796715,2.52215021867828,1.22459298388913,-1.34147440207727,1.04654472647081,-0.922415929654017,-1.283733833462,-1.21898967706861
"3832","9477","1","1","1","1",0,0.392143934844352,0.883422365964374,2.35932928796715,2.52215021867828,-1.22459298388913,-0.447158134025757,1.1187202248481,-0.922415929654017,-1.283733833462,-1.21898967706861
"3833","9477","1","1","1","1",0,0.392143934844352,0.883422365964374,2.35932928796715,2.52215021867828,0,-0.447158134025757,1.1908957232254,-0.922415929654017,-1.283733833462,-1.21898967706861
"3834","9477","1","1","1","1",0,0.392143934844352,0.883422365964374,2.35932928796715,2.52215021867828,1.22459298388913,-0.447158134025757,1.2630712216027,-0.922415929654017,-1.283733833462,-1.21898967706861
"3835","9477","1","1","1","1",0,0.392143934844352,0.883422365964374,2.35932928796715,2.52215021867828,-1.22459298388913,0.447158134025757,1.33524671998,-0.922415929654017,-1.283733833462,-1.21898967706861
"3836","9477","1","1","1","1",0,0.392143934844352,0.883422365964374,2.35932928796715,2.52215021867828,0,0.447158134025757,1.40742221835729,-0.922415929654017,-1.283733833462,-1.21898967706861
"3837","9477","1","1","1","1",0,0.392143934844352,0.883422365964374,2.35932928796715,2.52215021867828,1.22459298388913,0.447158134025757,1.47959771673459,-0.922415929654017,-1.283733833462,-1.21898967706861
"3839","9477","1","1","1","1",0,0.392143934844352,0.883422365964374,2.35932928796715,2.52215021867828,0,1.34147440207727,1.62394871348918,-0.922415929654017,-1.283733833462,-1.21898967706861
"3840","9477","1","1","1","1",0,0.392143934844352,0.883422365964374,2.35932928796715,2.52215021867828,1.22459298388913,1.34147440207727,1.69612421186648,-0.922415929654017,-1.283733833462,-1.21898967706861
"3841","9585","1","1","0","2",0,-0.517830468403387,-0.948904038802791,-1.01890877283321,-0.737508737051909,-1.22459298388913,-1.34147440207727,-1.69612421186648,0.937918718387698,1.41886371066852,1.37001494679392
"3842","9585","1","1","0","2",0,-0.517830468403387,-0.948904038802791,-1.01890877283321,-0.737508737051909,0,-1.34147440207727,-1.62394871348918,0.937918718387698,1.41886371066852,1.37001494679392
"3843","9585","1","1","0","2",0,-0.517830468403387,-0.948904038802791,-1.01890877283321,-0.737508737051909,1.22459298388913,-1.34147440207727,-1.55177321511189,0.937918718387698,1.41886371066852,1.37001494679392
"3844","9585","1","1","0","2",0,-0.517830468403387,-0.948904038802791,-1.01890877283321,-0.737508737051909,-1.22459298388913,-0.447158134025757,-1.47959771673459,0.937918718387698,1.41886371066852,1.37001494679392
"3845","9585","1","1","0","2",0,-0.517830468403387,-0.948904038802791,-1.01890877283321,-0.737508737051909,0,-0.447158134025757,-1.40742221835729,0.937918718387698,1.41886371066852,1.37001494679392
"3846","9585","1","1","0","2",0,-0.517830468403387,-0.948904038802791,-1.01890877283321,-0.737508737051909,1.22459298388913,-0.447158134025757,-1.33524671998,0.937918718387698,1.41886371066852,1.37001494679392
"3847","9585","1","1","0","2",0,-0.517830468403387,-0.948904038802791,-1.01890877283321,-0.737508737051909,-1.22459298388913,0.447158134025757,-1.2630712216027,0.937918718387698,1.41886371066852,1.37001494679392
"3848","9585","1","1","0","2",0,-0.517830468403387,-0.948904038802791,-1.01890877283321,-0.737508737051909,0,0.447158134025757,-1.1908957232254,0.937918718387698,1.41886371066852,1.37001494679392
"3849","9585","1","1","0","2",0,-0.517830468403387,-0.948904038802791,-1.01890877283321,-0.737508737051909,1.22459298388913,0.447158134025757,-1.1187202248481,0.937918718387698,1.41886371066852,1.37001494679392
"3850","9585","1","1","0","2",0,-0.517830468403387,-0.948904038802791,-1.01890877283321,-0.737508737051909,-1.22459298388913,1.34147440207727,-1.04654472647081,0.937918718387698,1.41886371066852,1.37001494679392
"3851","9585","1","1","0","2",0,-0.517830468403387,-0.948904038802791,-1.01890877283321,-0.737508737051909,0,1.34147440207727,-0.97436922809351,0.937918718387698,1.41886371066852,1.37001494679392
"3852","9585","1","1","0","2",0,-0.517830468403387,-0.948904038802791,-1.01890877283321,-0.737508737051909,1.22459298388913,1.34147440207727,-0.902193729716213,0.937918718387698,1.41886371066852,1.37001494679392
"3853","9585","1","1","0","2",0,-0.517830468403387,-0.948904038802791,-1.01890877283321,-0.737508737051909,-1.22459298388913,-1.34147440207727,-0.830018231338916,0.937918718387698,1.41886371066852,1.37001494679392
"3854","9585","1","1","0","2",0,-0.517830468403387,-0.948904038802791,-1.01890877283321,-0.737508737051909,0,-1.34147440207727,-0.757842732961619,0.937918718387698,1.41886371066852,1.37001494679392
"3855","9585","1","1","0","2",0,-0.517830468403387,-0.948904038802791,-1.01890877283321,-0.737508737051909,1.22459298388913,-1.34147440207727,-0.685667234584322,0.937918718387698,1.41886371066852,1.37001494679392
"3856","9585","1","1","0","2",0,-0.517830468403387,-0.948904038802791,-1.01890877283321,-0.737508737051909,-1.22459298388913,-0.447158134025757,-0.613491736207025,0.937918718387698,1.41886371066852,1.37001494679392
"3857","9585","1","1","0","2",0,-0.517830468403387,-0.948904038802791,-1.01890877283321,-0.737508737051909,0,-0.447158134025757,-0.541316237829728,0.937918718387698,1.41886371066852,1.37001494679392
"3858","9585","1","1","0","2",0,-0.517830468403387,-0.948904038802791,-1.01890877283321,-0.737508737051909,1.22459298388913,-0.447158134025757,-0.469140739452431,0.937918718387698,1.41886371066852,1.37001494679392
"3859","9585","1","1","0","2",0,-0.517830468403387,-0.948904038802791,-1.01890877283321,-0.737508737051909,-1.22459298388913,0.447158134025757,-0.396965241075134,0.937918718387698,1.41886371066852,1.37001494679392
"3860","9585","1","1","0","2",0,-0.517830468403387,-0.948904038802791,-1.01890877283321,-0.737508737051909,0,0.447158134025757,-0.324789742697837,0.937918718387698,1.41886371066852,1.37001494679392
"3861","9585","1","1","0","2",0,-0.517830468403387,-0.948904038802791,-1.01890877283321,-0.737508737051909,1.22459298388913,0.447158134025757,-0.25261424432054,0.937918718387698,1.41886371066852,1.37001494679392
"3862","9585","1","1","0","2",0,-0.517830468403387,-0.948904038802791,-1.01890877283321,-0.737508737051909,-1.22459298388913,1.34147440207727,-0.180438745943243,0.937918718387698,1.41886371066852,1.37001494679392
"3863","9585","1","1","0","2",0,-0.517830468403387,-0.948904038802791,-1.01890877283321,-0.737508737051909,0,1.34147440207727,-0.108263247565946,0.937918718387698,1.41886371066852,1.37001494679392
"3864","9585","1","1","0","2",0,-0.517830468403387,-0.948904038802791,-1.01890877283321,-0.737508737051909,1.22459298388913,1.34147440207727,-0.0360877491886485,0.937918718387698,1.41886371066852,1.37001494679392
"3865","9585","1","1","1","2",0,-0.517830468403387,-0.948904038802791,-1.01890877283321,-0.737508737051909,-1.22459298388913,-1.34147440207727,0.0360877491886485,0.937918718387698,1.41886371066852,1.37001494679392
"3866","9585","1","1","1","2",0,-0.517830468403387,-0.948904038802791,-1.01890877283321,-0.737508737051909,0,-1.34147440207727,0.108263247565946,0.937918718387698,1.41886371066852,1.37001494679392
"3867","9585","1","1","1","2",0,-0.517830468403387,-0.948904038802791,-1.01890877283321,-0.737508737051909,1.22459298388913,-1.34147440207727,0.180438745943243,0.937918718387698,1.41886371066852,1.37001494679392
"3868","9585","1","1","1","2",0,-0.517830468403387,-0.948904038802791,-1.01890877283321,-0.737508737051909,-1.22459298388913,-0.447158134025757,0.25261424432054,0.937918718387698,1.41886371066852,1.37001494679392
"3869","9585","1","1","1","2",0,-0.517830468403387,-0.948904038802791,-1.01890877283321,-0.737508737051909,0,-0.447158134025757,0.324789742697837,0.937918718387698,1.41886371066852,1.37001494679392
"3870","9585","1","1","1","2",0,-0.517830468403387,-0.948904038802791,-1.01890877283321,-0.737508737051909,1.22459298388913,-0.447158134025757,0.396965241075134,0.937918718387698,1.41886371066852,1.37001494679392
"3871","9585","1","1","1","2",0,-0.517830468403387,-0.948904038802791,-1.01890877283321,-0.737508737051909,-1.22459298388913,0.447158134025757,0.469140739452431,0.937918718387698,1.41886371066852,1.37001494679392
"3872","9585","1","1","1","2",0,-0.517830468403387,-0.948904038802791,-1.01890877283321,-0.737508737051909,0,0.447158134025757,0.541316237829728,0.937918718387698,1.41886371066852,1.37001494679392
"3873","9585","1","1","1","2",0,-0.517830468403387,-0.948904038802791,-1.01890877283321,-0.737508737051909,1.22459298388913,0.447158134025757,0.613491736207025,0.937918718387698,1.41886371066852,1.37001494679392
"3874","9585","1","1","1","2",0,-0.517830468403387,-0.948904038802791,-1.01890877283321,-0.737508737051909,-1.22459298388913,1.34147440207727,0.685667234584322,0.937918718387698,1.41886371066852,1.37001494679392
"3875","9585","1","1","1","2",0,-0.517830468403387,-0.948904038802791,-1.01890877283321,-0.737508737051909,0,1.34147440207727,0.757842732961619,0.937918718387698,1.41886371066852,1.37001494679392
"3876","9585","1","1","1","2",0,-0.517830468403387,-0.948904038802791,-1.01890877283321,-0.737508737051909,1.22459298388913,1.34147440207727,0.830018231338916,0.937918718387698,1.41886371066852,1.37001494679392
"3877","9585","1","1","1","2",0,-0.517830468403387,-0.948904038802791,-1.01890877283321,-0.737508737051909,-1.22459298388913,-1.34147440207727,0.902193729716213,0.937918718387698,1.41886371066852,1.37001494679392
"3878","9585","1","1","1","2",0,-0.517830468403387,-0.948904038802791,-1.01890877283321,-0.737508737051909,0,-1.34147440207727,0.97436922809351,0.937918718387698,1.41886371066852,1.37001494679392
"3879","9585","1","1","1","2",0,-0.517830468403387,-0.948904038802791,-1.01890877283321,-0.737508737051909,1.22459298388913,-1.34147440207727,1.04654472647081,0.937918718387698,1.41886371066852,1.37001494679392
"3880","9585","1","1","1","2",0,-0.517830468403387,-0.948904038802791,-1.01890877283321,-0.737508737051909,-1.22459298388913,-0.447158134025757,1.1187202248481,0.937918718387698,1.41886371066852,1.37001494679392
"3881","9585","1","1","1","2",0,-0.517830468403387,-0.948904038802791,-1.01890877283321,-0.737508737051909,0,-0.447158134025757,1.1908957232254,0.937918718387698,1.41886371066852,1.37001494679392
"3882","9585","1","1","1","2",0,-0.517830468403387,-0.948904038802791,-1.01890877283321,-0.737508737051909,1.22459298388913,-0.447158134025757,1.2630712216027,0.937918718387698,1.41886371066852,1.37001494679392
"3883","9585","1","1","1","2",0,-0.517830468403387,-0.948904038802791,-1.01890877283321,-0.737508737051909,-1.22459298388913,0.447158134025757,1.33524671998,0.937918718387698,1.41886371066852,1.37001494679392
"3884","9585","1","1","1","2",0,-0.517830468403387,-0.948904038802791,-1.01890877283321,-0.737508737051909,0,0.447158134025757,1.40742221835729,0.937918718387698,1.41886371066852,1.37001494679392
"3885","9585","1","1","1","2",0,-0.517830468403387,-0.948904038802791,-1.01890877283321,-0.737508737051909,1.22459298388913,0.447158134025757,1.47959771673459,0.937918718387698,1.41886371066852,1.37001494679392
"3886","9585","1","1","1","2",0,-0.517830468403387,-0.948904038802791,-1.01890877283321,-0.737508737051909,-1.22459298388913,1.34147440207727,1.55177321511189,0.937918718387698,1.41886371066852,1.37001494679392
"3887","9585","1","1","1","2",0,-0.517830468403387,-0.948904038802791,-1.01890877283321,-0.737508737051909,0,1.34147440207727,1.62394871348918,0.937918718387698,1.41886371066852,1.37001494679392
"3888","9585","1","1","1","2",0,-0.517830468403387,-0.948904038802791,-1.01890877283321,-0.737508737051909,1.22459298388913,1.34147440207727,1.69612421186648,0.937918718387698,1.41886371066852,1.37001494679392
"3889","9593","0","1","0","1",0,-0.161539860471104,0.211530669726129,-0.455418664291706,-0.0849509912336239,-1.22459298388913,-1.34147440207727,-1.69612421186648,-0.922415929654017,-1.283733833462,-1.21898967706861
"3890","9593","1","1","0","1",0,-0.161539860471104,0.211530669726129,-0.455418664291706,-0.0849509912336239,0,-1.34147440207727,-1.62394871348918,-0.922415929654017,-1.283733833462,-1.21898967706861
"3892","9593","1","1","0","1",0,-0.161539860471104,0.211530669726129,-0.455418664291706,-0.0849509912336239,-1.22459298388913,-0.447158134025757,-1.47959771673459,-0.922415929654017,-1.283733833462,-1.21898967706861
"3893","9593","1","1","0","1",0,-0.161539860471104,0.211530669726129,-0.455418664291706,-0.0849509912336239,0,-0.447158134025757,-1.40742221835729,-0.922415929654017,-1.283733833462,-1.21898967706861
"3894","9593","1","1","0","1",0,-0.161539860471104,0.211530669726129,-0.455418664291706,-0.0849509912336239,1.22459298388913,-0.447158134025757,-1.33524671998,-0.922415929654017,-1.283733833462,-1.21898967706861
"3895","9593","1","1","0","1",0,-0.161539860471104,0.211530669726129,-0.455418664291706,-0.0849509912336239,-1.22459298388913,0.447158134025757,-1.2630712216027,-0.922415929654017,-1.283733833462,-1.21898967706861
"3896","9593","1","1","0","1",0,-0.161539860471104,0.211530669726129,-0.455418664291706,-0.0849509912336239,0,0.447158134025757,-1.1908957232254,-0.922415929654017,-1.283733833462,-1.21898967706861
"3897","9593","0","1","0","1",0,-0.161539860471104,0.211530669726129,-0.455418664291706,-0.0849509912336239,1.22459298388913,0.447158134025757,-1.1187202248481,-0.922415929654017,-1.283733833462,-1.21898967706861
"3898","9593","1","1","0","1",1,-0.161539860471104,0.211530669726129,-0.455418664291706,-0.0849509912336239,-1.22459298388913,1.34147440207727,-1.04654472647081,-0.922415929654017,-1.283733833462,-1.21898967706861
"3899","9593","1","1","0","1",0,-0.161539860471104,0.211530669726129,-0.455418664291706,-0.0849509912336239,0,1.34147440207727,-0.97436922809351,-0.922415929654017,-1.283733833462,-1.21898967706861
"3900","9593","0","1","0","1",0,-0.161539860471104,0.211530669726129,-0.455418664291706,-0.0849509912336239,1.22459298388913,1.34147440207727,-0.902193729716213,-0.922415929654017,-1.283733833462,-1.21898967706861
"3901","9593","1","1","0","1",0,-0.161539860471104,0.211530669726129,-0.455418664291706,-0.0849509912336239,-1.22459298388913,-1.34147440207727,-0.830018231338916,-0.922415929654017,-1.283733833462,-1.21898967706861
"3902","9593","1","1","0","1",0,-0.161539860471104,0.211530669726129,-0.455418664291706,-0.0849509912336239,0,-1.34147440207727,-0.757842732961619,-0.922415929654017,-1.283733833462,-1.21898967706861
"3903","9593","1","1","0","1",0,-0.161539860471104,0.211530669726129,-0.455418664291706,-0.0849509912336239,1.22459298388913,-1.34147440207727,-0.685667234584322,-0.922415929654017,-1.283733833462,-1.21898967706861
"3904","9593","1","1","0","1",0,-0.161539860471104,0.211530669726129,-0.455418664291706,-0.0849509912336239,-1.22459298388913,-0.447158134025757,-0.613491736207025,-0.922415929654017,-1.283733833462,-1.21898967706861
"3905","9593","1","1","0","1",0,-0.161539860471104,0.211530669726129,-0.455418664291706,-0.0849509912336239,0,-0.447158134025757,-0.541316237829728,-0.922415929654017,-1.283733833462,-1.21898967706861
"3906","9593","1","1","0","1",0,-0.161539860471104,0.211530669726129,-0.455418664291706,-0.0849509912336239,1.22459298388913,-0.447158134025757,-0.469140739452431,-0.922415929654017,-1.283733833462,-1.21898967706861
"3907","9593","1","1","0","1",0,-0.161539860471104,0.211530669726129,-0.455418664291706,-0.0849509912336239,-1.22459298388913,0.447158134025757,-0.396965241075134,-0.922415929654017,-1.283733833462,-1.21898967706861
"3908","9593","1","1","0","1",0,-0.161539860471104,0.211530669726129,-0.455418664291706,-0.0849509912336239,0,0.447158134025757,-0.324789742697837,-0.922415929654017,-1.283733833462,-1.21898967706861
"3909","9593","1","1","0","1",0,-0.161539860471104,0.211530669726129,-0.455418664291706,-0.0849509912336239,1.22459298388913,0.447158134025757,-0.25261424432054,-0.922415929654017,-1.283733833462,-1.21898967706861
"3910","9593","1","1","0","1",1,-0.161539860471104,0.211530669726129,-0.455418664291706,-0.0849509912336239,-1.22459298388913,1.34147440207727,-0.180438745943243,-0.922415929654017,-1.283733833462,-1.21898967706861
"3911","9593","1","1","0","1",0,-0.161539860471104,0.211530669726129,-0.455418664291706,-0.0849509912336239,0,1.34147440207727,-0.108263247565946,-0.922415929654017,-1.283733833462,-1.21898967706861
"3912","9593","1","1","0","1",0,-0.161539860471104,0.211530669726129,-0.455418664291706,-0.0849509912336239,1.22459298388913,1.34147440207727,-0.0360877491886485,-0.922415929654017,-1.283733833462,-1.21898967706861
"3913","9593","1","1","1","1",0,-0.161539860471104,0.211530669726129,-0.455418664291706,-0.0849509912336239,-1.22459298388913,-1.34147440207727,0.0360877491886485,-0.922415929654017,-1.283733833462,-1.21898967706861
"3914","9593","1","1","1","1",0,-0.161539860471104,0.211530669726129,-0.455418664291706,-0.0849509912336239,0,-1.34147440207727,0.108263247565946,-0.922415929654017,-1.283733833462,-1.21898967706861
"3915","9593","1","1","1","1",0,-0.161539860471104,0.211530669726129,-0.455418664291706,-0.0849509912336239,1.22459298388913,-1.34147440207727,0.180438745943243,-0.922415929654017,-1.283733833462,-1.21898967706861
"3916","9593","1","1","1","1",0,-0.161539860471104,0.211530669726129,-0.455418664291706,-0.0849509912336239,-1.22459298388913,-0.447158134025757,0.25261424432054,-0.922415929654017,-1.283733833462,-1.21898967706861
"3917","9593","1","1","1","1",0,-0.161539860471104,0.211530669726129,-0.455418664291706,-0.0849509912336239,0,-0.447158134025757,0.324789742697837,-0.922415929654017,-1.283733833462,-1.21898967706861
"3918","9593","1","1","1","1",0,-0.161539860471104,0.211530669726129,-0.455418664291706,-0.0849509912336239,1.22459298388913,-0.447158134025757,0.396965241075134,-0.922415929654017,-1.283733833462,-1.21898967706861
"3919","9593","1","1","1","1",0,-0.161539860471104,0.211530669726129,-0.455418664291706,-0.0849509912336239,-1.22459298388913,0.447158134025757,0.469140739452431,-0.922415929654017,-1.283733833462,-1.21898967706861
"3920","9593","1","1","1","1",0,-0.161539860471104,0.211530669726129,-0.455418664291706,-0.0849509912336239,0,0.447158134025757,0.541316237829728,-0.922415929654017,-1.283733833462,-1.21898967706861
"3921","9593","1","1","1","1",0,-0.161539860471104,0.211530669726129,-0.455418664291706,-0.0849509912336239,1.22459298388913,0.447158134025757,0.613491736207025,-0.922415929654017,-1.283733833462,-1.21898967706861
"3923","9593","1","1","1","1",0,-0.161539860471104,0.211530669726129,-0.455418664291706,-0.0849509912336239,0,1.34147440207727,0.757842732961619,-0.922415929654017,-1.283733833462,-1.21898967706861
"3924","9593","1","1","1","1",0,-0.161539860471104,0.211530669726129,-0.455418664291706,-0.0849509912336239,1.22459298388913,1.34147440207727,0.830018231338916,-0.922415929654017,-1.283733833462,-1.21898967706861
"3925","9593","1","1","1","1",0,-0.161539860471104,0.211530669726129,-0.455418664291706,-0.0849509912336239,-1.22459298388913,-1.34147440207727,0.902193729716213,-0.922415929654017,-1.283733833462,-1.21898967706861
"3926","9593","1","1","1","1",0,-0.161539860471104,0.211530669726129,-0.455418664291706,-0.0849509912336239,0,-1.34147440207727,0.97436922809351,-0.922415929654017,-1.283733833462,-1.21898967706861
"3927","9593","1","1","1","1",0,-0.161539860471104,0.211530669726129,-0.455418664291706,-0.0849509912336239,1.22459298388913,-1.34147440207727,1.04654472647081,-0.922415929654017,-1.283733833462,-1.21898967706861
"3928","9593","1","1","1","1",0,-0.161539860471104,0.211530669726129,-0.455418664291706,-0.0849509912336239,-1.22459298388913,-0.447158134025757,1.1187202248481,-0.922415929654017,-1.283733833462,-1.21898967706861
"3929","9593","1","1","1","1",0,-0.161539860471104,0.211530669726129,-0.455418664291706,-0.0849509912336239,0,-0.447158134025757,1.1908957232254,-0.922415929654017,-1.283733833462,-1.21898967706861
"3930","9593","1","1","1","1",0,-0.161539860471104,0.211530669726129,-0.455418664291706,-0.0849509912336239,1.22459298388913,-0.447158134025757,1.2630712216027,-0.922415929654017,-1.283733833462,-1.21898967706861
"3931","9593","1","1","1","1",0,-0.161539860471104,0.211530669726129,-0.455418664291706,-0.0849509912336239,-1.22459298388913,0.447158134025757,1.33524671998,-0.922415929654017,-1.283733833462,-1.21898967706861
"3932","9593","1","1","1","1",0,-0.161539860471104,0.211530669726129,-0.455418664291706,-0.0849509912336239,0,0.447158134025757,1.40742221835729,-0.922415929654017,-1.283733833462,-1.21898967706861
"3933","9593","1","1","1","1",0,-0.161539860471104,0.211530669726129,-0.455418664291706,-0.0849509912336239,1.22459298388913,0.447158134025757,1.47959771673459,-0.922415929654017,-1.283733833462,-1.21898967706861
"3934","9593","1","1","1","1",0,-0.161539860471104,0.211530669726129,-0.455418664291706,-0.0849509912336239,-1.22459298388913,1.34147440207727,1.55177321511189,-0.922415929654017,-1.283733833462,-1.21898967706861
"3935","9593","1","1","1","1",1,-0.161539860471104,0.211530669726129,-0.455418664291706,-0.0849509912336239,0,1.34147440207727,1.62394871348918,-0.922415929654017,-1.283733833462,-1.21898967706861
"3936","9593","1","1","1","1",0,-0.161539860471104,0.211530669726129,-0.455418664291706,-0.0849509912336239,1.22459298388913,1.34147440207727,1.69612421186648,-0.922415929654017,-1.283733833462,-1.21898967706861
"3937","9620","1","1","0","1",0,-0.145158683094907,0.0606741576173693,-0.455418664291706,-0.737508737051909,-1.22459298388913,-1.34147440207727,-1.69612421186648,-0.302304380306779,0.0675649386032631,-0.355988135781098
"3938","9620","1","1","0","1",0,-0.145158683094907,0.0606741576173693,-0.455418664291706,-0.737508737051909,0,-1.34147440207727,-1.62394871348918,-0.302304380306779,0.0675649386032631,-0.355988135781098
"3939","9620","1","1","0","1",0,-0.145158683094907,0.0606741576173693,-0.455418664291706,-0.737508737051909,1.22459298388913,-1.34147440207727,-1.55177321511189,-0.302304380306779,0.0675649386032631,-0.355988135781098
"3940","9620","1","1","0","1",0,-0.145158683094907,0.0606741576173693,-0.455418664291706,-0.737508737051909,-1.22459298388913,-0.447158134025757,-1.47959771673459,-0.302304380306779,0.0675649386032631,-0.355988135781098
"3941","9620","1","1","0","1",0,-0.145158683094907,0.0606741576173693,-0.455418664291706,-0.737508737051909,0,-0.447158134025757,-1.40742221835729,-0.302304380306779,0.0675649386032631,-0.355988135781098
"3942","9620","1","1","0","1",0,-0.145158683094907,0.0606741576173693,-0.455418664291706,-0.737508737051909,1.22459298388913,-0.447158134025757,-1.33524671998,-0.302304380306779,0.0675649386032631,-0.355988135781098
"3943","9620","1","1","0","1",0,-0.145158683094907,0.0606741576173693,-0.455418664291706,-0.737508737051909,-1.22459298388913,0.447158134025757,-1.2630712216027,-0.302304380306779,0.0675649386032631,-0.355988135781098
"3944","9620","1","1","0","1",0,-0.145158683094907,0.0606741576173693,-0.455418664291706,-0.737508737051909,0,0.447158134025757,-1.1908957232254,-0.302304380306779,0.0675649386032631,-0.355988135781098
"3945","9620","1","1","0","1",0,-0.145158683094907,0.0606741576173693,-0.455418664291706,-0.737508737051909,1.22459298388913,0.447158134025757,-1.1187202248481,-0.302304380306779,0.0675649386032631,-0.355988135781098
"3946","9620","1","1","0","1",1,-0.145158683094907,0.0606741576173693,-0.455418664291706,-0.737508737051909,-1.22459298388913,1.34147440207727,-1.04654472647081,-0.302304380306779,0.0675649386032631,-0.355988135781098
"3947","9620","1","1","0","1",1,-0.145158683094907,0.0606741576173693,-0.455418664291706,-0.737508737051909,0,1.34147440207727,-0.97436922809351,-0.302304380306779,0.0675649386032631,-0.355988135781098
"3948","9620","1","1","0","1",0,-0.145158683094907,0.0606741576173693,-0.455418664291706,-0.737508737051909,1.22459298388913,1.34147440207727,-0.902193729716213,-0.302304380306779,0.0675649386032631,-0.355988135781098
"3949","9620","0","1","0","1",0,-0.145158683094907,0.0606741576173693,-0.455418664291706,-0.737508737051909,-1.22459298388913,-1.34147440207727,-0.830018231338916,-0.302304380306779,0.0675649386032631,-0.355988135781098
"3950","9620","1","1","0","1",0,-0.145158683094907,0.0606741576173693,-0.455418664291706,-0.737508737051909,0,-1.34147440207727,-0.757842732961619,-0.302304380306779,0.0675649386032631,-0.355988135781098
"3951","9620","1","1","0","1",0,-0.145158683094907,0.0606741576173693,-0.455418664291706,-0.737508737051909,1.22459298388913,-1.34147440207727,-0.685667234584322,-0.302304380306779,0.0675649386032631,-0.355988135781098
"3952","9620","1","1","0","1",0,-0.145158683094907,0.0606741576173693,-0.455418664291706,-0.737508737051909,-1.22459298388913,-0.447158134025757,-0.613491736207025,-0.302304380306779,0.0675649386032631,-0.355988135781098
"3953","9620","1","1","0","1",0,-0.145158683094907,0.0606741576173693,-0.455418664291706,-0.737508737051909,0,-0.447158134025757,-0.541316237829728,-0.302304380306779,0.0675649386032631,-0.355988135781098
"3954","9620","1","1","0","1",0,-0.145158683094907,0.0606741576173693,-0.455418664291706,-0.737508737051909,1.22459298388913,-0.447158134025757,-0.469140739452431,-0.302304380306779,0.0675649386032631,-0.355988135781098
"3955","9620","1","1","0","1",0,-0.145158683094907,0.0606741576173693,-0.455418664291706,-0.737508737051909,-1.22459298388913,0.447158134025757,-0.396965241075134,-0.302304380306779,0.0675649386032631,-0.355988135781098
"3956","9620","1","1","0","1",0,-0.145158683094907,0.0606741576173693,-0.455418664291706,-0.737508737051909,0,0.447158134025757,-0.324789742697837,-0.302304380306779,0.0675649386032631,-0.355988135781098
"3957","9620","1","1","0","1",0,-0.145158683094907,0.0606741576173693,-0.455418664291706,-0.737508737051909,1.22459298388913,0.447158134025757,-0.25261424432054,-0.302304380306779,0.0675649386032631,-0.355988135781098
"3958","9620","1","1","0","1",0,-0.145158683094907,0.0606741576173693,-0.455418664291706,-0.737508737051909,-1.22459298388913,1.34147440207727,-0.180438745943243,-0.302304380306779,0.0675649386032631,-0.355988135781098
"3959","9620","1","1","0","1",0,-0.145158683094907,0.0606741576173693,-0.455418664291706,-0.737508737051909,0,1.34147440207727,-0.108263247565946,-0.302304380306779,0.0675649386032631,-0.355988135781098
"3960","9620","1","1","0","1",0,-0.145158683094907,0.0606741576173693,-0.455418664291706,-0.737508737051909,1.22459298388913,1.34147440207727,-0.0360877491886485,-0.302304380306779,0.0675649386032631,-0.355988135781098
"3961","9620","1","1","1","1",0,-0.145158683094907,0.0606741576173693,-0.455418664291706,-0.737508737051909,-1.22459298388913,-1.34147440207727,0.0360877491886485,-0.302304380306779,0.0675649386032631,-0.355988135781098
"3962","9620","1","1","1","1",0,-0.145158683094907,0.0606741576173693,-0.455418664291706,-0.737508737051909,0,-1.34147440207727,0.108263247565946,-0.302304380306779,0.0675649386032631,-0.355988135781098
"3963","9620","1","1","1","1",0,-0.145158683094907,0.0606741576173693,-0.455418664291706,-0.737508737051909,1.22459298388913,-1.34147440207727,0.180438745943243,-0.302304380306779,0.0675649386032631,-0.355988135781098
"3964","9620","1","1","1","1",0,-0.145158683094907,0.0606741576173693,-0.455418664291706,-0.737508737051909,-1.22459298388913,-0.447158134025757,0.25261424432054,-0.302304380306779,0.0675649386032631,-0.355988135781098
"3965","9620","1","1","1","1",0,-0.145158683094907,0.0606741576173693,-0.455418664291706,-0.737508737051909,0,-0.447158134025757,0.324789742697837,-0.302304380306779,0.0675649386032631,-0.355988135781098
"3966","9620","1","1","1","1",0,-0.145158683094907,0.0606741576173693,-0.455418664291706,-0.737508737051909,1.22459298388913,-0.447158134025757,0.396965241075134,-0.302304380306779,0.0675649386032631,-0.355988135781098
"3967","9620","1","1","1","1",0,-0.145158683094907,0.0606741576173693,-0.455418664291706,-0.737508737051909,-1.22459298388913,0.447158134025757,0.469140739452431,-0.302304380306779,0.0675649386032631,-0.355988135781098
"3968","9620","1","1","1","1",0,-0.145158683094907,0.0606741576173693,-0.455418664291706,-0.737508737051909,0,0.447158134025757,0.541316237829728,-0.302304380306779,0.0675649386032631,-0.355988135781098
"3969","9620","1","1","1","1",0,-0.145158683094907,0.0606741576173693,-0.455418664291706,-0.737508737051909,1.22459298388913,0.447158134025757,0.613491736207025,-0.302304380306779,0.0675649386032631,-0.355988135781098
"3970","9620","1","1","1","1",0,-0.145158683094907,0.0606741576173693,-0.455418664291706,-0.737508737051909,-1.22459298388913,1.34147440207727,0.685667234584322,-0.302304380306779,0.0675649386032631,-0.355988135781098
"3971","9620","1","1","1","1",0,-0.145158683094907,0.0606741576173693,-0.455418664291706,-0.737508737051909,0,1.34147440207727,0.757842732961619,-0.302304380306779,0.0675649386032631,-0.355988135781098
"3972","9620","0","1","1","1",0,-0.145158683094907,0.0606741576173693,-0.455418664291706,-0.737508737051909,1.22459298388913,1.34147440207727,0.830018231338916,-0.302304380306779,0.0675649386032631,-0.355988135781098
"3973","9620","1","1","1","1",0,-0.145158683094907,0.0606741576173693,-0.455418664291706,-0.737508737051909,-1.22459298388913,-1.34147440207727,0.902193729716213,-0.302304380306779,0.0675649386032631,-0.355988135781098
"3974","9620","1","1","1","1",0,-0.145158683094907,0.0606741576173693,-0.455418664291706,-0.737508737051909,0,-1.34147440207727,0.97436922809351,-0.302304380306779,0.0675649386032631,-0.355988135781098
"3975","9620","1","1","1","1",0,-0.145158683094907,0.0606741576173693,-0.455418664291706,-0.737508737051909,1.22459298388913,-1.34147440207727,1.04654472647081,-0.302304380306779,0.0675649386032631,-0.355988135781098
"3976","9620","1","1","1","1",0,-0.145158683094907,0.0606741576173693,-0.455418664291706,-0.737508737051909,-1.22459298388913,-0.447158134025757,1.1187202248481,-0.302304380306779,0.0675649386032631,-0.355988135781098
"3977","9620","1","1","1","1",0,-0.145158683094907,0.0606741576173693,-0.455418664291706,-0.737508737051909,0,-0.447158134025757,1.1908957232254,-0.302304380306779,0.0675649386032631,-0.355988135781098
"3978","9620","1","1","1","1",0,-0.145158683094907,0.0606741576173693,-0.455418664291706,-0.737508737051909,1.22459298388913,-0.447158134025757,1.2630712216027,-0.302304380306779,0.0675649386032631,-0.355988135781098
"3979","9620","1","1","1","1",0,-0.145158683094907,0.0606741576173693,-0.455418664291706,-0.737508737051909,-1.22459298388913,0.447158134025757,1.33524671998,-0.302304380306779,0.0675649386032631,-0.355988135781098
"3981","9620","1","1","1","1",0,-0.145158683094907,0.0606741576173693,-0.455418664291706,-0.737508737051909,1.22459298388913,0.447158134025757,1.47959771673459,-0.302304380306779,0.0675649386032631,-0.355988135781098
"3982","9620","1","1","1","1",0,-0.145158683094907,0.0606741576173693,-0.455418664291706,-0.737508737051909,-1.22459298388913,1.34147440207727,1.55177321511189,-0.302304380306779,0.0675649386032631,-0.355988135781098
"3983","9620","1","1","1","1",0,-0.145158683094907,0.0606741576173693,-0.455418664291706,-0.737508737051909,0,1.34147440207727,1.62394871348918,-0.302304380306779,0.0675649386032631,-0.355988135781098
"3984","9620","1","1","1","1",1,-0.145158683094907,0.0606741576173693,-0.455418664291706,-0.737508737051909,1.22459298388913,1.34147440207727,1.69612421186648,-0.302304380306779,0.0675649386032631,-0.355988135781098
"3985","9779","1","0","0","2",0,-0.517830468403387,-0.368686684538331,-0.455418664291706,-0.0849509912336239,-1.22459298388913,-1.34147440207727,-1.69612421186648,0.31780716904046,0.0675649386032631,0.507013405506412
"3986","9779","1","0","0","2",0,-0.517830468403387,-0.368686684538331,-0.455418664291706,-0.0849509912336239,0,-1.34147440207727,-1.62394871348918,0.31780716904046,0.0675649386032631,0.507013405506412
"3987","9779","1","0","0","2",0,-0.517830468403387,-0.368686684538331,-0.455418664291706,-0.0849509912336239,1.22459298388913,-1.34147440207727,-1.55177321511189,0.31780716904046,0.0675649386032631,0.507013405506412
"3988","9779","1","0","0","2",0,-0.517830468403387,-0.368686684538331,-0.455418664291706,-0.0849509912336239,-1.22459298388913,-0.447158134025757,-1.47959771673459,0.31780716904046,0.0675649386032631,0.507013405506412
"3989","9779","1","0","0","2",0,-0.517830468403387,-0.368686684538331,-0.455418664291706,-0.0849509912336239,0,-0.447158134025757,-1.40742221835729,0.31780716904046,0.0675649386032631,0.507013405506412
"3990","9779","1","0","0","2",0,-0.517830468403387,-0.368686684538331,-0.455418664291706,-0.0849509912336239,1.22459298388913,-0.447158134025757,-1.33524671998,0.31780716904046,0.0675649386032631,0.507013405506412
"3991","9779","1","0","0","2",0,-0.517830468403387,-0.368686684538331,-0.455418664291706,-0.0849509912336239,-1.22459298388913,0.447158134025757,-1.2630712216027,0.31780716904046,0.0675649386032631,0.507013405506412
"3992","9779","1","0","0","2",0,-0.517830468403387,-0.368686684538331,-0.455418664291706,-0.0849509912336239,0,0.447158134025757,-1.1908957232254,0.31780716904046,0.0675649386032631,0.507013405506412
"3993","9779","1","0","0","2",0,-0.517830468403387,-0.368686684538331,-0.455418664291706,-0.0849509912336239,1.22459298388913,0.447158134025757,-1.1187202248481,0.31780716904046,0.0675649386032631,0.507013405506412
"3994","9779","1","0","0","2",0,-0.517830468403387,-0.368686684538331,-0.455418664291706,-0.0849509912336239,-1.22459298388913,1.34147440207727,-1.04654472647081,0.31780716904046,0.0675649386032631,0.507013405506412
"3996","9779","1","0","0","2",0,-0.517830468403387,-0.368686684538331,-0.455418664291706,-0.0849509912336239,1.22459298388913,1.34147440207727,-0.902193729716213,0.31780716904046,0.0675649386032631,0.507013405506412
"3997","9779","0","0","0","2",0,-0.517830468403387,-0.368686684538331,-0.455418664291706,-0.0849509912336239,-1.22459298388913,-1.34147440207727,-0.830018231338916,0.31780716904046,0.0675649386032631,0.507013405506412
"3998","9779","0","0","0","2",0,-0.517830468403387,-0.368686684538331,-0.455418664291706,-0.0849509912336239,0,-1.34147440207727,-0.757842732961619,0.31780716904046,0.0675649386032631,0.507013405506412
"3999","9779","1","0","0","2",0,-0.517830468403387,-0.368686684538331,-0.455418664291706,-0.0849509912336239,1.22459298388913,-1.34147440207727,-0.685667234584322,0.31780716904046,0.0675649386032631,0.507013405506412
"4000","9779","1","0","0","2",0,-0.517830468403387,-0.368686684538331,-0.455418664291706,-0.0849509912336239,-1.22459298388913,-0.447158134025757,-0.613491736207025,0.31780716904046,0.0675649386032631,0.507013405506412
"4001","9779","1","0","0","2",0,-0.517830468403387,-0.368686684538331,-0.455418664291706,-0.0849509912336239,0,-0.447158134025757,-0.541316237829728,0.31780716904046,0.0675649386032631,0.507013405506412
"4002","9779","1","0","0","2",0,-0.517830468403387,-0.368686684538331,-0.455418664291706,-0.0849509912336239,1.22459298388913,-0.447158134025757,-0.469140739452431,0.31780716904046,0.0675649386032631,0.507013405506412
"4003","9779","1","0","0","2",0,-0.517830468403387,-0.368686684538331,-0.455418664291706,-0.0849509912336239,-1.22459298388913,0.447158134025757,-0.396965241075134,0.31780716904046,0.0675649386032631,0.507013405506412
"4004","9779","0","0","0","2",0,-0.517830468403387,-0.368686684538331,-0.455418664291706,-0.0849509912336239,0,0.447158134025757,-0.324789742697837,0.31780716904046,0.0675649386032631,0.507013405506412
"4005","9779","1","0","0","2",0,-0.517830468403387,-0.368686684538331,-0.455418664291706,-0.0849509912336239,1.22459298388913,0.447158134025757,-0.25261424432054,0.31780716904046,0.0675649386032631,0.507013405506412
"4006","9779","1","0","0","2",1,-0.517830468403387,-0.368686684538331,-0.455418664291706,-0.0849509912336239,-1.22459298388913,1.34147440207727,-0.180438745943243,0.31780716904046,0.0675649386032631,0.507013405506412
"4007","9779","1","0","0","2",0,-0.517830468403387,-0.368686684538331,-0.455418664291706,-0.0849509912336239,0,1.34147440207727,-0.108263247565946,0.31780716904046,0.0675649386032631,0.507013405506412
"4008","9779","1","0","0","2",0,-0.517830468403387,-0.368686684538331,-0.455418664291706,-0.0849509912336239,1.22459298388913,1.34147440207727,-0.0360877491886485,0.31780716904046,0.0675649386032631,0.507013405506412
"4009","9779","1","0","1","2",0,-0.517830468403387,-0.368686684538331,-0.455418664291706,-0.0849509912336239,-1.22459298388913,-1.34147440207727,0.0360877491886485,0.31780716904046,0.0675649386032631,0.507013405506412
"4010","9779","1","0","1","2",0,-0.517830468403387,-0.368686684538331,-0.455418664291706,-0.0849509912336239,0,-1.34147440207727,0.108263247565946,0.31780716904046,0.0675649386032631,0.507013405506412
"4011","9779","1","0","1","2",0,-0.517830468403387,-0.368686684538331,-0.455418664291706,-0.0849509912336239,1.22459298388913,-1.34147440207727,0.180438745943243,0.31780716904046,0.0675649386032631,0.507013405506412
"4012","9779","1","0","1","2",0,-0.517830468403387,-0.368686684538331,-0.455418664291706,-0.0849509912336239,-1.22459298388913,-0.447158134025757,0.25261424432054,0.31780716904046,0.0675649386032631,0.507013405506412
"4013","9779","1","0","1","2",0,-0.517830468403387,-0.368686684538331,-0.455418664291706,-0.0849509912336239,0,-0.447158134025757,0.324789742697837,0.31780716904046,0.0675649386032631,0.507013405506412
"4014","9779","1","0","1","2",0,-0.517830468403387,-0.368686684538331,-0.455418664291706,-0.0849509912336239,1.22459298388913,-0.447158134025757,0.396965241075134,0.31780716904046,0.0675649386032631,0.507013405506412
"4015","9779","0","0","1","2",0,-0.517830468403387,-0.368686684538331,-0.455418664291706,-0.0849509912336239,-1.22459298388913,0.447158134025757,0.469140739452431,0.31780716904046,0.0675649386032631,0.507013405506412
"4016","9779","1","0","1","2",0,-0.517830468403387,-0.368686684538331,-0.455418664291706,-0.0849509912336239,0,0.447158134025757,0.541316237829728,0.31780716904046,0.0675649386032631,0.507013405506412
"4017","9779","1","0","1","2",0,-0.517830468403387,-0.368686684538331,-0.455418664291706,-0.0849509912336239,1.22459298388913,0.447158134025757,0.613491736207025,0.31780716904046,0.0675649386032631,0.507013405506412
"4019","9779","1","0","1","2",0,-0.517830468403387,-0.368686684538331,-0.455418664291706,-0.0849509912336239,0,1.34147440207727,0.757842732961619,0.31780716904046,0.0675649386032631,0.507013405506412
"4020","9779","0","0","1","2",0,-0.517830468403387,-0.368686684538331,-0.455418664291706,-0.0849509912336239,1.22459298388913,1.34147440207727,0.830018231338916,0.31780716904046,0.0675649386032631,0.507013405506412
"4021","9779","1","0","1","2",0,-0.517830468403387,-0.368686684538331,-0.455418664291706,-0.0849509912336239,-1.22459298388913,-1.34147440207727,0.902193729716213,0.31780716904046,0.0675649386032631,0.507013405506412
"4022","9779","1","0","1","2",0,-0.517830468403387,-0.368686684538331,-0.455418664291706,-0.0849509912336239,0,-1.34147440207727,0.97436922809351,0.31780716904046,0.0675649386032631,0.507013405506412
"4023","9779","1","0","1","2",0,-0.517830468403387,-0.368686684538331,-0.455418664291706,-0.0849509912336239,1.22459298388913,-1.34147440207727,1.04654472647081,0.31780716904046,0.0675649386032631,0.507013405506412
"4024","9779","1","0","1","2",0,-0.517830468403387,-0.368686684538331,-0.455418664291706,-0.0849509912336239,-1.22459298388913,-0.447158134025757,1.1187202248481,0.31780716904046,0.0675649386032631,0.507013405506412
"4025","9779","1","0","1","2",0,-0.517830468403387,-0.368686684538331,-0.455418664291706,-0.0849509912336239,0,-0.447158134025757,1.1908957232254,0.31780716904046,0.0675649386032631,0.507013405506412
"4026","9779","0","0","1","2",0,-0.517830468403387,-0.368686684538331,-0.455418664291706,-0.0849509912336239,1.22459298388913,-0.447158134025757,1.2630712216027,0.31780716904046,0.0675649386032631,0.507013405506412
"4027","9779","1","0","1","2",0,-0.517830468403387,-0.368686684538331,-0.455418664291706,-0.0849509912336239,-1.22459298388913,0.447158134025757,1.33524671998,0.31780716904046,0.0675649386032631,0.507013405506412
"4028","9779","1","0","1","2",0,-0.517830468403387,-0.368686684538331,-0.455418664291706,-0.0849509912336239,0,0.447158134025757,1.40742221835729,0.31780716904046,0.0675649386032631,0.507013405506412
"4029","9779","1","0","1","2",0,-0.517830468403387,-0.368686684538331,-0.455418664291706,-0.0849509912336239,1.22459298388913,0.447158134025757,1.47959771673459,0.31780716904046,0.0675649386032631,0.507013405506412
"4030","9779","1","0","1","2",0,-0.517830468403387,-0.368686684538331,-0.455418664291706,-0.0849509912336239,-1.22459298388913,1.34147440207727,1.55177321511189,0.31780716904046,0.0675649386032631,0.507013405506412
"4031","9779","0","0","1","2",0,-0.517830468403387,-0.368686684538331,-0.455418664291706,-0.0849509912336239,0,1.34147440207727,1.62394871348918,0.31780716904046,0.0675649386032631,0.507013405506412
"4032","9779","0","0","1","2",0,-0.517830468403387,-0.368686684538331,-0.455418664291706,-0.0849509912336239,1.22459298388913,1.34147440207727,1.69612421186648,0.31780716904046,0.0675649386032631,0.507013405506412
